tsuyoshi.nozawa	SMTC_D_JUDG1_PM	2018/11/20 16:08:36.354	Frm_Dig0300_Shinsa	START	一次審査開始	40012552	SMTC_TYPE05	2	初回
tsuyoshi.nozawa	SMTC_D_JUDG1_PM	2018/11/20 16:08:43.749	Frm_Dig0300_Shinsa	50020	なし	40012552	SMTC_TYPE05	2	初回
tsuyoshi.nozawa	SMTC_D_JUDG1_PM	2018/11/20 16:08:45.543	Frm_Dig0300_Shinsa	50110	あり	40012552	SMTC_TYPE05	2	初回
tsuyoshi.nozawa	SMTC_D_JUDG1_PM	2018/11/20 16:08:48.912	Frm_Dig0300_Shinsa	50120	訂正がない	40012552	SMTC_TYPE05	2	初回
tsuyoshi.nozawa	SMTC_D_JUDG1_PM	2018/11/20 16:08:51.003	Frm_Dig0300_Shinsa	50135	レ点チェックなし、不鮮明	40012552	SMTC_TYPE05	2	初回
tsuyoshi.nozawa	SMTC_D_JUDG1_PM	2018/11/20 16:08:53.452	Frm_Dig0300_Shinsa	50140	鮮明、または、捺印なし　	40012552	SMTC_TYPE05	2	初回
tsuyoshi.nozawa	SMTC_D_JUDG1_PM	2018/11/20 16:08:54.747	Frm_Dig0300_Shinsa	40110	なし	40012552	SMTC_TYPE05	2	初回
tsuyoshi.nozawa	SMTC_D_JUDG1_PM	2018/11/20 16:09:00.628	Frm_Dig0300_Shinsa	40120	書類	40012552	SMTC_TYPE05	2	初回
tsuyoshi.nozawa	SMTC_D_JUDG1_PM	2018/11/20 16:09:08.397	Frm_Dig0300_Shinsa	40121	年月日	40012552	SMTC_TYPE05	2	初回
tsuyoshi.nozawa	SMTC_D_JUDG1_PM	2018/11/20 16:09:11.033	Frm_Dig0300_Shinsa	40130	書類添付なし	40012552	SMTC_TYPE05	2	初回
tsuyoshi.nozawa	SMTC_D_JUDG1_PM	2018/11/20 16:09:13.233	Frm_Dig0300_Shinsa	40170	JP：日本国	40012552	SMTC_TYPE05	2	初回
tsuyoshi.nozawa	SMTC_D_JUDG1_PM	2018/11/20 16:09:16.103	Frm_Dig0300_Shinsa	40190	書類	40012552	SMTC_TYPE05	2	初回
tsuyoshi.nozawa	SMTC_D_JUDG1_PM	2018/11/20 16:09:19.098	Frm_Dig0300_Shinsa	40200	一致	40012552	SMTC_TYPE05	2	初回
tsuyoshi.nozawa	SMTC_D_JUDG1_PM	2018/11/20 16:09:23.888	Frm_Dig0300_Shinsa	40210	一致	40012552	SMTC_TYPE05	2	初回
tsuyoshi.nozawa	SMTC_D_JUDG1_PM	2018/11/20 16:09:31.157	Frm_Dig0300_Shinsa	40220	一致	40012552	SMTC_TYPE05	2	初回
tsuyoshi.nozawa	SMTC_D_JUDG1_PM	2018/11/20 16:09:39.222	Frm_Dig0300_Shinsa	40250	年月日	40012552	SMTC_TYPE05	2	初回
tsuyoshi.nozawa	SMTC_D_JUDG1_PM	2018/11/20 16:09:44.589	Frm_Dig0300_Shinsa	40260	年月日	40012552	SMTC_TYPE05	2	初回
tsuyoshi.nozawa	SMTC_D_JUDG1_PM	2018/11/20 16:09:50.595	Frm_Dig0300_Shinsa	40270	00000	40012552	SMTC_TYPE05	2	初回
tsuyoshi.nozawa	SMTC_D_JUDG1_PM	2018/11/20 16:09:52.342	Frm_Dig0300_Shinsa	40290	あり	40012552	SMTC_TYPE05	2	初回
tsuyoshi.nozawa	SMTC_D_JUDG1_PM	2018/11/20 16:09:56.928	Frm_Dig0300_Shinsa	40300	年月日	40012552	SMTC_TYPE05	2	初回
tsuyoshi.nozawa	SMTC_D_JUDG1_PM	2018/11/20 16:09:59.456	Frm_Dig0300_Shinsa	40310	裏面なし／記載なし	40012552	SMTC_TYPE05	2	初回
tsuyoshi.nozawa	SMTC_D_JUDG1_PM	2018/11/20 16:10:00.813	Frm_Dig0300_Shinsa	40320	記載なし／裏面なし	40012552	SMTC_TYPE05	2	初回
tsuyoshi.nozawa	SMTC_D_JUDG1_PM	2018/11/20 16:10:04.042	Frm_Dig0300_Shinsa	50710	なし	40012552	SMTC_TYPE05	2	初回
tsuyoshi.nozawa	SMTC_D_JUDG1_PM	2018/11/20 16:10:05.540	Frm_Dig0300_Shinsa	50690	なし	40012552	SMTC_TYPE05	2	初回
tsuyoshi.nozawa	SMTC_D_JUDG1_PM	2018/11/20 16:10:06.928	Frm_Dig0300_Shinsa	50700	なし	40012552	SMTC_TYPE05	2	初回
tsuyoshi.nozawa	SMTC_D_JUDG1_PM	2018/11/20 16:10:12.606	Frm_Dig0300_Shinsa	50730	記載なし	40012552	SMTC_TYPE05	2	初回
tsuyoshi.nozawa	SMTC_D_JUDG1_PM	2018/11/20 16:10:14.759	Frm_Dig0300_Shinsa	50740	添付なし	40012552	SMTC_TYPE05	2	初回
tsuyoshi.nozawa	SMTC_D_JUDG1_PM	2018/11/20 16:10:16.858	Frm_Dig0300_Shinsa	END	一次審査終了	40012552	SMTC_TYPE05	2	初回
tsuyoshi.nozawa	SMTC_D_JUDG1_PM	2018/11/20 16:10:18.804	Frm_Dig0300_Shinsa	START	一次審査開始	40012618	SMTC_TYPE05	2	初回
tsuyoshi.nozawa	SMTC_D_JUDG1_PM	2018/11/20 16:10:30.550	Frm_Dig0300_Shinsa	50020	なし	40012618	SMTC_TYPE05	2	初回
tsuyoshi.nozawa	SMTC_D_JUDG1_PM	2018/11/20 16:10:32.610	Frm_Dig0300_Shinsa	50110	あり	40012618	SMTC_TYPE05	2	初回
tsuyoshi.nozawa	SMTC_D_JUDG1_PM	2018/11/20 16:10:37.024	Frm_Dig0300_Shinsa	50120	訂正がない	40012618	SMTC_TYPE05	2	初回
tsuyoshi.nozawa	SMTC_D_JUDG1_PM	2018/11/20 16:10:38.647	Frm_Dig0300_Shinsa	50135	レ点チェックなし、不鮮明	40012618	SMTC_TYPE05	2	初回
tsuyoshi.nozawa	SMTC_D_JUDG1_PM	2018/11/20 16:10:42.063	Frm_Dig0300_Shinsa	50140	鮮明、または、捺印なし　	40012618	SMTC_TYPE05	2	初回
tsuyoshi.nozawa	SMTC_D_JUDG1_PM	2018/11/20 16:10:43.452	Frm_Dig0300_Shinsa	40110	なし	40012618	SMTC_TYPE05	2	初回
tsuyoshi.nozawa	SMTC_D_JUDG1_PM	2018/11/20 16:10:59.488	Frm_Dig0300_Shinsa	40120	書類	40012618	SMTC_TYPE05	2	初回
tsuyoshi.nozawa	SMTC_D_JUDG1_PM	2018/11/20 16:11:06.477	Frm_Dig0300_Shinsa	40121	年月日	40012618	SMTC_TYPE05	2	初回
tsuyoshi.nozawa	SMTC_D_JUDG1_PM	2018/11/20 16:11:12.982	Frm_Dig0300_Shinsa	40130	書類添付なし	40012618	SMTC_TYPE05	2	初回
tsuyoshi.nozawa	SMTC_D_JUDG1_PM	2018/11/20 16:11:15.806	Frm_Dig0300_Shinsa	40170	JP：日本国	40012618	SMTC_TYPE05	2	初回
tsuyoshi.nozawa	SMTC_D_JUDG1_PM	2018/11/20 16:11:18.801	Frm_Dig0300_Shinsa	40190	書類	40012618	SMTC_TYPE05	2	初回
tsuyoshi.nozawa	SMTC_D_JUDG1_PM	2018/11/20 16:11:21.516	Frm_Dig0300_Shinsa	40200	一致	40012618	SMTC_TYPE05	2	初回
tsuyoshi.nozawa	SMTC_D_JUDG1_PM	2018/11/20 16:11:25.509	Frm_Dig0300_Shinsa	40210	一致	40012618	SMTC_TYPE05	2	初回
tsuyoshi.nozawa	SMTC_D_JUDG1_PM	2018/11/20 16:12:28.720	Frm_Dig0300_Shinsa	40220	一致	40012618	SMTC_TYPE05	2	初回
tsuyoshi.nozawa	SMTC_D_JUDG1_PM	2018/11/20 16:12:33.042	Frm_Dig0300_Shinsa	40250	年月日	40012618	SMTC_TYPE05	2	初回
tsuyoshi.nozawa	SMTC_D_JUDG1_PM	2018/11/20 16:13:30.138	Frm_Dig0300_Shinsa	40260	年月日	40012618	SMTC_TYPE05	2	初回
tsuyoshi.nozawa	SMTC_D_JUDG1_PM	2018/11/20 16:13:34.927	Frm_Dig0300_Shinsa	40270	00000	40012618	SMTC_TYPE05	2	初回
tsuyoshi.nozawa	SMTC_D_JUDG1_PM	2018/11/20 16:13:38.624	Frm_Dig0300_Shinsa	40290	あり	40012618	SMTC_TYPE05	2	初回
tsuyoshi.nozawa	SMTC_D_JUDG1_PM	2018/11/20 16:13:44.100	Frm_Dig0300_Shinsa	40300	年月日	40012618	SMTC_TYPE05	2	初回
tsuyoshi.nozawa	SMTC_D_JUDG1_PM	2018/11/20 16:13:46.861	Frm_Dig0300_Shinsa	40310	裏面なし／記載なし	40012618	SMTC_TYPE05	2	初回
tsuyoshi.nozawa	SMTC_D_JUDG1_PM	2018/11/20 16:13:47.859	Frm_Dig0300_Shinsa	40320	記載なし／裏面なし	40012618	SMTC_TYPE05	2	初回
tsuyoshi.nozawa	SMTC_D_JUDG1_PM	2018/11/20 16:13:49.123	Frm_Dig0300_Shinsa	50710	なし	40012618	SMTC_TYPE05	2	初回
tsuyoshi.nozawa	SMTC_D_JUDG1_PM	2018/11/20 16:13:50.340	Frm_Dig0300_Shinsa	50690	なし	40012618	SMTC_TYPE05	2	初回
tsuyoshi.nozawa	SMTC_D_JUDG1_PM	2018/11/20 16:13:51.369	Frm_Dig0300_Shinsa	50700	なし	40012618	SMTC_TYPE05	2	初回
tsuyoshi.nozawa	SMTC_D_JUDG1_PM	2018/11/20 16:13:54.224	Frm_Dig0300_Shinsa	50730	記載あり	40012618	SMTC_TYPE05	2	初回
tsuyoshi.nozawa	SMTC_D_JUDG1_PM	2018/11/20 16:13:56.190	Frm_Dig0300_Shinsa	50740	添付なし	40012618	SMTC_TYPE05	2	初回
tsuyoshi.nozawa	SMTC_D_JUDG1_PM	2018/11/20 16:13:58.125	Frm_Dig0300_Shinsa	END	一次審査終了	40012618	SMTC_TYPE05	2	初回
tsuyoshi.nozawa	SMTC_D_JUDG1_PM	2018/11/20 16:14:02.874	Frm_Dig0300_Shinsa	START	一次審査開始	40012605	SMTC_TYPE05	3	初回
tsuyoshi.nozawa	SMTC_D_JUDG1_PM	2018/11/20 16:14:24.012	Frm_Dig0300_Shinsa	50020	なし	40012605	SMTC_TYPE05	3	初回
tsuyoshi.nozawa	SMTC_D_JUDG1_PM	2018/11/20 16:14:25.994	Frm_Dig0300_Shinsa	50110	あり	40012605	SMTC_TYPE05	3	初回
tsuyoshi.nozawa	SMTC_D_JUDG1_PM	2018/11/20 16:14:31.906	Frm_Dig0300_Shinsa	50120	訂正がない	40012605	SMTC_TYPE05	3	初回
tsuyoshi.nozawa	SMTC_D_JUDG1_PM	2018/11/20 16:14:34.199	Frm_Dig0300_Shinsa	50135	レ点チェックなし、不鮮明	40012605	SMTC_TYPE05	3	初回
tsuyoshi.nozawa	SMTC_D_JUDG1_PM	2018/11/20 16:14:35.697	Frm_Dig0300_Shinsa	50140	鮮明、または、捺印なし　	40012605	SMTC_TYPE05	3	初回
tsuyoshi.nozawa	SMTC_D_JUDG1_PM	2018/11/20 16:14:36.945	Frm_Dig0300_Shinsa	40110	なし	40012605	SMTC_TYPE05	3	初回
tsuyoshi.nozawa	SMTC_D_JUDG1_PM	2018/11/20 16:14:49.097	Frm_Dig0300_Shinsa	40120	書類	40012605	SMTC_TYPE05	3	初回
tsuyoshi.nozawa	SMTC_D_JUDG1_PM	2018/11/20 16:15:05.259	Frm_Dig0300_Shinsa	40121	年月日	40012605	SMTC_TYPE05	3	初回
tsuyoshi.nozawa	SMTC_D_JUDG1_PM	2018/11/20 16:15:08.550	Frm_Dig0300_Shinsa	40130	書類添付なし	40012605	SMTC_TYPE05	3	初回
tsuyoshi.nozawa	SMTC_D_JUDG1_PM	2018/11/20 16:15:11.280	Frm_Dig0300_Shinsa	40170	JP：日本国	40012605	SMTC_TYPE05	3	初回
tsuyoshi.nozawa	SMTC_D_JUDG1_PM	2018/11/20 16:15:19.798	Frm_Dig0300_Shinsa	40190	書類	40012605	SMTC_TYPE05	3	初回
tsuyoshi.nozawa	SMTC_D_JUDG1_PM	2018/11/20 16:15:40.218	Frm_Dig0300_Shinsa	40200	一致	40012605	SMTC_TYPE05	3	初回
tsuyoshi.nozawa	SMTC_D_JUDG1_PM	2018/11/20 16:15:48.332	Frm_Dig0300_Shinsa	40210	一致	40012605	SMTC_TYPE05	3	初回
tsuyoshi.nozawa	SMTC_D_JUDG1_PM	2018/11/20 16:16:12.348	Frm_Dig0300_Shinsa	40220	一致	40012605	SMTC_TYPE05	3	初回
tsuyoshi.nozawa	SMTC_D_JUDG1_PM	2018/11/20 16:16:31.777	Frm_Dig0300_Shinsa	40250	年月日	40012605	SMTC_TYPE05	3	初回
tsuyoshi.nozawa	SMTC_D_JUDG1_PM	2018/11/20 16:16:37.426	Frm_Dig0300_Shinsa	40260	年月日	40012605	SMTC_TYPE05	3	初回
tsuyoshi.nozawa	SMTC_D_JUDG1_PM	2018/11/20 16:16:41.733	Frm_Dig0300_Shinsa	40270	00000	40012605	SMTC_TYPE05	3	初回
tsuyoshi.nozawa	SMTC_D_JUDG1_PM	2018/11/20 16:16:57.790	Frm_Dig0300_Shinsa	40400	添付なし	40012605	SMTC_TYPE05	3	初回
tsuyoshi.nozawa	SMTC_D_JUDG1_PM	2018/11/20 16:17:00.662	Frm_Dig0300_Shinsa	40410	不一致	40012605	SMTC_TYPE05	3	初回
tsuyoshi.nozawa	SMTC_D_JUDG1_PM	2018/11/20 16:17:17.266	Frm_Dig0300_Shinsa	40420	あり、またはカード確認書に承認印あり	40012605	SMTC_TYPE05	3	初回
tsuyoshi.nozawa	SMTC_D_JUDG1_PM	2018/11/20 16:17:53.688	Frm_Dig0300_Shinsa	50710	なし	40012605	SMTC_TYPE05	3	初回
tsuyoshi.nozawa	SMTC_D_JUDG1_PM	2018/11/20 16:17:55.108	Frm_Dig0300_Shinsa	50690	なし	40012605	SMTC_TYPE05	3	初回
tsuyoshi.nozawa	SMTC_D_JUDG1_PM	2018/11/20 16:17:56.013	Frm_Dig0300_Shinsa	50700	なし	40012605	SMTC_TYPE05	3	初回
tsuyoshi.nozawa	SMTC_D_JUDG1_PM	2018/11/20 16:18:10.760	Frm_Dig0300_Shinsa	50730	記載あり	40012605	SMTC_TYPE05	3	初回
tsuyoshi.nozawa	SMTC_D_JUDG1_PM	2018/11/20 16:18:13.616	Frm_Dig0300_Shinsa	50740	添付なし	40012605	SMTC_TYPE05	3	初回
tsuyoshi.nozawa	SMTC_D_JUDG1_PM	2018/11/20 16:18:15.618	Frm_Dig0300_Shinsa	END	一次審査終了	40012605	SMTC_TYPE05	3	初回
tsuyoshi.nozawa	SMTC_D_JUDG1_PM	2018/11/20 16:18:17.117	Frm_Dig0300_Shinsa	START	一次審査開始	40012762	SMTC_TYPE05	3	初回
tsuyoshi.nozawa	SMTC_D_JUDG1_PM	2018/11/20 16:18:32.987	Frm_Dig0300_Shinsa	50020	なし	40012762	SMTC_TYPE05	3	初回
tsuyoshi.nozawa	SMTC_D_JUDG1_PM	2018/11/20 16:24:05.527	Frm_Dig0300_Shinsa	50110	あり	40012762	SMTC_TYPE05	3	初回
tsuyoshi.nozawa	SMTC_D_JUDG1_PM	2018/11/20 16:24:11.799	Frm_Dig0300_Shinsa	50120	訂正がない	40012762	SMTC_TYPE05	3	初回
tsuyoshi.nozawa	SMTC_D_JUDG1_PM	2018/11/20 16:24:14.654	Frm_Dig0300_Shinsa	50135	レ点チェックなし、不鮮明	40012762	SMTC_TYPE05	3	初回
tsuyoshi.nozawa	SMTC_D_JUDG1_PM	2018/11/20 16:24:16.277	Frm_Dig0300_Shinsa	50140	鮮明、または、捺印なし　	40012762	SMTC_TYPE05	3	初回
tsuyoshi.nozawa	SMTC_D_JUDG1_PM	2018/11/20 16:24:37.402	Frm_Dig0300_Shinsa	40110	なし	40012762	SMTC_TYPE05	3	初回
tsuyoshi.nozawa	SMTC_D_JUDG1_PM	2018/11/20 16:26:33.289	Frm_Dig0300_Shinsa	40120	書類	40012762	SMTC_TYPE05	3	初回
tsuyoshi.nozawa	SMTC_D_JUDG1_PM	2018/11/20 16:26:39.232	Frm_Dig0300_Shinsa	40121	年月日	40012762	SMTC_TYPE05	3	初回
tsuyoshi.nozawa	SMTC_D_JUDG1_PM	2018/11/20 16:26:42.275	Frm_Dig0300_Shinsa	40130	書類添付なし	40012762	SMTC_TYPE05	3	初回
tsuyoshi.nozawa	SMTC_D_JUDG1_PM	2018/11/20 16:26:44.505	Frm_Dig0300_Shinsa	40170	JP：日本国	40012762	SMTC_TYPE05	3	初回
tsuyoshi.nozawa	SMTC_D_JUDG1_PM	2018/11/20 16:26:47.267	Frm_Dig0300_Shinsa	40190	書類	40012762	SMTC_TYPE05	3	初回
tsuyoshi.nozawa	SMTC_D_JUDG1_PM	2018/11/20 16:26:49.154	Frm_Dig0300_Shinsa	40200	一致	40012762	SMTC_TYPE05	3	初回
tsuyoshi.nozawa	SMTC_D_JUDG1_PM	2018/11/20 16:26:56.534	Frm_Dig0300_Shinsa	40210	一致	40012762	SMTC_TYPE05	3	初回
tsuyoshi.nozawa	SMTC_D_JUDG1_PM	2018/11/20 16:27:07.860	Frm_Dig0300_Shinsa	40220	一致	40012762	SMTC_TYPE05	3	初回
tsuyoshi.nozawa	SMTC_D_JUDG1_PM	2018/11/20 16:27:21.479	Frm_Dig0300_Shinsa	40250	年月日	40012762	SMTC_TYPE05	3	初回
tsuyoshi.nozawa	SMTC_D_JUDG1_PM	2018/11/20 16:27:26.659	Frm_Dig0300_Shinsa	40260	年月日	40012762	SMTC_TYPE05	3	初回
tsuyoshi.nozawa	SMTC_D_JUDG1_PM	2018/11/20 16:27:31.651	Frm_Dig0300_Shinsa	40270	00000	40012762	SMTC_TYPE05	3	初回
tsuyoshi.nozawa	SMTC_D_JUDG1_PM	2018/11/20 16:27:33.367	Frm_Dig0300_Shinsa	40290	あり	40012762	SMTC_TYPE05	3	初回
tsuyoshi.nozawa	SMTC_D_JUDG1_PM	2018/11/20 16:27:38.499	Frm_Dig0300_Shinsa	40300	年月日	40012762	SMTC_TYPE05	3	初回
tsuyoshi.nozawa	SMTC_D_JUDG1_PM	2018/11/20 16:29:40.880	Frm_Dig0300_Shinsa	40310	あり	40012762	SMTC_TYPE05	3	初回
tsuyoshi.nozawa	SMTC_D_JUDG1_PM	2018/11/20 16:29:41.675	Frm_Dig0300_Shinsa	40320	すべて記載あり	40012762	SMTC_TYPE05	3	初回
tsuyoshi.nozawa	SMTC_D_JUDG1_PM	2018/11/20 16:29:52.955	Frm_Dig0300_Shinsa	40400	添付あり	40012762	SMTC_TYPE05	3	初回
tsuyoshi.nozawa	SMTC_D_JUDG1_PM	2018/11/20 16:32:17.071	Frm_Dig0300_Shinsa	40410	一致	40012762	SMTC_TYPE05	3	初回
tsuyoshi.nozawa	SMTC_D_JUDG1_PM	2018/11/20 16:32:30.472	Frm_Dig0300_Shinsa	40420	あり、またはカード確認書に承認印あり	40012762	SMTC_TYPE05	3	初回
tsuyoshi.nozawa	SMTC_D_JUDG1_PM	2018/11/20 16:32:32.234	Frm_Dig0300_Shinsa	50710	なし	40012762	SMTC_TYPE05	3	初回
tsuyoshi.nozawa	SMTC_D_JUDG1_PM	2018/11/20 16:32:33.904	Frm_Dig0300_Shinsa	50690	なし	40012762	SMTC_TYPE05	3	初回
tsuyoshi.nozawa	SMTC_D_JUDG1_PM	2018/11/20 16:32:35.308	Frm_Dig0300_Shinsa	50700	なし	40012762	SMTC_TYPE05	3	初回
tsuyoshi.nozawa	SMTC_D_JUDG1_PM	2018/11/20 16:32:43.435	Frm_Dig0300_Shinsa	50730	記載なし	40012762	SMTC_TYPE05	3	初回
tsuyoshi.nozawa	SMTC_D_JUDG1_PM	2018/11/20 16:32:46.165	Frm_Dig0300_Shinsa	50740	添付なし	40012762	SMTC_TYPE05	3	初回
tsuyoshi.nozawa	SMTC_D_JUDG1_PM	2018/11/20 16:32:47.969	Frm_Dig0300_Shinsa	END	一次審査終了	40012762	SMTC_TYPE05	3	初回
tsuyoshi.nozawa	SMTC_D_JUDG1_PM	2018/11/20 16:32:49.289	Frm_Dig0300_Shinsa	START	一次審査開始	40013185	SMTC_TYPE05	2	初回
tsuyoshi.nozawa	SMTC_D_JUDG1_PM	2018/11/20 16:33:01.598	Frm_Dig0300_Shinsa	50020	なし	40013185	SMTC_TYPE05	2	初回
tsuyoshi.nozawa	SMTC_D_JUDG1_PM	2018/11/20 16:33:04.281	Frm_Dig0300_Shinsa	50110	あり	40013185	SMTC_TYPE05	2	初回
tsuyoshi.nozawa	SMTC_D_JUDG1_PM	2018/11/20 16:33:06.184	Frm_Dig0300_Shinsa	50120	訂正がない	40013185	SMTC_TYPE05	2	初回
tsuyoshi.nozawa	SMTC_D_JUDG1_PM	2018/11/20 16:33:09.601	Frm_Dig0300_Shinsa	50135	レ点チェックなし、不鮮明	40013185	SMTC_TYPE05	2	初回
tsuyoshi.nozawa	SMTC_D_JUDG1_PM	2018/11/20 16:33:12.050	Frm_Dig0300_Shinsa	50140	鮮明、または、捺印なし　	40013185	SMTC_TYPE05	2	初回
tsuyoshi.nozawa	SMTC_D_JUDG1_PM	2018/11/20 16:33:13.314	Frm_Dig0300_Shinsa	40110	なし	40013185	SMTC_TYPE05	2	初回
tsuyoshi.nozawa	SMTC_D_JUDG1_PM	2018/11/20 16:33:16.777	Frm_Dig0300_Shinsa	40120	書類	40013185	SMTC_TYPE05	2	初回
tsuyoshi.nozawa	SMTC_D_JUDG1_PM	2018/11/20 16:34:27.117	Frm_Dig0300_Shinsa	40121	年月日	40013185	SMTC_TYPE05	2	初回
tsuyoshi.nozawa	SMTC_D_JUDG1_PM	2018/11/20 16:34:29.660	Frm_Dig0300_Shinsa	40130	書類添付なし	40013185	SMTC_TYPE05	2	初回
tsuyoshi.nozawa	SMTC_D_JUDG1_PM	2018/11/20 16:34:31.610	Frm_Dig0300_Shinsa	40170	JP：日本国	40013185	SMTC_TYPE05	2	初回
tsuyoshi.nozawa	SMTC_D_JUDG1_PM	2018/11/20 16:34:34.184	Frm_Dig0300_Shinsa	40190	書類	40013185	SMTC_TYPE05	2	初回
tsuyoshi.nozawa	SMTC_D_JUDG1_PM	2018/11/20 16:34:36.166	Frm_Dig0300_Shinsa	40200	一致	40013185	SMTC_TYPE05	2	初回
tsuyoshi.nozawa	SMTC_D_JUDG1_PM	2018/11/20 16:34:38.896	Frm_Dig0300_Shinsa	40210	一致	40013185	SMTC_TYPE05	2	初回
tsuyoshi.nozawa	SMTC_D_JUDG1_PM	2018/11/20 16:34:45.947	Frm_Dig0300_Shinsa	40220	一致	40013185	SMTC_TYPE05	2	初回
tsuyoshi.nozawa	SMTC_D_JUDG1_PM	2018/11/20 16:34:50.736	Frm_Dig0300_Shinsa	40250	年月日	40013185	SMTC_TYPE05	2	初回
tsuyoshi.nozawa	SMTC_D_JUDG1_PM	2018/11/20 16:34:55.104	Frm_Dig0300_Shinsa	40260	年月日	40013185	SMTC_TYPE05	2	初回
tsuyoshi.nozawa	SMTC_D_JUDG1_PM	2018/11/20 16:35:01.844	Frm_Dig0300_Shinsa	40270	00000	40013185	SMTC_TYPE05	2	初回
tsuyoshi.nozawa	SMTC_D_JUDG1_PM	2018/11/20 16:35:03.887	Frm_Dig0300_Shinsa	40290	あり	40013185	SMTC_TYPE05	2	初回
tsuyoshi.nozawa	SMTC_D_JUDG1_PM	2018/11/20 16:35:13.169	Frm_Dig0300_Shinsa	40300	年月日	40013185	SMTC_TYPE05	2	初回
tsuyoshi.nozawa	SMTC_D_JUDG1_PM	2018/11/20 16:35:15.884	Frm_Dig0300_Shinsa	40310	あり	40013185	SMTC_TYPE05	2	初回
tsuyoshi.nozawa	SMTC_D_JUDG1_PM	2018/11/20 16:35:16.617	Frm_Dig0300_Shinsa	40320	すべて記載あり	40013185	SMTC_TYPE05	2	初回
tsuyoshi.nozawa	SMTC_D_JUDG1_PM	2018/11/20 16:35:20.876	Frm_Dig0300_Shinsa	40400	添付あり	40013185	SMTC_TYPE05	2	初回
tsuyoshi.nozawa	SMTC_D_JUDG1_PM	2018/11/20 16:35:25.369	Frm_Dig0300_Shinsa	40410	一致	40013185	SMTC_TYPE05	2	初回
tsuyoshi.nozawa	SMTC_D_JUDG1_PM	2018/11/20 16:35:30.267	Frm_Dig0300_Shinsa	40420	あり、またはカード確認書に承認印あり	40013185	SMTC_TYPE05	2	初回
tsuyoshi.nozawa	SMTC_D_JUDG1_PM	2018/11/20 16:35:31.858	Frm_Dig0300_Shinsa	50710	なし	40013185	SMTC_TYPE05	2	初回
tsuyoshi.nozawa	SMTC_D_JUDG1_PM	2018/11/20 16:35:36.086	Frm_Dig0300_Shinsa	50690	なし	40013185	SMTC_TYPE05	2	初回
tsuyoshi.nozawa	SMTC_D_JUDG1_PM	2018/11/20 16:35:36.866	Frm_Dig0300_Shinsa	50700	なし	40013185	SMTC_TYPE05	2	初回
tsuyoshi.nozawa	SMTC_D_JUDG1_PM	2018/11/20 16:35:37.880	Frm_Dig0300_Shinsa	50730	記載なし	40013185	SMTC_TYPE05	2	初回
tsuyoshi.nozawa	SMTC_D_JUDG1_PM	2018/11/20 16:35:40.563	Frm_Dig0300_Shinsa	50740	添付なし	40013185	SMTC_TYPE05	2	初回
tsuyoshi.nozawa	SMTC_D_JUDG1_PM	2018/11/20 16:35:43.942	Frm_Dig0300_Shinsa	END	一次審査終了	40013185	SMTC_TYPE05	2	初回
tsuyoshi.nozawa	SMTC_D_JUDG2_PM	2018/11/20 16:37:41.716	Frm_Dig0300_Shinsa	START	二次審査開始	50007834	SMTC_TYPE04	3	初回
tsuyoshi.nozawa	SMTC_D_JUDG2_PM	2018/11/20 16:37:54.649	Frm_Dig0300_Shinsa	10010	通常申込書	50007834	SMTC_TYPE04	3	初回
tsuyoshi.nozawa	SMTC_D_JUDG2_PM	2018/11/20 16:37:59.079	Frm_Dig0300_Shinsa	10020	あり	50007834	SMTC_TYPE04	3	初回
tsuyoshi.nozawa	SMTC_D_JUDG2_PM	2018/11/20 16:38:02.449	Frm_Dig0300_Shinsa	10630	なし	50007834	SMTC_TYPE04	3	初回
tsuyoshi.nozawa	SMTC_D_JUDG2_PM	2018/11/20 16:38:04.914	Frm_Dig0300_Shinsa	10030	訂正がない	50007834	SMTC_TYPE04	3	初回
tsuyoshi.nozawa	SMTC_D_JUDG2_PM	2018/11/20 16:38:07.815	Frm_Dig0300_Shinsa	10040	法人口座	50007834	SMTC_TYPE04	3	初回
tsuyoshi.nozawa	SMTC_D_JUDG2_PM	2018/11/20 16:38:24.476	Frm_Dig0300_Shinsa	10050	法人口座	50007834	SMTC_TYPE04	3	初回
tsuyoshi.nozawa	SMTC_D_JUDG2_PM	2018/11/20 16:38:27.628	Frm_Dig0300_Shinsa	10750	対象外の金融機関を指定	50007834	SMTC_TYPE04	3	初回
tsuyoshi.nozawa	SMTC_D_JUDG2_PM	2018/11/20 16:38:29.453	Frm_Dig0300_Shinsa	10070	鮮明、または、捺印なし　	50007834	SMTC_TYPE04	3	初回
tsuyoshi.nozawa	SMTC_D_JUDG2_PM	2018/11/20 16:38:31.262	Frm_Dig0300_Shinsa	10640	なし	50007834	SMTC_TYPE04	3	初回
tsuyoshi.nozawa	SMTC_D_JUDG2_PM	2018/11/20 16:38:33.493	Frm_Dig0300_Shinsa	10080	あり	50007834	SMTC_TYPE04	3	初回
tsuyoshi.nozawa	SMTC_D_JUDG2_PM	2018/11/20 16:38:37.175	Frm_Dig0300_Shinsa	10700	なし	50007834	SMTC_TYPE04	3	初回
tsuyoshi.nozawa	SMTC_D_JUDG2_PM	2018/11/20 16:38:39.671	Frm_Dig0300_Shinsa	10090	訂正がない	50007834	SMTC_TYPE04	3	初回
tsuyoshi.nozawa	SMTC_D_JUDG2_PM	2018/11/20 16:38:41.558	Frm_Dig0300_Shinsa	10110	鮮明、または、捺印なし　	50007834	SMTC_TYPE04	3	初回
tsuyoshi.nozawa	SMTC_D_JUDG2_PM	2018/11/20 16:38:43.009	Frm_Dig0300_Shinsa	10620	なし	50007834	SMTC_TYPE04	3	初回
tsuyoshi.nozawa	SMTC_D_JUDG2_PM	2018/11/20 16:38:45.895	Frm_Dig0300_Shinsa	10120	書類	50007834	SMTC_TYPE04	3	初回
tsuyoshi.nozawa	SMTC_D_JUDG2_PM	2018/11/20 16:38:52.728	Frm_Dig0300_Shinsa	10121	年月日	50007834	SMTC_TYPE04	3	初回
tsuyoshi.nozawa	SMTC_D_JUDG2_PM	2018/11/20 16:38:55.567	Frm_Dig0300_Shinsa	10130	書類添付なし	50007834	SMTC_TYPE04	3	初回
tsuyoshi.nozawa	SMTC_D_JUDG2_PM	2018/11/20 16:38:58.313	Frm_Dig0300_Shinsa	10170	JP：日本国	50007834	SMTC_TYPE04	3	初回
tsuyoshi.nozawa	SMTC_D_JUDG2_PM	2018/11/20 16:39:01.121	Frm_Dig0300_Shinsa	10190	書類	50007834	SMTC_TYPE04	3	初回
tsuyoshi.nozawa	SMTC_D_JUDG2_PM	2018/11/20 16:39:08.172	Frm_Dig0300_Shinsa	10200	一致	50007834	SMTC_TYPE04	3	初回
tsuyoshi.nozawa	SMTC_D_JUDG2_PM	2018/11/20 16:39:20.793	Frm_Dig0300_Shinsa	10210	一致	50007834	SMTC_TYPE04	3	初回
tsuyoshi.nozawa	SMTC_D_JUDG2_PM	2018/11/20 16:39:28.671	Frm_Dig0300_Shinsa	10220	一致	50007834	SMTC_TYPE04	3	初回
tsuyoshi.nozawa	SMTC_D_JUDG2_PM	2018/11/20 16:39:39.934	Frm_Dig0300_Shinsa	10250	年月日	50007834	SMTC_TYPE04	3	初回
tsuyoshi.nozawa	SMTC_D_JUDG2_PM	2018/11/20 16:39:45.410	Frm_Dig0300_Shinsa	10260	年月日	50007834	SMTC_TYPE04	3	初回
tsuyoshi.nozawa	SMTC_D_JUDG2_PM	2018/11/20 16:39:54.208	Frm_Dig0300_Shinsa	10270	00000	50007834	SMTC_TYPE04	3	初回
tsuyoshi.nozawa	SMTC_D_JUDG2_PM	2018/11/20 17:07:55.717	Frm_Dig0300_Shinsa	10290	あり	50007834	SMTC_TYPE04	3	初回
tsuyoshi.nozawa	SMTC_D_JUDG2_PM	2018/11/20 17:08:27.728	Frm_Dig0300_Shinsa	10300	年月日	50007834	SMTC_TYPE04	3	初回
tsuyoshi.nozawa	SMTC_D_JUDG2_PM	2018/11/20 17:11:13.104	Frm_Dig0300_Shinsa	10310	裏面なし	50007834	SMTC_TYPE04	3	初回
tsuyoshi.nozawa	SMTC_D_JUDG2_PM	2018/11/20 17:11:14.133	Frm_Dig0300_Shinsa	10320	記載なし	50007834	SMTC_TYPE04	3	初回
tsuyoshi.nozawa	SMTC_D_JUDG2_PM	2018/11/20 17:11:15.646	Frm_Dig0300_Shinsa	10370	なし	50007834	SMTC_TYPE04	3	初回
tsuyoshi.nozawa	SMTC_D_JUDG2_PM	2018/11/20 17:11:19.297	Frm_Dig0300_Shinsa	10470	それ以外	50007834	SMTC_TYPE04	3	初回
tsuyoshi.nozawa	SMTC_D_JUDG2_PM	2018/11/20 17:11:20.872	Frm_Dig0300_Shinsa	10710	なし	50007834	SMTC_TYPE04	3	初回
tsuyoshi.nozawa	SMTC_D_JUDG2_PM	2018/11/20 17:11:22.011	Frm_Dig0300_Shinsa	10450	なし	50007834	SMTC_TYPE04	3	初回
tsuyoshi.nozawa	SMTC_D_JUDG2_PM	2018/11/20 17:11:26.847	Frm_Dig0300_Shinsa	10610	あり	50007834	SMTC_TYPE04	3	初回
tsuyoshi.nozawa	SMTC_D_JUDG2_PM	2018/11/20 17:11:31.402	Frm_Dig0300_Shinsa	10730	記載あり	50007834	SMTC_TYPE04	3	初回
tsuyoshi.nozawa	SMTC_D_JUDG2_PM	2018/11/20 17:11:33.696	Frm_Dig0300_Shinsa	10740	添付なし	50007834	SMTC_TYPE04	3	初回
tsuyoshi.nozawa	SMTC_D_JUDG2_PM	2018/11/20 17:11:35.037	Frm_Dig0300_Shinsa	10770	なし	50007834	SMTC_TYPE04	3	初回
tsuyoshi.nozawa	SMTC_D_JUDG2_PM	2018/11/20 17:11:37.221	Frm_Dig0300_Shinsa	10460		50007834	SMTC_TYPE04	3	初回
tsuyoshi.nozawa	SMTC_D_JUDG2_PM	2018/11/20 17:11:39.548	Frm_Dig0300_Shinsa	END	二次審査終了	50007834	SMTC_TYPE04	3	初回
tsuyoshi.nozawa	SMTC_D_JUDG2_PM	2018/11/20 17:27:02.238	Frm_Dig0300_Shinsa	START	二次審査開始	60002267	SMTC_TYPE02	3	初回
tsuyoshi.nozawa	SMTC_D_JUDG2_PM	2018/11/20 17:27:28.322	Frm_Dig0300_Shinsa	10010	通常申込書	60002267	SMTC_TYPE02	3	初回
tsuyoshi.nozawa	SMTC_D_JUDG2_PM	2018/11/20 17:27:38.884	Frm_Dig0300_Shinsa	END	二次審査終了	60002267	SMTC_TYPE02	3	初回
tsuyoshi.nozawa	SMTC_D_JUDG1_PM	2018/11/20 17:54:05.698	Frm_Dig0300_Shinsa	START	一次審査開始	60002283	SMTC_TYPE02	2	初回
tsuyoshi.nozawa	SMTC_D_JUDG1_PM	2018/11/20 17:54:10.441	Frm_Dig0300_Shinsa	END	一次審査終了	60002283	SMTC_TYPE02	2	初回
tsuyoshi.nozawa	SMTC_D_JUDG2_PM	2018/11/20 18:01:44.745	Frm_Dig0300_Shinsa	START	二次審査開始	40012685	SMTC_TYPE05	2	初回
tsuyoshi.nozawa	SMTC_D_JUDG2_PM	2018/11/20 18:01:47.272	Frm_Dig0300_Shinsa	END	二次審査終了	40012685	SMTC_TYPE05	2	初回
tsuyoshi.nozawa	SMTC_D_JUDG2_PM	2018/11/20 18:14:17.546	Frm_Dig0300_Shinsa	START	二次審査開始	40012685	SMTC_TYPE05	2	初回
tsuyoshi.nozawa	SMTC_D_JUDG2_PM	2018/11/20 18:14:23.131	Frm_Dig0300_Shinsa	50020	なし	40012685	SMTC_TYPE05	2	初回
tsuyoshi.nozawa	SMTC_D_JUDG2_PM	2018/11/20 18:14:24.488	Frm_Dig0300_Shinsa	50110	あり	40012685	SMTC_TYPE05	2	初回
tsuyoshi.nozawa	SMTC_D_JUDG2_PM	2018/11/20 18:14:27.514	Frm_Dig0300_Shinsa	50120	訂正がない	40012685	SMTC_TYPE05	2	初回
tsuyoshi.nozawa	SMTC_D_JUDG2_PM	2018/11/20 18:14:29.261	Frm_Dig0300_Shinsa	50135	レ点チェックなし、不鮮明	40012685	SMTC_TYPE05	2	初回
tsuyoshi.nozawa	SMTC_D_JUDG2_PM	2018/11/20 18:14:32.725	Frm_Dig0300_Shinsa	50140	鮮明、または、捺印なし　	40012685	SMTC_TYPE05	2	初回
tsuyoshi.nozawa	SMTC_D_JUDG2_PM	2018/11/20 18:14:36.016	Frm_Dig0300_Shinsa	40110	なし	40012685	SMTC_TYPE05	2	初回
tsuyoshi.nozawa	SMTC_D_JUDG2_PM	2018/11/20 18:14:39.074	Frm_Dig0300_Shinsa	40120	書類	40012685	SMTC_TYPE05	2	初回
tsuyoshi.nozawa	SMTC_D_JUDG2_PM	2018/11/20 18:15:18.885	Frm_Dig0300_Shinsa	40121	年月日	40012685	SMTC_TYPE05	2	初回
tsuyoshi.nozawa	SMTC_D_JUDG2_PM	2018/11/20 18:15:22.239	Frm_Dig0300_Shinsa	40130	書類添付なし	40012685	SMTC_TYPE05	2	初回
tsuyoshi.nozawa	SMTC_D_JUDG2_PM	2018/11/20 18:15:24.158	Frm_Dig0300_Shinsa	40170	JP：日本国	40012685	SMTC_TYPE05	2	初回
tsuyoshi.nozawa	SMTC_D_JUDG2_PM	2018/11/20 18:15:26.763	Frm_Dig0300_Shinsa	40190	書類	40012685	SMTC_TYPE05	2	初回
tsuyoshi.nozawa	SMTC_D_JUDG2_PM	2018/11/20 18:15:29.134	Frm_Dig0300_Shinsa	40200	一致	40012685	SMTC_TYPE05	2	初回
tsuyoshi.nozawa	SMTC_D_JUDG2_PM	2018/11/20 18:15:31.256	Frm_Dig0300_Shinsa	40210	一致	40012685	SMTC_TYPE05	2	初回
tsuyoshi.nozawa	SMTC_D_JUDG2_PM	2018/11/20 18:15:41.708	Frm_Dig0300_Shinsa	40220	一致	40012685	SMTC_TYPE05	2	初回
tsuyoshi.nozawa	SMTC_D_JUDG2_PM	2018/11/20 18:15:48.151	Frm_Dig0300_Shinsa	40250	年月日	40012685	SMTC_TYPE05	2	初回
tsuyoshi.nozawa	SMTC_D_JUDG2_PM	2018/11/20 18:15:53.096	Frm_Dig0300_Shinsa	40260	年月日	40012685	SMTC_TYPE05	2	初回
tsuyoshi.nozawa	SMTC_D_JUDG2_PM	2018/11/20 18:16:00.662	Frm_Dig0300_Shinsa	40270	00000	40012685	SMTC_TYPE05	2	初回
tsuyoshi.nozawa	SMTC_D_JUDG2_PM	2018/11/20 18:16:09.460	Frm_Dig0300_Shinsa	40290	あり	40012685	SMTC_TYPE05	2	初回
tsuyoshi.nozawa	SMTC_D_JUDG2_PM	2018/11/20 18:16:14.125	Frm_Dig0300_Shinsa	40300	年月日	40012685	SMTC_TYPE05	2	初回
tsuyoshi.nozawa	SMTC_D_JUDG2_PM	2018/11/20 18:16:17.120	Frm_Dig0300_Shinsa	40310	あり	40012685	SMTC_TYPE05	2	初回
tsuyoshi.nozawa	SMTC_D_JUDG2_PM	2018/11/20 18:16:17.884	Frm_Dig0300_Shinsa	40320	すべて記載あり	40012685	SMTC_TYPE05	2	初回
tsuyoshi.nozawa	SMTC_D_JUDG2_PM	2018/11/20 18:16:19.054	Frm_Dig0300_Shinsa	50710	なし	40012685	SMTC_TYPE05	2	初回
tsuyoshi.nozawa	SMTC_D_JUDG2_PM	2018/11/20 18:16:20.037	Frm_Dig0300_Shinsa	50690	なし	40012685	SMTC_TYPE05	2	初回
tsuyoshi.nozawa	SMTC_D_JUDG2_PM	2018/11/20 18:16:21.223	Frm_Dig0300_Shinsa	50700	なし	40012685	SMTC_TYPE05	2	初回
tsuyoshi.nozawa	SMTC_D_JUDG2_PM	2018/11/20 18:16:22.299	Frm_Dig0300_Shinsa	50730	記載なし	40012685	SMTC_TYPE05	2	初回
tsuyoshi.nozawa	SMTC_D_JUDG2_PM	2018/11/20 18:16:24.935	Frm_Dig0300_Shinsa	50740	添付なし	40012685	SMTC_TYPE05	2	初回
tsuyoshi.nozawa	SMTC_D_JUDG2_PM	2018/11/20 18:16:26.754	Frm_Dig0300_Shinsa	END	二次審査終了	40012685	SMTC_TYPE05	2	初回
tsuyoshi.nozawa	SMTC_D_JUDG2_PM	2018/11/20 18:16:28.574	Frm_Dig0300_Shinsa	START	二次審査開始	40012826	SMTC_TYPE05	2	初回
tsuyoshi.nozawa	SMTC_D_JUDG2_PM	2018/11/20 18:16:34.190	Frm_Dig0300_Shinsa	50020	なし	40012826	SMTC_TYPE05	2	初回
tsuyoshi.nozawa	SMTC_D_JUDG2_PM	2018/11/20 18:16:36.702	Frm_Dig0300_Shinsa	50110	あり	40012826	SMTC_TYPE05	2	初回
tsuyoshi.nozawa	SMTC_D_JUDG2_PM	2018/11/20 18:16:40.992	Frm_Dig0300_Shinsa	50120	訂正がない	40012826	SMTC_TYPE05	2	初回
tsuyoshi.nozawa	SMTC_D_JUDG2_PM	2018/11/20 18:16:45.765	Frm_Dig0300_Shinsa	50135	レ点チェックなし、不鮮明	40012826	SMTC_TYPE05	2	初回
tsuyoshi.nozawa	SMTC_D_JUDG2_PM	2018/11/20 18:16:47.435	Frm_Dig0300_Shinsa	50140	鮮明、または、捺印なし　	40012826	SMTC_TYPE05	2	初回
tsuyoshi.nozawa	SMTC_D_JUDG2_PM	2018/11/20 18:16:48.729	Frm_Dig0300_Shinsa	40110	なし	40012826	SMTC_TYPE05	2	初回
tsuyoshi.nozawa	SMTC_D_JUDG2_PM	2018/11/20 18:16:51.662	Frm_Dig0300_Shinsa	40120	書類	40012826	SMTC_TYPE05	2	初回
tsuyoshi.nozawa	SMTC_D_JUDG2_PM	2018/11/20 18:16:56.951	Frm_Dig0300_Shinsa	40121	年月日	40012826	SMTC_TYPE05	2	初回
tsuyoshi.nozawa	SMTC_D_JUDG2_PM	2018/11/20 18:16:59.571	Frm_Dig0300_Shinsa	40130	書類添付なし	40012826	SMTC_TYPE05	2	初回
tsuyoshi.nozawa	SMTC_D_JUDG2_PM	2018/11/20 18:17:01.818	Frm_Dig0300_Shinsa	40170	JP：日本国	40012826	SMTC_TYPE05	2	初回
tsuyoshi.nozawa	SMTC_D_JUDG2_PM	2018/11/20 18:17:03.815	Frm_Dig0300_Shinsa	40190	書類	40012826	SMTC_TYPE05	2	初回
tsuyoshi.nozawa	SMTC_D_JUDG2_PM	2018/11/20 18:17:05.905	Frm_Dig0300_Shinsa	40200	一致	40012826	SMTC_TYPE05	2	初回
tsuyoshi.nozawa	SMTC_D_JUDG2_PM	2018/11/20 18:17:09.571	Frm_Dig0300_Shinsa	40210	一致	40012826	SMTC_TYPE05	2	初回
tsuyoshi.nozawa	SMTC_D_JUDG2_PM	2018/11/20 18:17:13.471	Frm_Dig0300_Shinsa	40220	一致	40012826	SMTC_TYPE05	2	初回
tsuyoshi.nozawa	SMTC_D_JUDG2_PM	2018/11/20 18:17:24.906	Frm_Dig0300_Shinsa	40250	年月日	40012826	SMTC_TYPE05	2	初回
tsuyoshi.nozawa	SMTC_D_JUDG2_PM	2018/11/20 18:17:29.102	Frm_Dig0300_Shinsa	40260	年月日	40012826	SMTC_TYPE05	2	初回
tsuyoshi.nozawa	SMTC_D_JUDG2_PM	2018/11/20 18:17:36.060	Frm_Dig0300_Shinsa	40270	00000	40012826	SMTC_TYPE05	2	初回
tsuyoshi.nozawa	SMTC_D_JUDG2_PM	2018/11/20 18:17:37.854	Frm_Dig0300_Shinsa	40290	あり	40012826	SMTC_TYPE05	2	初回
tsuyoshi.nozawa	SMTC_D_JUDG2_PM	2018/11/20 18:17:43.719	Frm_Dig0300_Shinsa	40300	年月日	40012826	SMTC_TYPE05	2	初回
tsuyoshi.nozawa	SMTC_D_JUDG2_PM	2018/11/20 18:17:47.479	Frm_Dig0300_Shinsa	40310	裏面なし／記載なし	40012826	SMTC_TYPE05	2	初回
tsuyoshi.nozawa	SMTC_D_JUDG2_PM	2018/11/20 18:17:48.571	Frm_Dig0300_Shinsa	40320	記載なし／裏面なし	40012826	SMTC_TYPE05	2	初回
tsuyoshi.nozawa	SMTC_D_JUDG2_PM	2018/11/20 18:17:53.937	Frm_Dig0300_Shinsa	50710	なし	40012826	SMTC_TYPE05	2	初回
tsuyoshi.nozawa	SMTC_D_JUDG2_PM	2018/11/20 18:17:54.717	Frm_Dig0300_Shinsa	50690	なし	40012826	SMTC_TYPE05	2	初回
tsuyoshi.nozawa	SMTC_D_JUDG2_PM	2018/11/20 18:17:55.809	Frm_Dig0300_Shinsa	50700	なし	40012826	SMTC_TYPE05	2	初回
tsuyoshi.nozawa	SMTC_D_JUDG2_PM	2018/11/20 18:17:56.699	Frm_Dig0300_Shinsa	50730	記載なし	40012826	SMTC_TYPE05	2	初回
tsuyoshi.nozawa	SMTC_D_JUDG2_PM	2018/11/20 18:17:58.399	Frm_Dig0300_Shinsa	50740	添付なし	40012826	SMTC_TYPE05	2	初回
tsuyoshi.nozawa	SMTC_D_JUDG2_PM	2018/11/20 18:18:01.478	Frm_Dig0300_Shinsa	END	二次審査終了	40012826	SMTC_TYPE05	2	初回
tsuyoshi.nozawa	SMTC_D_JUDG2_PM	2018/11/20 18:18:04.832	Frm_Dig0300_Shinsa	START	二次審査開始	40012853	SMTC_TYPE05	2	初回
tsuyoshi.nozawa	SMTC_D_JUDG2_PM	2018/11/20 18:18:10.495	Frm_Dig0300_Shinsa	50020	なし	40012853	SMTC_TYPE05	2	初回
tsuyoshi.nozawa	SMTC_D_JUDG2_PM	2018/11/20 18:18:15.643	Frm_Dig0300_Shinsa	50110	あり	40012853	SMTC_TYPE05	2	初回
tsuyoshi.nozawa	SMTC_D_JUDG2_PM	2018/11/20 18:18:17.250	Frm_Dig0300_Shinsa	50120	訂正がない	40012853	SMTC_TYPE05	2	初回
tsuyoshi.nozawa	SMTC_D_JUDG2_PM	2018/11/20 18:18:19.013	Frm_Dig0300_Shinsa	50135	レ点チェックあり	40012853	SMTC_TYPE05	2	初回
tsuyoshi.nozawa	SMTC_D_JUDG2_PM	2018/11/20 18:18:20.354	Frm_Dig0300_Shinsa	40110	なし	40012853	SMTC_TYPE05	2	初回
tsuyoshi.nozawa	SMTC_D_JUDG2_PM	2018/11/20 18:18:28.045	Frm_Dig0300_Shinsa	40120	書類	40012853	SMTC_TYPE05	2	初回
tsuyoshi.nozawa	SMTC_D_JUDG2_PM	2018/11/20 18:18:36.141	Frm_Dig0300_Shinsa	40121	年月日	40012853	SMTC_TYPE05	2	初回
tsuyoshi.nozawa	SMTC_D_JUDG2_PM	2018/11/20 18:18:38.341	Frm_Dig0300_Shinsa	40130	書類添付なし	40012853	SMTC_TYPE05	2	初回
tsuyoshi.nozawa	SMTC_D_JUDG2_PM	2018/11/20 18:18:40.806	Frm_Dig0300_Shinsa	40170	JP：日本国	40012853	SMTC_TYPE05	2	初回
tsuyoshi.nozawa	SMTC_D_JUDG2_PM	2018/11/20 18:18:43.863	Frm_Dig0300_Shinsa	40190	書類	40012853	SMTC_TYPE05	2	初回
tsuyoshi.nozawa	SMTC_D_JUDG2_PM	2018/11/20 18:18:46.749	Frm_Dig0300_Shinsa	40200	一致	40012853	SMTC_TYPE05	2	初回
tsuyoshi.nozawa	SMTC_D_JUDG2_PM	2018/11/20 18:18:53.754	Frm_Dig0300_Shinsa	40210	一致	40012853	SMTC_TYPE05	2	初回
tsuyoshi.nozawa	SMTC_D_JUDG2_PM	2018/11/20 18:18:57.857	Frm_Dig0300_Shinsa	40220	一致	40012853	SMTC_TYPE05	2	初回
tsuyoshi.nozawa	SMTC_D_JUDG2_PM	2018/11/20 18:19:04.658	Frm_Dig0300_Shinsa	40250	年月日	40012853	SMTC_TYPE05	2	初回
tsuyoshi.nozawa	SMTC_D_JUDG2_PM	2018/11/20 18:19:11.304	Frm_Dig0300_Shinsa	40260	年月日	40012853	SMTC_TYPE05	2	初回
tsuyoshi.nozawa	SMTC_D_JUDG2_PM	2018/11/20 18:19:27.996	Frm_Dig0300_Shinsa	40270	00000	40012853	SMTC_TYPE05	2	初回
tsuyoshi.nozawa	SMTC_D_JUDG2_PM	2018/11/20 18:19:30.149	Frm_Dig0300_Shinsa	50710	なし	40012853	SMTC_TYPE05	2	初回
tsuyoshi.nozawa	SMTC_D_JUDG2_PM	2018/11/20 18:19:31.053	Frm_Dig0300_Shinsa	50690	なし	40012853	SMTC_TYPE05	2	初回
tsuyoshi.nozawa	SMTC_D_JUDG2_PM	2018/11/20 18:19:31.896	Frm_Dig0300_Shinsa	50700	なし	40012853	SMTC_TYPE05	2	初回
tsuyoshi.nozawa	SMTC_D_JUDG2_PM	2018/11/20 18:19:35.000	Frm_Dig0300_Shinsa	50730	記載あり	40012853	SMTC_TYPE05	2	初回
tsuyoshi.nozawa	SMTC_D_JUDG2_PM	2018/11/20 18:19:37.231	Frm_Dig0300_Shinsa	50740	添付なし	40012853	SMTC_TYPE05	2	初回
tsuyoshi.nozawa	SMTC_D_JUDG2_PM	2018/11/20 18:19:39.069	Frm_Dig0300_Shinsa	END	二次審査終了	40012853	SMTC_TYPE05	2	初回
tsuyoshi.nozawa	SMTC_D_JUDG2_PM	2018/11/20 18:19:40.622	Frm_Dig0300_Shinsa	START	二次審査開始	40012856	SMTC_TYPE05	2	初回
tsuyoshi.nozawa	SMTC_D_JUDG2_PM	2018/11/20 18:19:45.552	Frm_Dig0300_Shinsa	50020	なし	40012856	SMTC_TYPE05	2	初回
tsuyoshi.nozawa	SMTC_D_JUDG2_PM	2018/11/20 18:19:48.531	Frm_Dig0300_Shinsa	50110	あり	40012856	SMTC_TYPE05	2	初回
tsuyoshi.nozawa	SMTC_D_JUDG2_PM	2018/11/20 18:19:50.466	Frm_Dig0300_Shinsa	50120	訂正がない	40012856	SMTC_TYPE05	2	初回
tsuyoshi.nozawa	SMTC_D_JUDG2_PM	2018/11/20 18:19:52.790	Frm_Dig0300_Shinsa	50135	レ点チェックなし、不鮮明	40012856	SMTC_TYPE05	2	初回
tsuyoshi.nozawa	SMTC_D_JUDG2_PM	2018/11/20 18:19:54.803	Frm_Dig0300_Shinsa	50140	鮮明、または、捺印なし　	40012856	SMTC_TYPE05	2	初回
tsuyoshi.nozawa	SMTC_D_JUDG2_PM	2018/11/20 18:19:55.879	Frm_Dig0300_Shinsa	40110	なし	40012856	SMTC_TYPE05	2	初回
tsuyoshi.nozawa	SMTC_D_JUDG2_PM	2018/11/20 18:19:58.734	Frm_Dig0300_Shinsa	40120	書類	40012856	SMTC_TYPE05	2	初回
tsuyoshi.nozawa	SMTC_D_JUDG2_PM	2018/11/20 18:20:03.273	Frm_Dig0300_Shinsa	40121	年月日	40012856	SMTC_TYPE05	2	初回
tsuyoshi.nozawa	SMTC_D_JUDG2_PM	2018/11/20 18:20:05.348	Frm_Dig0300_Shinsa	40130	書類添付なし	40012856	SMTC_TYPE05	2	初回
tsuyoshi.nozawa	SMTC_D_JUDG2_PM	2018/11/20 18:20:07.439	Frm_Dig0300_Shinsa	40170	JP：日本国	40012856	SMTC_TYPE05	2	初回
tsuyoshi.nozawa	SMTC_D_JUDG2_PM	2018/11/20 18:20:09.919	Frm_Dig0300_Shinsa	40190	書類	40012856	SMTC_TYPE05	2	初回
tsuyoshi.nozawa	SMTC_D_JUDG2_PM	2018/11/20 18:20:11.963	Frm_Dig0300_Shinsa	40200	一致	40012856	SMTC_TYPE05	2	初回
tsuyoshi.nozawa	SMTC_D_JUDG2_PM	2018/11/20 18:20:21.369	Frm_Dig0300_Shinsa	40210	一致	40012856	SMTC_TYPE05	2	初回
tsuyoshi.nozawa	SMTC_D_JUDG2_PM	2018/11/20 18:20:28.031	Frm_Dig0300_Shinsa	40220	一致	40012856	SMTC_TYPE05	2	初回
tsuyoshi.nozawa	SMTC_D_JUDG2_PM	2018/11/20 18:20:33.506	Frm_Dig0300_Shinsa	40250	年月日	40012856	SMTC_TYPE05	2	初回
tsuyoshi.nozawa	SMTC_D_JUDG2_PM	2018/11/20 18:20:39.387	Frm_Dig0300_Shinsa	40260	年月日	40012856	SMTC_TYPE05	2	初回
tsuyoshi.nozawa	SMTC_D_JUDG2_PM	2018/11/20 18:20:44.988	Frm_Dig0300_Shinsa	40270	00000	40012856	SMTC_TYPE05	2	初回
tsuyoshi.nozawa	SMTC_D_JUDG2_PM	2018/11/20 18:20:46.797	Frm_Dig0300_Shinsa	40290	あり	40012856	SMTC_TYPE05	2	初回
tsuyoshi.nozawa	SMTC_D_JUDG2_PM	2018/11/20 18:20:53.193	Frm_Dig0300_Shinsa	40300	年月日	40012856	SMTC_TYPE05	2	初回
tsuyoshi.nozawa	SMTC_D_JUDG2_PM	2018/11/20 18:20:58.513	Frm_Dig0300_Shinsa	40310	裏面なし／記載なし	40012856	SMTC_TYPE05	2	初回
tsuyoshi.nozawa	SMTC_D_JUDG2_PM	2018/11/20 18:20:59.355	Frm_Dig0300_Shinsa	40320	記載なし／裏面なし	40012856	SMTC_TYPE05	2	初回
tsuyoshi.nozawa	SMTC_D_JUDG2_PM	2018/11/20 18:21:00.650	Frm_Dig0300_Shinsa	50710	なし	40012856	SMTC_TYPE05	2	初回
tsuyoshi.nozawa	SMTC_D_JUDG2_PM	2018/11/20 18:21:01.586	Frm_Dig0300_Shinsa	50690	なし	40012856	SMTC_TYPE05	2	初回
tsuyoshi.nozawa	SMTC_D_JUDG2_PM	2018/11/20 18:21:04.394	Frm_Dig0300_Shinsa	50700	なし	40012856	SMTC_TYPE05	2	初回
tsuyoshi.nozawa	SMTC_D_JUDG2_PM	2018/11/20 18:21:07.686	Frm_Dig0300_Shinsa	50730	記載なし	40012856	SMTC_TYPE05	2	初回
tsuyoshi.nozawa	SMTC_D_JUDG2_PM	2018/11/20 18:21:09.870	Frm_Dig0300_Shinsa	50740	添付なし	40012856	SMTC_TYPE05	2	初回
tsuyoshi.nozawa	SMTC_D_JUDG2_PM	2018/11/20 18:21:11.813	Frm_Dig0300_Shinsa	END	二次審査終了	40012856	SMTC_TYPE05	2	初回
tsuyoshi.nozawa	SMTC_D_JUDG2_PM	2018/11/20 18:21:13.219	Frm_Dig0300_Shinsa	START	二次審査開始	40012860	SMTC_TYPE05	3	初回
tsuyoshi.nozawa	SMTC_D_JUDG2_PM	2018/11/20 18:21:20.005	Frm_Dig0300_Shinsa	50020	なし	40012860	SMTC_TYPE05	3	初回
tsuyoshi.nozawa	SMTC_D_JUDG2_PM	2018/11/20 18:21:22.813	Frm_Dig0300_Shinsa	50110	あり	40012860	SMTC_TYPE05	3	初回
tsuyoshi.nozawa	SMTC_D_JUDG2_PM	2018/11/20 18:21:29.131	Frm_Dig0300_Shinsa	50120	訂正がない	40012860	SMTC_TYPE05	3	初回
tsuyoshi.nozawa	SMTC_D_JUDG2_PM	2018/11/20 18:21:31.877	Frm_Dig0300_Shinsa	50135	レ点チェックなし、不鮮明	40012860	SMTC_TYPE05	3	初回
tsuyoshi.nozawa	SMTC_D_JUDG2_PM	2018/11/20 18:21:33.921	Frm_Dig0300_Shinsa	50140	鮮明、または、捺印なし　	40012860	SMTC_TYPE05	3	初回
tsuyoshi.nozawa	SMTC_D_JUDG2_PM	2018/11/20 18:21:35.075	Frm_Dig0300_Shinsa	40110	なし	40012860	SMTC_TYPE05	3	初回
tsuyoshi.nozawa	SMTC_D_JUDG2_PM	2018/11/20 18:21:37.384	Frm_Dig0300_Shinsa	40120	書類	40012860	SMTC_TYPE05	3	初回
tsuyoshi.nozawa	SMTC_D_JUDG2_PM	2018/11/20 18:21:43.561	Frm_Dig0300_Shinsa	40121	年月日	40012860	SMTC_TYPE05	3	初回
tsuyoshi.nozawa	SMTC_D_JUDG2_PM	2018/11/20 18:21:46.104	Frm_Dig0300_Shinsa	40130	書類添付なし	40012860	SMTC_TYPE05	3	初回
tsuyoshi.nozawa	SMTC_D_JUDG2_PM	2018/11/20 18:21:48.522	Frm_Dig0300_Shinsa	40170	JP：日本国	40012860	SMTC_TYPE05	3	初回
tsuyoshi.nozawa	SMTC_D_JUDG2_PM	2018/11/20 18:21:50.691	Frm_Dig0300_Shinsa	40190	書類	40012860	SMTC_TYPE05	3	初回
tsuyoshi.nozawa	SMTC_D_JUDG2_PM	2018/11/20 18:21:53.327	Frm_Dig0300_Shinsa	40200	一致	40012860	SMTC_TYPE05	3	初回
tsuyoshi.nozawa	SMTC_D_JUDG2_PM	2018/11/20 18:22:01.876	Frm_Dig0300_Shinsa	40210	一致	40012860	SMTC_TYPE05	3	初回
tsuyoshi.nozawa	SMTC_D_JUDG2_PM	2018/11/20 18:22:06.525	Frm_Dig0300_Shinsa	40220	一致	40012860	SMTC_TYPE05	3	初回
tsuyoshi.nozawa	SMTC_D_JUDG2_PM	2018/11/20 18:22:12.234	Frm_Dig0300_Shinsa	40250	年月日	40012860	SMTC_TYPE05	3	初回
tsuyoshi.nozawa	SMTC_D_JUDG2_PM	2018/11/20 18:22:17.679	Frm_Dig0300_Shinsa	40260	年月日	40012860	SMTC_TYPE05	3	初回
tsuyoshi.nozawa	SMTC_D_JUDG2_PM	2018/11/20 18:22:23.451	Frm_Dig0300_Shinsa	40270	00000	40012860	SMTC_TYPE05	3	初回
tsuyoshi.nozawa	SMTC_D_JUDG2_PM	2018/11/20 18:22:25.167	Frm_Dig0300_Shinsa	40290	あり	40012860	SMTC_TYPE05	3	初回
tsuyoshi.nozawa	SMTC_D_JUDG2_PM	2018/11/20 18:22:29.628	Frm_Dig0300_Shinsa	40300	年月日	40012860	SMTC_TYPE05	3	初回
tsuyoshi.nozawa	SMTC_D_JUDG2_PM	2018/11/20 18:22:31.251	Frm_Dig0300_Shinsa	40310	裏面なし／記載なし	40012860	SMTC_TYPE05	3	初回
tsuyoshi.nozawa	SMTC_D_JUDG2_PM	2018/11/20 18:22:32.717	Frm_Dig0300_Shinsa	40320	記載なし／裏面なし	40012860	SMTC_TYPE05	3	初回
tsuyoshi.nozawa	SMTC_D_JUDG2_PM	2018/11/20 18:22:33.981	Frm_Dig0300_Shinsa	50710	なし	40012860	SMTC_TYPE05	3	初回
tsuyoshi.nozawa	SMTC_D_JUDG2_PM	2018/11/20 18:22:36.492	Frm_Dig0300_Shinsa	50690	なし	40012860	SMTC_TYPE05	3	初回
tsuyoshi.nozawa	SMTC_D_JUDG2_PM	2018/11/20 18:22:37.335	Frm_Dig0300_Shinsa	50700	なし	40012860	SMTC_TYPE05	3	初回
tsuyoshi.nozawa	SMTC_D_JUDG2_PM	2018/11/20 18:22:38.614	Frm_Dig0300_Shinsa	50730	記載なし	40012860	SMTC_TYPE05	3	初回
tsuyoshi.nozawa	SMTC_D_JUDG2_PM	2018/11/20 18:22:40.704	Frm_Dig0300_Shinsa	50740	添付なし	40012860	SMTC_TYPE05	3	初回
tsuyoshi.nozawa	SMTC_D_JUDG2_PM	2018/11/20 18:22:42.599	Frm_Dig0300_Shinsa	END	二次審査終了	40012860	SMTC_TYPE05	3	初回
tsuyoshi.nozawa	SMTC_D_JUDG2_PM	2018/11/20 18:22:48.569	Frm_Dig0300_Shinsa	START	二次審査開始	40012555	SMTC_TYPE05	4	初回
tsuyoshi.nozawa	SMTC_D_JUDG2_PM	2018/11/20 18:22:52.360	Frm_Dig0300_Shinsa	END	二次審査終了	40012555	SMTC_TYPE05	4	初回
tsuyoshi.nozawa	SMTC_D_JUDG2_PM	2018/11/20 18:33:45.467	Frm_Dig0300_Shinsa	START	二次審査開始	60002283	SMTC_TYPE02	2	初回
tsuyoshi.nozawa	SMTC_D_JUDG2_PM	2018/11/20 18:35:34.983	Frm_Dig0300_Shinsa	END	二次審査終了	60002283	SMTC_TYPE02	2	初回
tsuyoshi.nozawa	SMTC_D_JUDG2_PM	2018/11/20 18:39:30.083	Frm_Dig0300_Shinsa	START	二次審査開始	60002283	SMTC_TYPE02	2	初回
tsuyoshi.nozawa	SMTC_D_JUDG2_PM	2018/11/20 18:39:33.904	Frm_Dig0300_Shinsa	10010	通常申込書	60002283	SMTC_TYPE02	2	初回
tsuyoshi.nozawa	SMTC_D_JUDG2_PM	2018/11/20 18:39:42.421	Frm_Dig0300_Shinsa	10020	なし	60002283	SMTC_TYPE02	2	初回
tsuyoshi.nozawa	SMTC_D_JUDG2_PM	2018/11/20 18:39:47.069	Frm_Dig0300_Shinsa	10640	なし	60002283	SMTC_TYPE02	2	初回
tsuyoshi.nozawa	SMTC_D_JUDG2_PM	2018/11/20 18:39:48.301	Frm_Dig0300_Shinsa	10080	あり	60002283	SMTC_TYPE02	2	初回
tsuyoshi.nozawa	SMTC_D_JUDG2_PM	2018/11/20 18:39:50.781	Frm_Dig0300_Shinsa	10700	なし	60002283	SMTC_TYPE02	2	初回
tsuyoshi.nozawa	SMTC_D_JUDG2_PM	2018/11/20 18:44:04.365	Frm_Dig0300_Shinsa	10090	訂正がない	60002283	SMTC_TYPE02	2	初回
tsuyoshi.nozawa	SMTC_D_JUDG2_PM	2018/11/20 18:44:06.128	Frm_Dig0300_Shinsa	10110	鮮明、または、捺印なし　	60002283	SMTC_TYPE02	2	初回
tsuyoshi.nozawa	SMTC_D_JUDG2_PM	2018/11/20 18:44:07.376	Frm_Dig0300_Shinsa	10620	なし	60002283	SMTC_TYPE02	2	初回
tsuyoshi.nozawa	SMTC_D_JUDG2_PM	2018/11/20 18:44:10.698	Frm_Dig0300_Shinsa	10120	書類	60002283	SMTC_TYPE02	2	初回
tsuyoshi.nozawa	SMTC_D_JUDG2_PM	2018/11/20 18:44:16.611	Frm_Dig0300_Shinsa	10121	年月日	60002283	SMTC_TYPE02	2	初回
tsuyoshi.nozawa	SMTC_D_JUDG2_PM	2018/11/20 18:44:19.013	Frm_Dig0300_Shinsa	10130	書類添付なし	60002283	SMTC_TYPE02	2	初回
tsuyoshi.nozawa	SMTC_D_JUDG2_PM	2018/11/20 18:44:21.290	Frm_Dig0300_Shinsa	10170	JP：日本国	60002283	SMTC_TYPE02	2	初回
tsuyoshi.nozawa	SMTC_D_JUDG2_PM	2018/11/20 18:44:24.925	Frm_Dig0300_Shinsa	10190	書類	60002283	SMTC_TYPE02	2	初回
tsuyoshi.nozawa	SMTC_D_JUDG2_PM	2018/11/20 18:44:36.843	Frm_Dig0300_Shinsa	10200	一致	60002283	SMTC_TYPE02	2	初回
tsuyoshi.nozawa	SMTC_D_JUDG2_PM	2018/11/20 18:44:51.163	Frm_Dig0300_Shinsa	10210	一致	60002283	SMTC_TYPE02	2	初回
tsuyoshi.nozawa	SMTC_D_JUDG2_PM	2018/11/20 18:45:02.285	Frm_Dig0300_Shinsa	10220	一致	60002283	SMTC_TYPE02	2	初回
tsuyoshi.nozawa	SMTC_D_JUDG2_PM	2018/11/20 18:45:09.242	Frm_Dig0300_Shinsa	10250	年月日	60002283	SMTC_TYPE02	2	初回
tsuyoshi.nozawa	SMTC_D_JUDG2_PM	2018/11/20 18:45:15.201	Frm_Dig0300_Shinsa	10220	一致	60002283	SMTC_TYPE02	2	初回
tsuyoshi.nozawa	SMTC_D_JUDG2_PM	2018/11/20 18:45:34.341	Frm_Dig0300_Shinsa	10250	年月日	60002283	SMTC_TYPE02	2	初回
tsuyoshi.nozawa	SMTC_D_JUDG2_PM	2018/11/20 18:45:48.646	Frm_Dig0300_Shinsa	10260	年月日	60002283	SMTC_TYPE02	2	初回
tsuyoshi.nozawa	SMTC_D_JUDG2_PM	2018/11/20 18:45:53.638	Frm_Dig0300_Shinsa	10270	00000	60002283	SMTC_TYPE02	2	初回
tsuyoshi.nozawa	SMTC_D_JUDG2_PM	2018/11/20 18:45:55.291	Frm_Dig0300_Shinsa	10290	あり	60002283	SMTC_TYPE02	2	初回
tsuyoshi.nozawa	SMTC_D_JUDG2_PM	2018/11/20 18:45:59.284	Frm_Dig0300_Shinsa	10300	年月日	60002283	SMTC_TYPE02	2	初回
tsuyoshi.nozawa	SMTC_D_JUDG2_PM	2018/11/20 18:46:03.371	Frm_Dig0300_Shinsa	10310	裏面なし	60002283	SMTC_TYPE02	2	初回
tsuyoshi.nozawa	SMTC_D_JUDG2_PM	2018/11/20 18:46:06.756	Frm_Dig0300_Shinsa	10320	記載なし	60002283	SMTC_TYPE02	2	初回
tsuyoshi.nozawa	SMTC_D_JUDG2_PM	2018/11/20 18:46:07.926	Frm_Dig0300_Shinsa	10370	なし	60002283	SMTC_TYPE02	2	初回
tsuyoshi.nozawa	SMTC_D_JUDG2_PM	2018/11/20 18:46:10.719	Frm_Dig0300_Shinsa	10470	それ以外	60002283	SMTC_TYPE02	2	初回
tsuyoshi.nozawa	SMTC_D_JUDG2_PM	2018/11/20 18:46:12.060	Frm_Dig0300_Shinsa	10710	なし	60002283	SMTC_TYPE02	2	初回
tsuyoshi.nozawa	SMTC_D_JUDG2_PM	2018/11/20 18:46:13.090	Frm_Dig0300_Shinsa	10450	なし	60002283	SMTC_TYPE02	2	初回
tsuyoshi.nozawa	SMTC_D_JUDG2_PM	2018/11/20 18:46:15.492	Frm_Dig0300_Shinsa	10610	なし	60002283	SMTC_TYPE02	2	初回
tsuyoshi.nozawa	SMTC_D_JUDG2_PM	2018/11/20 18:46:18.783	Frm_Dig0300_Shinsa	10730	記載あり	60002283	SMTC_TYPE02	2	初回
tsuyoshi.nozawa	SMTC_D_JUDG2_PM	2018/11/20 18:46:20.390	Frm_Dig0300_Shinsa	10740	添付なし	60002283	SMTC_TYPE02	2	初回
tsuyoshi.nozawa	SMTC_D_JUDG2_PM	2018/11/20 18:46:21.747	Frm_Dig0300_Shinsa	10770	なし	60002283	SMTC_TYPE02	2	初回
tsuyoshi.nozawa	SMTC_D_JUDG2_PM	2018/11/20 18:46:23.479	Frm_Dig0300_Shinsa	10460		60002283	SMTC_TYPE02	2	初回
tsuyoshi.nozawa	SMTC_D_JUDG2_PM	2018/11/20 18:46:25.509	Frm_Dig0300_Shinsa	END	二次審査終了	60002283	SMTC_TYPE02	2	初回
tsuyoshi.nozawa	SMTC_D_JUDG2_PM	2018/11/20 18:46:45.013	Frm_Dig0300_Shinsa	START	二次審査開始	40013126	SMTC_TYPE05	4	初回
tsuyoshi.nozawa	SMTC_D_JUDG2_PM	2018/11/20 18:46:55.995	Frm_Dig0300_Shinsa	50020	なし	40013126	SMTC_TYPE05	4	初回
tsuyoshi.nozawa	SMTC_D_JUDG2_PM	2018/11/20 18:46:59.349	Frm_Dig0300_Shinsa	50110	あり	40013126	SMTC_TYPE05	4	初回
tsuyoshi.nozawa	SMTC_D_JUDG2_PM	2018/11/20 18:47:04.777	Frm_Dig0300_Shinsa	50120	訂正がない	40013126	SMTC_TYPE05	4	初回
tsuyoshi.nozawa	SMTC_D_JUDG2_PM	2018/11/20 18:47:07.039	Frm_Dig0300_Shinsa	50135	レ点チェックなし、不鮮明	40013126	SMTC_TYPE05	4	初回
tsuyoshi.nozawa	SMTC_D_JUDG2_PM	2018/11/20 18:47:08.771	Frm_Dig0300_Shinsa	50140	鮮明、または、捺印なし　	40013126	SMTC_TYPE05	4	初回
tsuyoshi.nozawa	SMTC_D_JUDG2_PM	2018/11/20 18:47:10.112	Frm_Dig0300_Shinsa	40110	なし	40013126	SMTC_TYPE05	4	初回
tsuyoshi.nozawa	SMTC_D_JUDG2_PM	2018/11/20 18:47:12.733	Frm_Dig0300_Shinsa	40120	書類	40013126	SMTC_TYPE05	4	初回
tsuyoshi.nozawa	SMTC_D_JUDG2_PM	2018/11/20 18:47:23.263	Frm_Dig0300_Shinsa	40121	年月日	40013126	SMTC_TYPE05	4	初回
tsuyoshi.nozawa	SMTC_D_JUDG2_PM	2018/11/20 18:47:26.414	Frm_Dig0300_Shinsa	40130	書類添付なし	40013126	SMTC_TYPE05	4	初回
tsuyoshi.nozawa	SMTC_D_JUDG2_PM	2018/11/20 18:47:28.910	Frm_Dig0300_Shinsa	40170	JP：日本国	40013126	SMTC_TYPE05	4	初回
tsuyoshi.nozawa	SMTC_D_JUDG2_PM	2018/11/20 18:47:32.155	Frm_Dig0300_Shinsa	40190	書類	40013126	SMTC_TYPE05	4	初回
tsuyoshi.nozawa	SMTC_D_JUDG2_PM	2018/11/20 18:47:34.728	Frm_Dig0300_Shinsa	40200	一致	40013126	SMTC_TYPE05	4	初回
tsuyoshi.nozawa	SMTC_D_JUDG2_PM	2018/11/20 18:47:40.360	Frm_Dig0300_Shinsa	40210	一致	40013126	SMTC_TYPE05	4	初回
tsuyoshi.nozawa	SMTC_D_JUDG2_PM	2018/11/20 18:47:57.301	Frm_Dig0300_Shinsa	40220	一致	40013126	SMTC_TYPE05	4	初回
tsuyoshi.nozawa	SMTC_D_JUDG2_PM	2018/11/20 18:48:01.716	Frm_Dig0300_Shinsa	40250	年月日	40013126	SMTC_TYPE05	4	初回
tsuyoshi.nozawa	SMTC_D_JUDG2_PM	2018/11/20 18:48:06.489	Frm_Dig0300_Shinsa	40260	年月日	40013126	SMTC_TYPE05	4	初回
tsuyoshi.nozawa	SMTC_D_JUDG2_PM	2018/11/20 18:48:11.949	Frm_Dig0300_Shinsa	40270	00000	40013126	SMTC_TYPE05	4	初回
tsuyoshi.nozawa	SMTC_D_JUDG2_PM	2018/11/20 18:48:14.071	Frm_Dig0300_Shinsa	40290	あり	40013126	SMTC_TYPE05	4	初回
tsuyoshi.nozawa	SMTC_D_JUDG2_PM	2018/11/20 18:48:19.359	Frm_Dig0300_Shinsa	40300	年月日	40013126	SMTC_TYPE05	4	初回
tsuyoshi.nozawa	SMTC_D_JUDG2_PM	2018/11/20 18:48:44.054	Frm_Dig0300_Shinsa	40310	裏面なし／記載なし	40013126	SMTC_TYPE05	4	初回
tsuyoshi.nozawa	SMTC_D_JUDG2_PM	2018/11/20 18:48:44.834	Frm_Dig0300_Shinsa	40320	記載なし／裏面なし	40013126	SMTC_TYPE05	4	初回
tsuyoshi.nozawa	SMTC_D_JUDG2_PM	2018/11/20 18:49:05.035	Frm_Dig0300_Shinsa	40400	添付あり	40013126	SMTC_TYPE05	4	初回
tsuyoshi.nozawa	SMTC_D_JUDG2_PM	2018/11/20 18:49:07.937	Frm_Dig0300_Shinsa	40410	一致	40013126	SMTC_TYPE05	4	初回
tsuyoshi.nozawa	SMTC_D_JUDG2_PM	2018/11/20 18:49:09.855	Frm_Dig0300_Shinsa	40440	あり	40013126	SMTC_TYPE05	4	初回
tsuyoshi.nozawa	SMTC_D_JUDG2_PM	2018/11/20 18:49:11.041	Frm_Dig0300_Shinsa	40450	一致	40013126	SMTC_TYPE05	4	初回
tsuyoshi.nozawa	SMTC_D_JUDG2_PM	2018/11/20 18:49:13.069	Frm_Dig0300_Shinsa	50710	なし	40013126	SMTC_TYPE05	4	初回
tsuyoshi.nozawa	SMTC_D_JUDG2_PM	2018/11/20 18:49:14.426	Frm_Dig0300_Shinsa	50690	なし	40013126	SMTC_TYPE05	4	初回
tsuyoshi.nozawa	SMTC_D_JUDG2_PM	2018/11/20 18:49:16.969	Frm_Dig0300_Shinsa	50700	なし	40013126	SMTC_TYPE05	4	初回
tsuyoshi.nozawa	SMTC_D_JUDG2_PM	2018/11/20 18:49:22.366	Frm_Dig0300_Shinsa	50730	記載なし	40013126	SMTC_TYPE05	4	初回
tsuyoshi.nozawa	SMTC_D_JUDG2_PM	2018/11/20 18:49:24.784	Frm_Dig0300_Shinsa	50740	添付なし	40013126	SMTC_TYPE05	4	初回
tsuyoshi.nozawa	SMTC_D_JUDG2_PM	2018/11/20 18:49:26.409	Frm_Dig0300_Shinsa	END	二次審査終了	40013126	SMTC_TYPE05	4	初回
tsuyoshi.nozawa	SMTC_D_JUDG1_PM	2018/11/20 18:50:07.414	Frm_Dig0300_Shinsa	START	一次審査開始	40013126	SMTC_TYPE05	4	初回
tsuyoshi.nozawa	SMTC_D_JUDG1_PM	2018/11/20 18:50:10.441	Frm_Dig0300_Shinsa	50020	なし	40013126	SMTC_TYPE05	4	初回
tsuyoshi.nozawa	SMTC_D_JUDG1_PM	2018/11/20 18:50:12.344	Frm_Dig0300_Shinsa	50110	なし	40013126	SMTC_TYPE05	4	初回
tsuyoshi.nozawa	SMTC_D_JUDG1_PM	2018/11/20 18:50:13.483	Frm_Dig0300_Shinsa	40110	なし	40013126	SMTC_TYPE05	4	初回
tsuyoshi.nozawa	SMTC_D_JUDG1_PM	2018/11/20 18:50:16.275	Frm_Dig0300_Shinsa	40120	書類	40013126	SMTC_TYPE05	4	初回
tsuyoshi.nozawa	SMTC_D_JUDG1_PM	2018/11/20 18:50:26.181	Frm_Dig0300_Shinsa	40121	年月日	40013126	SMTC_TYPE05	4	初回
tsuyoshi.nozawa	SMTC_D_JUDG1_PM	2018/11/20 18:50:30.642	Frm_Dig0300_Shinsa	40130	書類	40013126	SMTC_TYPE05	4	初回
tsuyoshi.nozawa	SMTC_D_JUDG1_PM	2018/11/20 18:50:35.931	Frm_Dig0300_Shinsa	40131	年月日	40013126	SMTC_TYPE05	4	初回
tsuyoshi.nozawa	SMTC_D_JUDG1_PM	2018/11/20 18:50:39.955	Frm_Dig0300_Shinsa	40140	書類添付なし	40013126	SMTC_TYPE05	4	初回
tsuyoshi.nozawa	SMTC_D_JUDG1_PM	2018/11/20 18:50:41.531	Frm_Dig0300_Shinsa	40131		40013126	SMTC_TYPE05	4	初回
tsuyoshi.nozawa	SMTC_D_JUDG1_PM	2018/11/20 18:50:45.010	Frm_Dig0300_Shinsa	40130	書類添付なし	40013126	SMTC_TYPE05	4	初回
tsuyoshi.nozawa	SMTC_D_JUDG1_PM	2018/11/20 18:50:47.396	Frm_Dig0300_Shinsa	40170	JP：日本国	40013126	SMTC_TYPE05	4	初回
tsuyoshi.nozawa	SMTC_D_JUDG1_PM	2018/11/20 18:50:50.859	Frm_Dig0300_Shinsa	40190	書類	40013126	SMTC_TYPE05	4	初回
tsuyoshi.nozawa	SMTC_D_JUDG1_PM	2018/11/20 18:50:52.529	Frm_Dig0300_Shinsa	40200	一致	40013126	SMTC_TYPE05	4	初回
tsuyoshi.nozawa	SMTC_D_JUDG1_PM	2018/11/20 18:50:53.886	Frm_Dig0300_Shinsa	40210	一致	40013126	SMTC_TYPE05	4	初回
tsuyoshi.nozawa	SMTC_D_JUDG1_PM	2018/11/20 18:50:55.118	Frm_Dig0300_Shinsa	40220	一致	40013126	SMTC_TYPE05	4	初回
tsuyoshi.nozawa	SMTC_D_JUDG1_PM	2018/11/20 18:51:01.623	Frm_Dig0300_Shinsa	40250	年月日	40013126	SMTC_TYPE05	4	初回
tsuyoshi.nozawa	SMTC_D_JUDG1_PM	2018/11/20 18:51:08.160	Frm_Dig0300_Shinsa	40260	年月日	40013126	SMTC_TYPE05	4	初回
tsuyoshi.nozawa	SMTC_D_JUDG1_PM	2018/11/20 18:51:13.760	Frm_Dig0300_Shinsa	40270	00000	40013126	SMTC_TYPE05	4	初回
tsuyoshi.nozawa	SMTC_D_JUDG1_PM	2018/11/20 18:51:15.757	Frm_Dig0300_Shinsa	40290	あり	40013126	SMTC_TYPE05	4	初回
tsuyoshi.nozawa	SMTC_D_JUDG1_PM	2018/11/20 18:51:20.873	Frm_Dig0300_Shinsa	40300	年月日	40013126	SMTC_TYPE05	4	初回
tsuyoshi.nozawa	SMTC_D_JUDG1_PM	2018/11/20 18:51:23.447	Frm_Dig0300_Shinsa	40310	裏面なし／記載なし	40013126	SMTC_TYPE05	4	初回
tsuyoshi.nozawa	SMTC_D_JUDG1_PM	2018/11/20 18:51:24.258	Frm_Dig0300_Shinsa	40320	記載なし／裏面なし	40013126	SMTC_TYPE05	4	初回
tsuyoshi.nozawa	SMTC_D_JUDG1_PM	2018/11/20 18:51:25.896	Frm_Dig0300_Shinsa	40400	添付あり	40013126	SMTC_TYPE05	4	初回
tsuyoshi.nozawa	SMTC_D_JUDG1_PM	2018/11/20 18:51:32.308	Frm_Dig0300_Shinsa	40410	一致	40013126	SMTC_TYPE05	4	初回
tsuyoshi.nozawa	SMTC_D_JUDG1_PM	2018/11/20 18:51:33.540	Frm_Dig0300_Shinsa	40440	あり	40013126	SMTC_TYPE05	4	初回
tsuyoshi.nozawa	SMTC_D_JUDG1_PM	2018/11/20 18:51:34.975	Frm_Dig0300_Shinsa	40450	一致	40013126	SMTC_TYPE05	4	初回
tsuyoshi.nozawa	SMTC_D_JUDG1_PM	2018/11/20 18:51:36.457	Frm_Dig0300_Shinsa	50710	なし	40013126	SMTC_TYPE05	4	初回
tsuyoshi.nozawa	SMTC_D_JUDG1_PM	2018/11/20 18:51:37.300	Frm_Dig0300_Shinsa	50690	なし	40013126	SMTC_TYPE05	4	初回
tsuyoshi.nozawa	SMTC_D_JUDG1_PM	2018/11/20 18:51:38.891	Frm_Dig0300_Shinsa	50700	なし	40013126	SMTC_TYPE05	4	初回
tsuyoshi.nozawa	SMTC_D_JUDG1_PM	2018/11/20 18:51:40.233	Frm_Dig0300_Shinsa	50730	記載なし	40013126	SMTC_TYPE05	4	初回
tsuyoshi.nozawa	SMTC_D_JUDG1_PM	2018/11/20 18:51:42.744	Frm_Dig0300_Shinsa	50740	添付なし	40013126	SMTC_TYPE05	4	初回
tsuyoshi.nozawa	SMTC_D_JUDG1_PM	2018/11/20 18:51:44.415	Frm_Dig0300_Shinsa	END	一次審査終了	40013126	SMTC_TYPE05	4	初回
