yoshiyuki.fukuda	SMTC_D_JUDG1_AM	2018/11/20 12:34:39.279	Frm_Dig0300_Shinsa	START	一次審査開始	10007710	SMTC_TYPE03	4	初回
yoshiyuki.fukuda	SMTC_D_JUDG1_AM	2018/11/20 12:35:40.167	Frm_Dig0300_Shinsa	10010	通常申込書	10007710	SMTC_TYPE03	4	初回
yoshiyuki.fukuda	SMTC_D_JUDG1_AM	2018/11/20 12:35:46.626	Frm_Dig0300_Shinsa	10020	あり	10007710	SMTC_TYPE03	4	初回
yoshiyuki.fukuda	SMTC_D_JUDG1_AM	2018/11/20 12:35:51.399	Frm_Dig0300_Shinsa	10630	なし	10007710	SMTC_TYPE03	4	初回
yoshiyuki.fukuda	SMTC_D_JUDG1_AM	2018/11/20 12:36:16.251	Frm_Dig0300_Shinsa	10030	訂正がない	10007710	SMTC_TYPE03	4	初回
yoshiyuki.fukuda	SMTC_D_JUDG1_AM	2018/11/20 12:36:23.973	Frm_Dig0300_Shinsa	10040	法人口座	10007710	SMTC_TYPE03	4	初回
yoshiyuki.fukuda	SMTC_D_JUDG1_AM	2018/11/20 12:36:51.601	Frm_Dig0300_Shinsa	10050	法人口座	10007710	SMTC_TYPE03	4	初回
yoshiyuki.fukuda	SMTC_D_JUDG1_AM	2018/11/20 12:36:55.049	Frm_Dig0300_Shinsa	10750	対象外の金融機関を指定	10007710	SMTC_TYPE03	4	初回
yoshiyuki.fukuda	SMTC_D_JUDG1_AM	2018/11/20 12:36:56.703	Frm_Dig0300_Shinsa	10070	鮮明、または、捺印なし　	10007710	SMTC_TYPE03	4	初回
yoshiyuki.fukuda	SMTC_D_JUDG1_AM	2018/11/20 12:37:01.726	Frm_Dig0300_Shinsa	10640	なし	10007710	SMTC_TYPE03	4	初回
yoshiyuki.fukuda	SMTC_D_JUDG1_AM	2018/11/20 12:37:02.709	Frm_Dig0300_Shinsa	10080	あり	10007710	SMTC_TYPE03	4	初回
yoshiyuki.fukuda	SMTC_D_JUDG1_AM	2018/11/20 12:37:06.047	Frm_Dig0300_Shinsa	10700	なし	10007710	SMTC_TYPE03	4	初回
yoshiyuki.fukuda	SMTC_D_JUDG1_AM	2018/11/20 12:37:11.648	Frm_Dig0300_Shinsa	10090	訂正がない	10007710	SMTC_TYPE03	4	初回
yoshiyuki.fukuda	SMTC_D_JUDG1_AM	2018/11/20 12:37:16.094	Frm_Dig0300_Shinsa	10110	鮮明、または、捺印なし　	10007710	SMTC_TYPE03	4	初回
yoshiyuki.fukuda	SMTC_D_JUDG1_AM	2018/11/20 12:37:27.139	Frm_Dig0300_Shinsa	10620	なし	10007710	SMTC_TYPE03	4	初回
yoshiyuki.fukuda	SMTC_D_JUDG1_AM	2018/11/20 12:38:16.249	Frm_Dig0300_Shinsa	10120	書類	10007710	SMTC_TYPE03	4	初回
yoshiyuki.fukuda	SMTC_D_JUDG1_AM	2018/11/20 12:38:22.723	Frm_Dig0300_Shinsa	10121	年月日	10007710	SMTC_TYPE03	4	初回
yoshiyuki.fukuda	SMTC_D_JUDG1_AM	2018/11/20 12:38:27.013	Frm_Dig0300_Shinsa	10130	書類添付なし	10007710	SMTC_TYPE03	4	初回
yoshiyuki.fukuda	SMTC_D_JUDG1_AM	2018/11/20 12:38:30.508	Frm_Dig0300_Shinsa	10170	JP：日本国	10007710	SMTC_TYPE03	4	初回
yoshiyuki.fukuda	SMTC_D_JUDG1_AM	2018/11/20 12:38:33.596	Frm_Dig0300_Shinsa	10190	書類	10007710	SMTC_TYPE03	4	初回
yoshiyuki.fukuda	SMTC_D_JUDG1_AM	2018/11/20 12:38:42.520	Frm_Dig0300_Shinsa	10200	一致	10007710	SMTC_TYPE03	4	初回
yoshiyuki.fukuda	SMTC_D_JUDG1_AM	2018/11/20 12:38:56.388	Frm_Dig0300_Shinsa	10210	一致	10007710	SMTC_TYPE03	4	初回
yoshiyuki.fukuda	SMTC_D_JUDG1_AM	2018/11/20 12:39:17.027	Frm_Dig0300_Shinsa	10220	一致	10007710	SMTC_TYPE03	4	初回
yoshiyuki.fukuda	SMTC_D_JUDG1_AM	2018/11/20 12:39:26.200	Frm_Dig0300_Shinsa	10250	年月日	10007710	SMTC_TYPE03	4	初回
yoshiyuki.fukuda	SMTC_D_JUDG1_AM	2018/11/20 12:39:35.467	Frm_Dig0300_Shinsa	10260	年月日	10007710	SMTC_TYPE03	4	初回
yoshiyuki.fukuda	SMTC_D_JUDG1_AM	2018/11/20 12:40:03.251	Frm_Dig0300_Shinsa	10270	00000	10007710	SMTC_TYPE03	4	初回
yoshiyuki.fukuda	SMTC_D_JUDG1_AM	2018/11/20 12:40:08.290	Frm_Dig0300_Shinsa	10290	あり	10007710	SMTC_TYPE03	4	初回
yoshiyuki.fukuda	SMTC_D_JUDG1_AM	2018/11/20 12:40:21.628	Frm_Dig0300_Shinsa	10300	年月日	10007710	SMTC_TYPE03	4	初回
yoshiyuki.fukuda	SMTC_D_JUDG1_AM	2018/11/20 12:40:24.529	Frm_Dig0300_Shinsa	10310	あり	10007710	SMTC_TYPE03	4	初回
yoshiyuki.fukuda	SMTC_D_JUDG1_AM	2018/11/20 12:40:29.085	Frm_Dig0300_Shinsa	10320	すべて記載あり	10007710	SMTC_TYPE03	4	初回
yoshiyuki.fukuda	SMTC_D_JUDG1_AM	2018/11/20 12:40:30.926	Frm_Dig0300_Shinsa	10370	なし	10007710	SMTC_TYPE03	4	初回
yoshiyuki.fukuda	SMTC_D_JUDG1_AM	2018/11/20 12:40:38.070	Frm_Dig0300_Shinsa	10470	それ以外	10007710	SMTC_TYPE03	4	初回
yoshiyuki.fukuda	SMTC_D_JUDG1_AM	2018/11/20 12:40:42.516	Frm_Dig0300_Shinsa	10710	なし	10007710	SMTC_TYPE03	4	初回
yoshiyuki.fukuda	SMTC_D_JUDG1_AM	2018/11/20 12:40:51.736	Frm_Dig0300_Shinsa	10450	なし	10007710	SMTC_TYPE03	4	初回
yoshiyuki.fukuda	SMTC_D_JUDG1_AM	2018/11/20 12:40:52.688	Frm_Dig0300_Shinsa	10610	あり	10007710	SMTC_TYPE03	4	初回
yoshiyuki.fukuda	SMTC_D_JUDG1_AM	2018/11/20 12:40:55.761	Frm_Dig0300_Shinsa	10730	記載あり	10007710	SMTC_TYPE03	4	初回
yoshiyuki.fukuda	SMTC_D_JUDG1_AM	2018/11/20 12:41:36.758	Frm_Dig0300_Shinsa	10740	添付なし	10007710	SMTC_TYPE03	4	初回
yoshiyuki.fukuda	SMTC_D_JUDG1_AM	2018/11/20 12:41:41.282	Frm_Dig0300_Shinsa	10770	なし	10007710	SMTC_TYPE03	4	初回
yoshiyuki.fukuda	SMTC_D_JUDG1_AM	2018/11/20 12:41:44.028	Frm_Dig0300_Shinsa	10460		10007710	SMTC_TYPE03	4	初回
yoshiyuki.fukuda	SMTC_D_JUDG1_AM	2018/11/20 12:41:46.535	Frm_Dig0300_Shinsa	END	一次審査終了	10007710	SMTC_TYPE03	4	初回
yoshiyuki.fukuda	SMTC_D_JUDG1_AM	2018/11/20 12:41:58.881	Frm_Dig0300_Shinsa	START	一次審査開始	50007824	SMTC_TYPE04	2	初回
yoshiyuki.fukuda	SMTC_D_JUDG1_AM	2018/11/20 12:42:11.470	Frm_Dig0300_Shinsa	10010	通常申込書	50007824	SMTC_TYPE04	2	初回
yoshiyuki.fukuda	SMTC_D_JUDG1_AM	2018/11/20 12:42:12.297	Frm_Dig0300_Shinsa	10020	なし	50007824	SMTC_TYPE04	2	初回
yoshiyuki.fukuda	SMTC_D_JUDG1_AM	2018/11/20 12:42:13.171	Frm_Dig0300_Shinsa	10640	なし	50007824	SMTC_TYPE04	2	初回
yoshiyuki.fukuda	SMTC_D_JUDG1_AM	2018/11/20 12:42:14.138	Frm_Dig0300_Shinsa	10080	あり	50007824	SMTC_TYPE04	2	初回
yoshiyuki.fukuda	SMTC_D_JUDG1_AM	2018/11/20 12:42:22.890	Frm_Dig0300_Shinsa	10700	なし	50007824	SMTC_TYPE04	2	初回
yoshiyuki.fukuda	SMTC_D_JUDG1_AM	2018/11/20 12:42:35.370	Frm_Dig0300_Shinsa	10090	訂正がない	50007824	SMTC_TYPE04	2	初回
yoshiyuki.fukuda	SMTC_D_JUDG1_AM	2018/11/20 12:42:37.507	Frm_Dig0300_Shinsa	10110	鮮明、または、捺印なし　	50007824	SMTC_TYPE04	2	初回
yoshiyuki.fukuda	SMTC_D_JUDG1_AM	2018/11/20 12:42:39.223	Frm_Dig0300_Shinsa	10620	なし	50007824	SMTC_TYPE04	2	初回
yoshiyuki.fukuda	SMTC_D_JUDG1_AM	2018/11/20 12:42:43.747	Frm_Dig0300_Shinsa	10120	書類	50007824	SMTC_TYPE04	2	初回
yoshiyuki.fukuda	SMTC_D_JUDG1_AM	2018/11/20 12:43:19.612	Frm_Dig0300_Shinsa	10121	年月日	50007824	SMTC_TYPE04	2	初回
yoshiyuki.fukuda	SMTC_D_JUDG1_AM	2018/11/20 12:43:38.722	Frm_Dig0300_Shinsa	10130	書類添付なし	50007824	SMTC_TYPE04	2	初回
yoshiyuki.fukuda	SMTC_D_JUDG1_AM	2018/11/20 12:43:41.250	Frm_Dig0300_Shinsa	10170	JP：日本国	50007824	SMTC_TYPE04	2	初回
yoshiyuki.fukuda	SMTC_D_JUDG1_AM	2018/11/20 12:43:45.196	Frm_Dig0300_Shinsa	10190	書類	50007824	SMTC_TYPE04	2	初回
yoshiyuki.fukuda	SMTC_D_JUDG1_AM	2018/11/20 12:44:00.391	Frm_Dig0300_Shinsa	10200	一致	50007824	SMTC_TYPE04	2	初回
yoshiyuki.fukuda	SMTC_D_JUDG1_AM	2018/11/20 12:44:01.467	Frm_Dig0300_Shinsa	10210	一致	50007824	SMTC_TYPE04	2	初回
yoshiyuki.fukuda	SMTC_D_JUDG1_AM	2018/11/20 12:44:36.942	Frm_Dig0300_Shinsa	10220	一致	50007824	SMTC_TYPE04	2	初回
yoshiyuki.fukuda	SMTC_D_JUDG1_AM	2018/11/20 12:44:54.571	Frm_Dig0300_Shinsa	10250	年月日	50007824	SMTC_TYPE04	2	初回
yoshiyuki.fukuda	SMTC_D_JUDG1_AM	2018/11/20 12:45:21.013	Frm_Dig0300_Shinsa	10260	年月日	50007824	SMTC_TYPE04	2	初回
yoshiyuki.fukuda	SMTC_D_JUDG1_AM	2018/11/20 12:46:32.524	Frm_Dig0300_Shinsa	10270	00000	50007824	SMTC_TYPE04	2	初回
yoshiyuki.fukuda	SMTC_D_JUDG1_AM	2018/11/20 12:46:34.849	Frm_Dig0300_Shinsa	10290	あり	50007824	SMTC_TYPE04	2	初回
yoshiyuki.fukuda	SMTC_D_JUDG1_AM	2018/11/20 12:46:43.632	Frm_Dig0300_Shinsa	10300	年月日	50007824	SMTC_TYPE04	2	初回
yoshiyuki.fukuda	SMTC_D_JUDG1_AM	2018/11/20 12:46:47.922	Frm_Dig0300_Shinsa	10310	裏面なし	50007824	SMTC_TYPE04	2	初回
yoshiyuki.fukuda	SMTC_D_JUDG1_AM	2018/11/20 12:46:49.060	Frm_Dig0300_Shinsa	10320	記載なし	50007824	SMTC_TYPE04	2	初回
yoshiyuki.fukuda	SMTC_D_JUDG1_AM	2018/11/20 12:46:53.475	Frm_Dig0300_Shinsa	10370	なし	50007824	SMTC_TYPE04	2	初回
yoshiyuki.fukuda	SMTC_D_JUDG1_AM	2018/11/20 12:47:00.090	Frm_Dig0300_Shinsa	10470	それ以外	50007824	SMTC_TYPE04	2	初回
yoshiyuki.fukuda	SMTC_D_JUDG1_AM	2018/11/20 12:47:02.071	Frm_Dig0300_Shinsa	10710	なし	50007824	SMTC_TYPE04	2	初回
yoshiyuki.fukuda	SMTC_D_JUDG1_AM	2018/11/20 12:47:08.280	Frm_Dig0300_Shinsa	10450	なし	50007824	SMTC_TYPE04	2	初回
yoshiyuki.fukuda	SMTC_D_JUDG1_AM	2018/11/20 12:47:10.355	Frm_Dig0300_Shinsa	10610	なし	50007824	SMTC_TYPE04	2	初回
yoshiyuki.fukuda	SMTC_D_JUDG1_AM	2018/11/20 12:47:54.612	Frm_Dig0300_Shinsa	10730	記載なし	50007824	SMTC_TYPE04	2	初回
yoshiyuki.fukuda	SMTC_D_JUDG1_AM	2018/11/20 12:47:57.374	Frm_Dig0300_Shinsa	10740	添付なし	50007824	SMTC_TYPE04	2	初回
yoshiyuki.fukuda	SMTC_D_JUDG1_AM	2018/11/20 12:47:58.668	Frm_Dig0300_Shinsa	10770	なし	50007824	SMTC_TYPE04	2	初回
yoshiyuki.fukuda	SMTC_D_JUDG1_AM	2018/11/20 12:48:00.525	Frm_Dig0300_Shinsa	10460		50007824	SMTC_TYPE04	2	初回
yoshiyuki.fukuda	SMTC_D_JUDG1_AM	2018/11/20 12:48:02.846	Frm_Dig0300_Shinsa	END	一次審査終了	50007824	SMTC_TYPE04	2	初回
yoshiyuki.fukuda	SMTC_D_JUDG1_AM	2018/11/20 12:48:04.663	Frm_Dig0300_Shinsa	START	一次審査開始	50007825	SMTC_TYPE04	3	初回
yoshiyuki.fukuda	SMTC_D_JUDG1_AM	2018/11/20 12:48:24.959	Frm_Dig0300_Shinsa	10010	通常申込書	50007825	SMTC_TYPE04	3	初回
yoshiyuki.fukuda	SMTC_D_JUDG1_AM	2018/11/20 12:48:29.311	Frm_Dig0300_Shinsa	10020	あり	50007825	SMTC_TYPE04	3	初回
yoshiyuki.fukuda	SMTC_D_JUDG1_AM	2018/11/20 12:48:43.367	Frm_Dig0300_Shinsa	10630	なし	50007825	SMTC_TYPE04	3	初回
yoshiyuki.fukuda	SMTC_D_JUDG1_AM	2018/11/20 12:48:48.609	Frm_Dig0300_Shinsa	10030	訂正がない	50007825	SMTC_TYPE04	3	初回
yoshiyuki.fukuda	SMTC_D_JUDG1_AM	2018/11/20 12:48:55.270	Frm_Dig0300_Shinsa	10040	法人口座	50007825	SMTC_TYPE04	3	初回
yoshiyuki.fukuda	SMTC_D_JUDG1_AM	2018/11/20 12:49:05.550	Frm_Dig0300_Shinsa	10050	法人口座	50007825	SMTC_TYPE04	3	初回
yoshiyuki.fukuda	SMTC_D_JUDG1_AM	2018/11/20 12:49:24.988	Frm_Dig0300_Shinsa	10750	肩書き、代表者名の両方に記載あり	50007825	SMTC_TYPE04	3	初回
yoshiyuki.fukuda	SMTC_D_JUDG1_AM	2018/11/20 12:49:27.780	Frm_Dig0300_Shinsa	10070	鮮明、または、捺印なし　	50007825	SMTC_TYPE04	3	初回
yoshiyuki.fukuda	SMTC_D_JUDG1_AM	2018/11/20 12:49:30.791	Frm_Dig0300_Shinsa	10640	なし	50007825	SMTC_TYPE04	3	初回
yoshiyuki.fukuda	SMTC_D_JUDG1_AM	2018/11/20 12:49:32.882	Frm_Dig0300_Shinsa	10080	あり	50007825	SMTC_TYPE04	3	初回
yoshiyuki.fukuda	SMTC_D_JUDG1_AM	2018/11/20 12:49:39.449	Frm_Dig0300_Shinsa	10700	なし	50007825	SMTC_TYPE04	3	初回
yoshiyuki.fukuda	SMTC_D_JUDG1_AM	2018/11/20 12:49:40.838	Frm_Dig0300_Shinsa	10090	訂正がない	50007825	SMTC_TYPE04	3	初回
yoshiyuki.fukuda	SMTC_D_JUDG1_AM	2018/11/20 12:49:46.095	Frm_Dig0300_Shinsa	10110	鮮明、または、捺印なし　	50007825	SMTC_TYPE04	3	初回
yoshiyuki.fukuda	SMTC_D_JUDG1_AM	2018/11/20 12:50:08.871	Frm_Dig0300_Shinsa	10620	なし	50007825	SMTC_TYPE04	3	初回
yoshiyuki.fukuda	SMTC_D_JUDG1_AM	2018/11/20 12:50:11.975	Frm_Dig0300_Shinsa	10120	書類	50007825	SMTC_TYPE04	3	初回
yoshiyuki.fukuda	SMTC_D_JUDG1_AM	2018/11/20 12:50:53.144	Frm_Dig0300_Shinsa	10121	年月日	50007825	SMTC_TYPE04	3	初回
yoshiyuki.fukuda	SMTC_D_JUDG1_AM	2018/11/20 12:51:21.723	Frm_Dig0300_Shinsa	10130	書類添付なし	50007825	SMTC_TYPE04	3	初回
yoshiyuki.fukuda	SMTC_D_JUDG1_AM	2018/11/20 12:51:24.344	Frm_Dig0300_Shinsa	10170	JP：日本国	50007825	SMTC_TYPE04	3	初回
yoshiyuki.fukuda	SMTC_D_JUDG1_AM	2018/11/20 12:51:27.028	Frm_Dig0300_Shinsa	10190	書類	50007825	SMTC_TYPE04	3	初回
yoshiyuki.fukuda	SMTC_D_JUDG1_AM	2018/11/20 12:51:33.205	Frm_Dig0300_Shinsa	10200	一致	50007825	SMTC_TYPE04	3	初回
yoshiyuki.fukuda	SMTC_D_JUDG1_AM	2018/11/20 12:51:46.013	Frm_Dig0300_Shinsa	10210	一致	50007825	SMTC_TYPE04	3	初回
yoshiyuki.fukuda	SMTC_D_JUDG1_AM	2018/11/20 12:52:04.655	Frm_Dig0300_Shinsa	10220	一致	50007825	SMTC_TYPE04	3	初回
yoshiyuki.fukuda	SMTC_D_JUDG1_AM	2018/11/20 12:52:15.840	Frm_Dig0300_Shinsa	10250	年月日	50007825	SMTC_TYPE04	3	初回
yoshiyuki.fukuda	SMTC_D_JUDG1_AM	2018/11/20 12:52:25.231	Frm_Dig0300_Shinsa	10260	年月日	50007825	SMTC_TYPE04	3	初回
yoshiyuki.fukuda	SMTC_D_JUDG1_AM	2018/11/20 12:53:11.002	Frm_Dig0300_Shinsa	10270	00000	50007825	SMTC_TYPE04	3	初回
yoshiyuki.fukuda	SMTC_D_JUDG1_AM	2018/11/20 12:53:20.284	Frm_Dig0300_Shinsa	10290	あり	50007825	SMTC_TYPE04	3	初回
yoshiyuki.fukuda	SMTC_D_JUDG1_AM	2018/11/20 12:53:30.643	Frm_Dig0300_Shinsa	10300	年月日	50007825	SMTC_TYPE04	3	初回
yoshiyuki.fukuda	SMTC_D_JUDG1_AM	2018/11/20 12:53:35.838	Frm_Dig0300_Shinsa	10310	裏面なし	50007825	SMTC_TYPE04	3	初回
yoshiyuki.fukuda	SMTC_D_JUDG1_AM	2018/11/20 12:53:37.569	Frm_Dig0300_Shinsa	10320	記載なし	50007825	SMTC_TYPE04	3	初回
yoshiyuki.fukuda	SMTC_D_JUDG1_AM	2018/11/20 12:53:43.606	Frm_Dig0300_Shinsa	10370	なし	50007825	SMTC_TYPE04	3	初回
yoshiyuki.fukuda	SMTC_D_JUDG1_AM	2018/11/20 12:54:15.477	Frm_Dig0300_Shinsa	10470	それ以外	50007825	SMTC_TYPE04	3	初回
yoshiyuki.fukuda	SMTC_D_JUDG1_AM	2018/11/20 12:54:24.416	Frm_Dig0300_Shinsa	10710	なし	50007825	SMTC_TYPE04	3	初回
yoshiyuki.fukuda	SMTC_D_JUDG1_AM	2018/11/20 12:54:30.937	Frm_Dig0300_Shinsa	10450	なし	50007825	SMTC_TYPE04	3	初回
yoshiyuki.fukuda	SMTC_D_JUDG1_AM	2018/11/20 12:54:32.513	Frm_Dig0300_Shinsa	10610	なし	50007825	SMTC_TYPE04	3	初回
yoshiyuki.fukuda	SMTC_D_JUDG1_AM	2018/11/20 12:55:04.384	Frm_Dig0300_Shinsa	10730	記載なし	50007825	SMTC_TYPE04	3	初回
yoshiyuki.fukuda	SMTC_D_JUDG1_AM	2018/11/20 12:55:08.471	Frm_Dig0300_Shinsa	10740	添付なし	50007825	SMTC_TYPE04	3	初回
yoshiyuki.fukuda	SMTC_D_JUDG1_AM	2018/11/20 12:55:13.432	Frm_Dig0300_Shinsa	10770	なし	50007825	SMTC_TYPE04	3	初回
yoshiyuki.fukuda	SMTC_D_JUDG1_AM	2018/11/20 12:56:10.388	Frm_Dig0300_Shinsa	10460		50007825	SMTC_TYPE04	3	初回
yoshiyuki.fukuda	SMTC_D_JUDG1_AM	2018/11/20 12:56:12.636	Frm_Dig0300_Shinsa	END	一次審査終了	50007825	SMTC_TYPE04	3	初回
yoshiyuki.fukuda	SMTC_D_JUDG1_AM	2018/11/20 12:56:17.014	Frm_Dig0300_Shinsa	START	一次審査開始	50007826	SMTC_TYPE04	2	初回
yoshiyuki.fukuda	SMTC_D_JUDG1_AM	2018/11/20 12:56:29.338	Frm_Dig0300_Shinsa	10010	通常申込書	50007826	SMTC_TYPE04	2	初回
yoshiyuki.fukuda	SMTC_D_JUDG1_AM	2018/11/20 12:56:31.272	Frm_Dig0300_Shinsa	10020	あり	50007826	SMTC_TYPE04	2	初回
yoshiyuki.fukuda	SMTC_D_JUDG1_AM	2018/11/20 12:56:33.425	Frm_Dig0300_Shinsa	10630	なし	50007826	SMTC_TYPE04	2	初回
yoshiyuki.fukuda	SMTC_D_JUDG1_AM	2018/11/20 12:57:02.738	Frm_Dig0300_Shinsa	10030	訂正がない	50007826	SMTC_TYPE04	2	初回
yoshiyuki.fukuda	SMTC_D_JUDG1_AM	2018/11/20 12:57:05.608	Frm_Dig0300_Shinsa	10040	法人口座	50007826	SMTC_TYPE04	2	初回
yoshiyuki.fukuda	SMTC_D_JUDG1_AM	2018/11/20 12:57:14.672	Frm_Dig0300_Shinsa	10050	法人口座	50007826	SMTC_TYPE04	2	初回
yoshiyuki.fukuda	SMTC_D_JUDG1_AM	2018/11/20 12:57:16.123	Frm_Dig0300_Shinsa	10750	対象外の金融機関を指定	50007826	SMTC_TYPE04	2	初回
yoshiyuki.fukuda	SMTC_D_JUDG1_AM	2018/11/20 12:57:17.776	Frm_Dig0300_Shinsa	10070	鮮明、または、捺印なし　	50007826	SMTC_TYPE04	2	初回
yoshiyuki.fukuda	SMTC_D_JUDG1_AM	2018/11/20 12:57:20.755	Frm_Dig0300_Shinsa	10640	なし	50007826	SMTC_TYPE04	2	初回
yoshiyuki.fukuda	SMTC_D_JUDG1_AM	2018/11/20 12:58:15.061	Frm_Dig0300_Shinsa	10080	あり	50007826	SMTC_TYPE04	2	初回
yoshiyuki.fukuda	SMTC_D_JUDG1_AM	2018/11/20 12:58:21.549	Frm_Dig0300_Shinsa	10700	なし	50007826	SMTC_TYPE04	2	初回
yoshiyuki.fukuda	SMTC_D_JUDG1_AM	2018/11/20 12:58:25.370	Frm_Dig0300_Shinsa	10090	訂正があり、訂正印があり	50007826	SMTC_TYPE04	2	初回
yoshiyuki.fukuda	SMTC_D_JUDG1_AM	2018/11/20 12:58:29.783	Frm_Dig0300_Shinsa	10110	鮮明、または、捺印なし　	50007826	SMTC_TYPE04	2	初回
yoshiyuki.fukuda	SMTC_D_JUDG1_AM	2018/11/20 12:58:33.121	Frm_Dig0300_Shinsa	10620	なし	50007826	SMTC_TYPE04	2	初回
yoshiyuki.fukuda	SMTC_D_JUDG1_AM	2018/11/20 12:58:40.794	Frm_Dig0300_Shinsa	10120	書類	50007826	SMTC_TYPE04	2	初回
yoshiyuki.fukuda	SMTC_D_JUDG1_AM	2018/11/20 12:58:48.498	Frm_Dig0300_Shinsa	10121	年月日	50007826	SMTC_TYPE04	2	初回
yoshiyuki.fukuda	SMTC_D_JUDG1_AM	2018/11/20 12:58:54.409	Frm_Dig0300_Shinsa	10130	書類添付なし	50007826	SMTC_TYPE04	2	初回
yoshiyuki.fukuda	SMTC_D_JUDG1_AM	2018/11/20 12:58:58.932	Frm_Dig0300_Shinsa	10170	JP：日本国	50007826	SMTC_TYPE04	2	初回
yoshiyuki.fukuda	SMTC_D_JUDG1_AM	2018/11/20 12:59:09.116	Frm_Dig0300_Shinsa	10190	書類	50007826	SMTC_TYPE04	2	初回
yoshiyuki.fukuda	SMTC_D_JUDG1_PM	2018/11/20 13:58:39.416	Frm_Dig0300_Shinsa	10200	一致	50007826	SMTC_TYPE04	2	初回
yoshiyuki.fukuda	SMTC_D_JUDG1_PM	2018/11/20 13:59:01.927	Frm_Dig0300_Shinsa	10210	一致	50007826	SMTC_TYPE04	2	初回
yoshiyuki.fukuda	SMTC_D_JUDG1_PM	2018/11/20 13:59:34.157	Frm_Dig0300_Shinsa	10220	一致	50007826	SMTC_TYPE04	2	初回
yoshiyuki.fukuda	SMTC_D_JUDG1_PM	2018/11/20 13:59:46.481	Frm_Dig0300_Shinsa	10250	年月日	50007826	SMTC_TYPE04	2	初回
yoshiyuki.fukuda	SMTC_D_JUDG1_PM	2018/11/20 14:00:02.643	Frm_Dig0300_Shinsa	10260	年月日	50007826	SMTC_TYPE04	2	初回
yoshiyuki.fukuda	SMTC_D_JUDG1_PM	2018/11/20 14:00:22.767	Frm_Dig0300_Shinsa	10270	00000	50007826	SMTC_TYPE04	2	初回
yoshiyuki.fukuda	SMTC_D_JUDG1_PM	2018/11/20 14:00:25.747	Frm_Dig0300_Shinsa	10290	あり	50007826	SMTC_TYPE04	2	初回
yoshiyuki.fukuda	SMTC_D_JUDG1_PM	2018/11/20 14:00:38.133	Frm_Dig0300_Shinsa	10300	年月日	50007826	SMTC_TYPE04	2	初回
yoshiyuki.fukuda	SMTC_D_JUDG1_PM	2018/11/20 14:00:42.189	Frm_Dig0300_Shinsa	10310	あり	50007826	SMTC_TYPE04	2	初回
yoshiyuki.fukuda	SMTC_D_JUDG1_PM	2018/11/20 14:00:45.793	Frm_Dig0300_Shinsa	10320	すべて記載あり	50007826	SMTC_TYPE04	2	初回
yoshiyuki.fukuda	SMTC_D_JUDG1_PM	2018/11/20 14:00:47.587	Frm_Dig0300_Shinsa	10370	なし	50007826	SMTC_TYPE04	2	初回
yoshiyuki.fukuda	SMTC_D_JUDG1_PM	2018/11/20 14:00:52.080	Frm_Dig0300_Shinsa	10470	それ以外	50007826	SMTC_TYPE04	2	初回
yoshiyuki.fukuda	SMTC_D_JUDG1_PM	2018/11/20 14:00:58.897	Frm_Dig0300_Shinsa	10710	なし	50007826	SMTC_TYPE04	2	初回
yoshiyuki.fukuda	SMTC_D_JUDG1_PM	2018/11/20 14:01:04.451	Frm_Dig0300_Shinsa	10450	なし	50007826	SMTC_TYPE04	2	初回
yoshiyuki.fukuda	SMTC_D_JUDG1_PM	2018/11/20 14:01:05.621	Frm_Dig0300_Shinsa	10610	なし	50007826	SMTC_TYPE04	2	初回
yoshiyuki.fukuda	SMTC_D_JUDG1_PM	2018/11/20 14:01:22.953	Frm_Dig0300_Shinsa	10730	記載なし	50007826	SMTC_TYPE04	2	初回
yoshiyuki.fukuda	SMTC_D_JUDG1_PM	2018/11/20 14:01:24.435	Frm_Dig0300_Shinsa	10740	添付なし	50007826	SMTC_TYPE04	2	初回
yoshiyuki.fukuda	SMTC_D_JUDG1_PM	2018/11/20 14:01:26.447	Frm_Dig0300_Shinsa	10770	なし	50007826	SMTC_TYPE04	2	初回
yoshiyuki.fukuda	SMTC_D_JUDG1_PM	2018/11/20 14:01:28.038	Frm_Dig0300_Shinsa	10460		50007826	SMTC_TYPE04	2	初回
yoshiyuki.fukuda	SMTC_D_JUDG1_PM	2018/11/20 14:01:30.145	Frm_Dig0300_Shinsa	END	一次審査終了	50007826	SMTC_TYPE04	2	初回
yoshiyuki.fukuda	SMTC_D_JUDG1_PM	2018/11/20 14:01:31.864	Frm_Dig0300_Shinsa	START	一次審査開始	50007827	SMTC_TYPE04	4	初回
yoshiyuki.fukuda	SMTC_D_JUDG1_PM	2018/11/20 14:01:46.653	Frm_Dig0300_Shinsa	10010	通常申込書	50007827	SMTC_TYPE04	4	初回
yoshiyuki.fukuda	SMTC_D_JUDG1_PM	2018/11/20 14:01:49.134	Frm_Dig0300_Shinsa	10020	あり	50007827	SMTC_TYPE04	4	初回
yoshiyuki.fukuda	SMTC_D_JUDG1_PM	2018/11/20 14:01:53.861	Frm_Dig0300_Shinsa	10630	なし	50007827	SMTC_TYPE04	4	初回
yoshiyuki.fukuda	SMTC_D_JUDG1_PM	2018/11/20 14:02:01.240	Frm_Dig0300_Shinsa	10030	訂正がない	50007827	SMTC_TYPE04	4	初回
yoshiyuki.fukuda	SMTC_D_JUDG1_PM	2018/11/20 14:02:15.888	Frm_Dig0300_Shinsa	10040	法人口座	50007827	SMTC_TYPE04	4	初回
yoshiyuki.fukuda	SMTC_D_JUDG1_PM	2018/11/20 14:02:22.518	Frm_Dig0300_Shinsa	10050	法人口座	50007827	SMTC_TYPE04	4	初回
yoshiyuki.fukuda	SMTC_D_JUDG1_PM	2018/11/20 14:02:28.478	Frm_Dig0300_Shinsa	10750	肩書き、代表者名の両方に記載あり	50007827	SMTC_TYPE04	4	初回
yoshiyuki.fukuda	SMTC_D_JUDG1_PM	2018/11/20 14:02:31.348	Frm_Dig0300_Shinsa	10070	鮮明、または、捺印なし　	50007827	SMTC_TYPE04	4	初回
yoshiyuki.fukuda	SMTC_D_JUDG1_PM	2018/11/20 14:02:33.844	Frm_Dig0300_Shinsa	10640	なし	50007827	SMTC_TYPE04	4	初回
yoshiyuki.fukuda	SMTC_D_JUDG1_PM	2018/11/20 14:02:45.950	Frm_Dig0300_Shinsa	10080	あり	50007827	SMTC_TYPE04	4	初回
yoshiyuki.fukuda	SMTC_D_JUDG1_PM	2018/11/20 14:02:47.182	Frm_Dig0300_Shinsa	10700	なし	50007827	SMTC_TYPE04	4	初回
yoshiyuki.fukuda	SMTC_D_JUDG1_PM	2018/11/20 14:02:50.240	Frm_Dig0300_Shinsa	10090	訂正がない	50007827	SMTC_TYPE04	4	初回
yoshiyuki.fukuda	SMTC_D_JUDG1_PM	2018/11/20 14:02:52.362	Frm_Dig0300_Shinsa	10110	鮮明、または、捺印なし　	50007827	SMTC_TYPE04	4	初回
yoshiyuki.fukuda	SMTC_D_JUDG1_PM	2018/11/20 14:03:05.996	Frm_Dig0300_Shinsa	10620	なし	50007827	SMTC_TYPE04	4	初回
yoshiyuki.fukuda	SMTC_D_JUDG1_PM	2018/11/20 14:03:08.664	Frm_Dig0300_Shinsa	10120	書類	50007827	SMTC_TYPE04	4	初回
yoshiyuki.fukuda	SMTC_D_JUDG1_PM	2018/11/20 14:03:14.171	Frm_Dig0300_Shinsa	10121	年月日	50007827	SMTC_TYPE04	4	初回
yoshiyuki.fukuda	SMTC_D_JUDG1_PM	2018/11/20 14:03:17.197	Frm_Dig0300_Shinsa	10130	書類添付なし	50007827	SMTC_TYPE04	4	初回
yoshiyuki.fukuda	SMTC_D_JUDG1_PM	2018/11/20 14:03:21.206	Frm_Dig0300_Shinsa	10170	JP：日本国	50007827	SMTC_TYPE04	4	初回
yoshiyuki.fukuda	SMTC_D_JUDG1_PM	2018/11/20 14:03:25.855	Frm_Dig0300_Shinsa	10190	書類	50007827	SMTC_TYPE04	4	初回
yoshiyuki.fukuda	SMTC_D_JUDG1_PM	2018/11/20 14:03:32.688	Frm_Dig0300_Shinsa	10200	一致	50007827	SMTC_TYPE04	4	初回
yoshiyuki.fukuda	SMTC_D_JUDG1_PM	2018/11/20 14:03:46.697	Frm_Dig0300_Shinsa	10210	一致	50007827	SMTC_TYPE04	4	初回
yoshiyuki.fukuda	SMTC_D_JUDG1_PM	2018/11/20 14:04:05.745	Frm_Dig0300_Shinsa	10220	一致	50007827	SMTC_TYPE04	4	初回
yoshiyuki.fukuda	SMTC_D_JUDG1_PM	2018/11/20 14:04:15.464	Frm_Dig0300_Shinsa	10250	年月日	50007827	SMTC_TYPE04	4	初回
yoshiyuki.fukuda	SMTC_D_JUDG1_PM	2018/11/20 14:05:26.663	Frm_Dig0300_Shinsa	10260	年月日	50007827	SMTC_TYPE04	4	初回
yoshiyuki.fukuda	SMTC_D_JUDG1_PM	2018/11/20 14:05:45.536	Frm_Dig0300_Shinsa	10270	00000	50007827	SMTC_TYPE04	4	初回
yoshiyuki.fukuda	SMTC_D_JUDG1_PM	2018/11/20 14:05:47.579	Frm_Dig0300_Shinsa	10290	あり	50007827	SMTC_TYPE04	4	初回
yoshiyuki.fukuda	SMTC_D_JUDG1_PM	2018/11/20 14:05:55.641	Frm_Dig0300_Shinsa	10300	年月日	50007827	SMTC_TYPE04	4	初回
yoshiyuki.fukuda	SMTC_D_JUDG1_PM	2018/11/20 14:06:12.811	Frm_Dig0300_Shinsa	10310	あり	50007827	SMTC_TYPE04	4	初回
yoshiyuki.fukuda	SMTC_D_JUDG1_PM	2018/11/20 14:06:13.575	Frm_Dig0300_Shinsa	10320	すべて記載あり	50007827	SMTC_TYPE04	4	初回
yoshiyuki.fukuda	SMTC_D_JUDG1_PM	2018/11/20 14:06:15.805	Frm_Dig0300_Shinsa	10370	なし	50007827	SMTC_TYPE04	4	初回
yoshiyuki.fukuda	SMTC_D_JUDG1_PM	2018/11/20 14:06:23.493	Frm_Dig0300_Shinsa	10470	それ以外	50007827	SMTC_TYPE04	4	初回
yoshiyuki.fukuda	SMTC_D_JUDG1_PM	2018/11/20 14:06:25.551	Frm_Dig0300_Shinsa	10710	なし	50007827	SMTC_TYPE04	4	初回
yoshiyuki.fukuda	SMTC_D_JUDG1_PM	2018/11/20 14:06:33.489	Frm_Dig0300_Shinsa	10450	なし	50007827	SMTC_TYPE04	4	初回
yoshiyuki.fukuda	SMTC_D_JUDG1_PM	2018/11/20 14:06:34.752	Frm_Dig0300_Shinsa	10610	あり	50007827	SMTC_TYPE04	4	初回
yoshiyuki.fukuda	SMTC_D_JUDG1_PM	2018/11/20 14:06:42.050	Frm_Dig0300_Shinsa	10730	記載あり	50007827	SMTC_TYPE04	4	初回
yoshiyuki.fukuda	SMTC_D_JUDG1_PM	2018/11/20 14:06:44.031	Frm_Dig0300_Shinsa	10740	添付なし	50007827	SMTC_TYPE04	4	初回
yoshiyuki.fukuda	SMTC_D_JUDG1_PM	2018/11/20 14:06:45.965	Frm_Dig0300_Shinsa	10770	あり（氏名が申込書と一致する）	50007827	SMTC_TYPE04	4	初回
yoshiyuki.fukuda	SMTC_D_JUDG1_PM	2018/11/20 14:06:48.008	Frm_Dig0300_Shinsa	10460		50007827	SMTC_TYPE04	4	初回
yoshiyuki.fukuda	SMTC_D_JUDG1_PM	2018/11/20 14:06:50.116	Frm_Dig0300_Shinsa	END	一次審査終了	50007827	SMTC_TYPE04	4	初回
yoshiyuki.fukuda	SMTC_D_JUDG1_PM	2018/11/20 14:06:53.555	Frm_Dig0300_Shinsa	START	一次審査開始	50007828	SMTC_TYPE04	5	初回
yoshiyuki.fukuda	SMTC_D_JUDG1_PM	2018/11/20 14:07:09.415	Frm_Dig0300_Shinsa	10010	通常申込書	50007828	SMTC_TYPE04	5	初回
yoshiyuki.fukuda	SMTC_D_JUDG1_PM	2018/11/20 14:07:10.366	Frm_Dig0300_Shinsa	10020	なし	50007828	SMTC_TYPE04	5	初回
yoshiyuki.fukuda	SMTC_D_JUDG1_PM	2018/11/20 14:07:11.489	Frm_Dig0300_Shinsa	10640	なし	50007828	SMTC_TYPE04	5	初回
yoshiyuki.fukuda	SMTC_D_JUDG1_PM	2018/11/20 14:07:18.117	Frm_Dig0300_Shinsa	10080	あり	50007828	SMTC_TYPE04	5	初回
yoshiyuki.fukuda	SMTC_D_JUDG1_PM	2018/11/20 14:07:19.988	Frm_Dig0300_Shinsa	10700	なし	50007828	SMTC_TYPE04	5	初回
yoshiyuki.fukuda	SMTC_D_JUDG1_PM	2018/11/20 14:07:50.242	Frm_Dig0300_Shinsa	10090	訂正がない	50007828	SMTC_TYPE04	5	初回
yoshiyuki.fukuda	SMTC_D_JUDG1_PM	2018/11/20 14:07:52.643	Frm_Dig0300_Shinsa	10110	鮮明、または、捺印なし　	50007828	SMTC_TYPE04	5	初回
yoshiyuki.fukuda	SMTC_D_JUDG1_PM	2018/11/20 14:08:23.692	Frm_Dig0300_Shinsa	10620	なし	50007828	SMTC_TYPE04	5	初回
yoshiyuki.fukuda	SMTC_D_JUDG1_PM	2018/11/20 14:08:27.404	Frm_Dig0300_Shinsa	10120	書類	50007828	SMTC_TYPE04	5	初回
yoshiyuki.fukuda	SMTC_D_JUDG1_PM	2018/11/20 14:08:33.127	Frm_Dig0300_Shinsa	10121	年月日	50007828	SMTC_TYPE04	5	初回
yoshiyuki.fukuda	SMTC_D_JUDG1_PM	2018/11/20 14:08:37.135	Frm_Dig0300_Shinsa	10130	書類添付なし	50007828	SMTC_TYPE04	5	初回
yoshiyuki.fukuda	SMTC_D_JUDG1_PM	2018/11/20 14:08:39.661	Frm_Dig0300_Shinsa	10170	JP：日本国	50007828	SMTC_TYPE04	5	初回
yoshiyuki.fukuda	SMTC_D_JUDG1_PM	2018/11/20 14:08:42.234	Frm_Dig0300_Shinsa	10190	書類	50007828	SMTC_TYPE04	5	初回
yoshiyuki.fukuda	SMTC_D_JUDG1_PM	2018/11/20 14:08:51.310	Frm_Dig0300_Shinsa	10200	一致	50007828	SMTC_TYPE04	5	初回
yoshiyuki.fukuda	SMTC_D_JUDG1_PM	2018/11/20 14:09:25.618	Frm_Dig0300_Shinsa	10210	一致	50007828	SMTC_TYPE04	5	初回
yoshiyuki.fukuda	SMTC_D_JUDG1_PM	2018/11/20 14:10:00.644	Frm_Dig0300_Shinsa	10220	一致	50007828	SMTC_TYPE04	5	初回
yoshiyuki.fukuda	SMTC_D_JUDG1_PM	2018/11/20 14:10:07.037	Frm_Dig0300_Shinsa	10250	年月日	50007828	SMTC_TYPE04	5	初回
yoshiyuki.fukuda	SMTC_D_JUDG1_PM	2018/11/20 14:10:23.646	Frm_Dig0300_Shinsa	10260	年月日	50007828	SMTC_TYPE04	5	初回
yoshiyuki.fukuda	SMTC_D_JUDG1_PM	2018/11/20 14:11:08.878	Frm_Dig0300_Shinsa	10270	00000	50007828	SMTC_TYPE04	5	初回
yoshiyuki.fukuda	SMTC_D_JUDG1_PM	2018/11/20 14:11:12.075	Frm_Dig0300_Shinsa	10290	あり	50007828	SMTC_TYPE04	5	初回
yoshiyuki.fukuda	SMTC_D_JUDG1_PM	2018/11/20 14:11:18.626	Frm_Dig0300_Shinsa	10300	年月日	50007828	SMTC_TYPE04	5	初回
yoshiyuki.fukuda	SMTC_D_JUDG1_PM	2018/11/20 14:11:28.297	Frm_Dig0300_Shinsa	10310	裏面なし	50007828	SMTC_TYPE04	5	初回
yoshiyuki.fukuda	SMTC_D_JUDG1_PM	2018/11/20 14:11:36.237	Frm_Dig0300_Shinsa	10320	記載なし	50007828	SMTC_TYPE04	5	初回
yoshiyuki.fukuda	SMTC_D_JUDG1_PM	2018/11/20 14:11:37.890	Frm_Dig0300_Shinsa	10370	なし	50007828	SMTC_TYPE04	5	初回
yoshiyuki.fukuda	SMTC_D_JUDG1_PM	2018/11/20 14:11:48.247	Frm_Dig0300_Shinsa	10470	それ以外	50007828	SMTC_TYPE04	5	初回
yoshiyuki.fukuda	SMTC_D_JUDG1_PM	2018/11/20 14:11:49.745	Frm_Dig0300_Shinsa	10710	なし	50007828	SMTC_TYPE04	5	初回
yoshiyuki.fukuda	SMTC_D_JUDG1_PM	2018/11/20 14:12:00.648	Frm_Dig0300_Shinsa	10450	あり	50007828	SMTC_TYPE04	5	初回
yoshiyuki.fukuda	SMTC_D_JUDG1_PM	2018/11/20 14:12:09.445	Frm_Dig0300_Shinsa	10610	なし	50007828	SMTC_TYPE04	5	初回
yoshiyuki.fukuda	SMTC_D_JUDG1_PM	2018/11/20 14:12:11.582	Frm_Dig0300_Shinsa	10450	なし	50007828	SMTC_TYPE04	5	初回
yoshiyuki.fukuda	SMTC_D_JUDG1_PM	2018/11/20 14:12:12.549	Frm_Dig0300_Shinsa	10610	あり	50007828	SMTC_TYPE04	5	初回
yoshiyuki.fukuda	SMTC_D_JUDG1_PM	2018/11/20 14:12:14.202	Frm_Dig0300_Shinsa	10730	記載あり	50007828	SMTC_TYPE04	5	初回
yoshiyuki.fukuda	SMTC_D_JUDG1_PM	2018/11/20 14:12:15.840	Frm_Dig0300_Shinsa	10740	添付なし	50007828	SMTC_TYPE04	5	初回
yoshiyuki.fukuda	SMTC_D_JUDG1_PM	2018/11/20 14:12:20.551	Frm_Dig0300_Shinsa	10770	あり（氏名が申込書と一致する）	50007828	SMTC_TYPE04	5	初回
yoshiyuki.fukuda	SMTC_D_JUDG1_PM	2018/11/20 14:12:37.943	Frm_Dig0300_Shinsa	10460	リマークスあり	50007828	SMTC_TYPE04	5	初回
yoshiyuki.fukuda	SMTC_D_JUDG1_PM	2018/11/20 14:12:40.291	Frm_Dig0300_Shinsa	END	一次審査終了	50007828	SMTC_TYPE04	5	初回
yoshiyuki.fukuda	SMTC_D_JUDG1_PM	2018/11/20 14:12:52.652	Frm_Dig0300_Shinsa	START	一次審査開始	50007839	SMTC_TYPE04	3	初回
yoshiyuki.fukuda	SMTC_D_JUDG1_PM	2018/11/20 14:13:24.223	Frm_Dig0300_Shinsa	10010	通常申込書	50007839	SMTC_TYPE04	3	初回
yoshiyuki.fukuda	SMTC_D_JUDG1_PM	2018/11/20 14:13:38.230	Frm_Dig0300_Shinsa	10020	なし	50007839	SMTC_TYPE04	3	初回
yoshiyuki.fukuda	SMTC_D_JUDG1_PM	2018/11/20 14:13:39.400	Frm_Dig0300_Shinsa	10640	あり	50007839	SMTC_TYPE04	3	初回
yoshiyuki.fukuda	SMTC_D_JUDG1_PM	2018/11/20 14:13:42.441	Frm_Dig0300_Shinsa	10650	なし	50007839	SMTC_TYPE04	3	初回
yoshiyuki.fukuda	SMTC_D_JUDG1_PM	2018/11/20 14:13:45.748	Frm_Dig0300_Shinsa	10660	訂正がない	50007839	SMTC_TYPE04	3	初回
yoshiyuki.fukuda	SMTC_D_JUDG1_PM	2018/11/20 14:13:51.769	Frm_Dig0300_Shinsa	10670	法人口座	50007839	SMTC_TYPE04	3	初回
yoshiyuki.fukuda	SMTC_D_JUDG1_PM	2018/11/20 14:14:55.565	Frm_Dig0300_Shinsa	10680	一致	50007839	SMTC_TYPE04	3	初回
yoshiyuki.fukuda	SMTC_D_JUDG1_PM	2018/11/20 14:15:02.865	Frm_Dig0300_Shinsa	10760	肩書き、代表者名の両方に記載あり	50007839	SMTC_TYPE04	3	初回
yoshiyuki.fukuda	SMTC_D_JUDG1_PM	2018/11/20 14:15:05.408	Frm_Dig0300_Shinsa	10690	鮮明、または、捺印なし　	50007839	SMTC_TYPE04	3	初回
yoshiyuki.fukuda	SMTC_D_JUDG1_PM	2018/11/20 14:15:08.028	Frm_Dig0300_Shinsa	10080	なし	50007839	SMTC_TYPE04	3	初回
yoshiyuki.fukuda	SMTC_D_JUDG1_PM	2018/11/20 14:15:12.505	Frm_Dig0300_Shinsa	10620	なし	50007839	SMTC_TYPE04	3	初回
yoshiyuki.fukuda	SMTC_D_JUDG1_PM	2018/11/20 14:15:16.217	Frm_Dig0300_Shinsa	10120	書類	50007839	SMTC_TYPE04	3	初回
yoshiyuki.fukuda	SMTC_D_JUDG1_PM	2018/11/20 14:16:09.986	Frm_Dig0300_Shinsa	10121	年月日	50007839	SMTC_TYPE04	3	初回
yoshiyuki.fukuda	SMTC_D_JUDG1_PM	2018/11/20 14:16:12.810	Frm_Dig0300_Shinsa	10130	書類添付なし	50007839	SMTC_TYPE04	3	初回
yoshiyuki.fukuda	SMTC_D_JUDG1_PM	2018/11/20 14:16:15.680	Frm_Dig0300_Shinsa	10170	JP：日本国	50007839	SMTC_TYPE04	3	初回
yoshiyuki.fukuda	SMTC_D_JUDG1_PM	2018/11/20 14:16:18.129	Frm_Dig0300_Shinsa	10190	書類	50007839	SMTC_TYPE04	3	初回
yoshiyuki.fukuda	SMTC_D_JUDG1_PM	2018/11/20 14:16:27.146	Frm_Dig0300_Shinsa	10200	一致	50007839	SMTC_TYPE04	3	初回
yoshiyuki.fukuda	SMTC_D_JUDG1_PM	2018/11/20 14:16:40.202	Frm_Dig0300_Shinsa	10210	一致	50007839	SMTC_TYPE04	3	初回
yoshiyuki.fukuda	SMTC_D_JUDG1_PM	2018/11/20 14:16:50.482	Frm_Dig0300_Shinsa	10220	一致	50007839	SMTC_TYPE04	3	初回
yoshiyuki.fukuda	SMTC_D_JUDG1_PM	2018/11/20 14:17:02.229	Frm_Dig0300_Shinsa	10250	年月日	50007839	SMTC_TYPE04	3	初回
yoshiyuki.fukuda	SMTC_D_JUDG1_PM	2018/11/20 14:17:41.196	Frm_Dig0300_Shinsa	10260	年月日	50007839	SMTC_TYPE04	3	初回
yoshiyuki.fukuda	SMTC_D_JUDG1_PM	2018/11/20 14:17:55.734	Frm_Dig0300_Shinsa	10270	00000	50007839	SMTC_TYPE04	3	初回
yoshiyuki.fukuda	SMTC_D_JUDG1_PM	2018/11/20 14:18:45.043	Frm_Dig0300_Shinsa	10290	あり	50007839	SMTC_TYPE04	3	初回
yoshiyuki.fukuda	SMTC_D_JUDG1_PM	2018/11/20 14:18:58.989	Frm_Dig0300_Shinsa	10300	年月日	50007839	SMTC_TYPE04	3	初回
yoshiyuki.fukuda	SMTC_D_JUDG1_PM	2018/11/20 14:19:04.371	Frm_Dig0300_Shinsa	10310	あり	50007839	SMTC_TYPE04	3	初回
yoshiyuki.fukuda	SMTC_D_JUDG1_PM	2018/11/20 14:19:05.182	Frm_Dig0300_Shinsa	10320	すべて記載あり	50007839	SMTC_TYPE04	3	初回
yoshiyuki.fukuda	SMTC_D_JUDG1_PM	2018/11/20 14:19:06.992	Frm_Dig0300_Shinsa	10370	なし	50007839	SMTC_TYPE04	3	初回
yoshiyuki.fukuda	SMTC_D_JUDG1_PM	2018/11/20 14:19:17.646	Frm_Dig0300_Shinsa	10470	それ以外	50007839	SMTC_TYPE04	3	初回
yoshiyuki.fukuda	SMTC_D_JUDG1_PM	2018/11/20 14:19:19.596	Frm_Dig0300_Shinsa	10710	なし	50007839	SMTC_TYPE04	3	初回
yoshiyuki.fukuda	SMTC_D_JUDG1_PM	2018/11/20 14:19:23.745	Frm_Dig0300_Shinsa	10450	なし	50007839	SMTC_TYPE04	3	初回
yoshiyuki.fukuda	SMTC_D_JUDG1_PM	2018/11/20 14:19:25.103	Frm_Dig0300_Shinsa	10610	あり	50007839	SMTC_TYPE04	3	初回
yoshiyuki.fukuda	SMTC_D_JUDG1_PM	2018/11/20 14:19:51.840	Frm_Dig0300_Shinsa	10730	記載なし	50007839	SMTC_TYPE04	3	初回
yoshiyuki.fukuda	SMTC_D_JUDG1_PM	2018/11/20 14:20:00.622	Frm_Dig0300_Shinsa	10740	添付なし	50007839	SMTC_TYPE04	3	初回
yoshiyuki.fukuda	SMTC_D_JUDG1_PM	2018/11/20 14:20:03.134	Frm_Dig0300_Shinsa	10770	なし	50007839	SMTC_TYPE04	3	初回
yoshiyuki.fukuda	SMTC_D_JUDG1_PM	2018/11/20 14:20:09.311	Frm_Dig0300_Shinsa	10460		50007839	SMTC_TYPE04	3	初回
yoshiyuki.fukuda	SMTC_D_JUDG1_PM	2018/11/20 14:20:12.166	Frm_Dig0300_Shinsa	END	一次審査終了	50007839	SMTC_TYPE04	3	初回
yoshiyuki.fukuda	SMTC_D_JUDG1_PM	2018/11/20 14:20:13.977	Frm_Dig0300_Shinsa	START	一次審査開始	50007840	SMTC_TYPE04	7	初回
yoshiyuki.fukuda	SMTC_D_JUDG1_PM	2018/11/20 14:20:31.744	Frm_Dig0300_Shinsa	10010	通常申込書	50007840	SMTC_TYPE04	7	初回
yoshiyuki.fukuda	SMTC_D_JUDG1_PM	2018/11/20 14:20:32.789	Frm_Dig0300_Shinsa	10020	なし	50007840	SMTC_TYPE04	7	初回
yoshiyuki.fukuda	SMTC_D_JUDG1_PM	2018/11/20 14:20:33.803	Frm_Dig0300_Shinsa	10640	なし	50007840	SMTC_TYPE04	7	初回
yoshiyuki.fukuda	SMTC_D_JUDG1_PM	2018/11/20 14:20:34.802	Frm_Dig0300_Shinsa	10080	あり	50007840	SMTC_TYPE04	7	初回
yoshiyuki.fukuda	SMTC_D_JUDG1_PM	2018/11/20 14:20:37.189	Frm_Dig0300_Shinsa	10700	なし	50007840	SMTC_TYPE04	7	初回
yoshiyuki.fukuda	SMTC_D_JUDG1_PM	2018/11/20 14:20:45.659	Frm_Dig0300_Shinsa	10090	訂正があり、訂正印があり	50007840	SMTC_TYPE04	7	初回
yoshiyuki.fukuda	SMTC_D_JUDG1_PM	2018/11/20 14:20:48.701	Frm_Dig0300_Shinsa	10110	鮮明、または、捺印なし　	50007840	SMTC_TYPE04	7	初回
yoshiyuki.fukuda	SMTC_D_JUDG1_PM	2018/11/20 14:20:57.749	Frm_Dig0300_Shinsa	10620	あり	50007840	SMTC_TYPE04	7	初回
yoshiyuki.fukuda	SMTC_D_JUDG1_PM	2018/11/20 14:21:07.312	Frm_Dig0300_Shinsa	10120	書類	50007840	SMTC_TYPE04	7	初回
yoshiyuki.fukuda	SMTC_D_JUDG1_PM	2018/11/20 14:21:42.864	Frm_Dig0300_Shinsa	10121	年月日	50007840	SMTC_TYPE04	7	初回
yoshiyuki.fukuda	SMTC_D_JUDG1_PM	2018/11/20 14:21:46.030	Frm_Dig0300_Shinsa	10130	書類添付なし	50007840	SMTC_TYPE04	7	初回
yoshiyuki.fukuda	SMTC_D_JUDG1_PM	2018/11/20 14:21:48.324	Frm_Dig0300_Shinsa	10170	JP：日本国	50007840	SMTC_TYPE04	7	初回
yoshiyuki.fukuda	SMTC_D_JUDG1_PM	2018/11/20 14:21:50.773	Frm_Dig0300_Shinsa	10190	書類	50007840	SMTC_TYPE04	7	初回
yoshiyuki.fukuda	SMTC_D_JUDG1_PM	2018/11/20 14:22:23.267	Frm_Dig0300_Shinsa	10200	一致	50007840	SMTC_TYPE04	7	初回
yoshiyuki.fukuda	SMTC_D_JUDG1_PM	2018/11/20 14:22:29.835	Frm_Dig0300_Shinsa	10210	一致	50007840	SMTC_TYPE04	7	初回
yoshiyuki.fukuda	SMTC_D_JUDG1_PM	2018/11/20 14:22:48.742	Frm_Dig0300_Shinsa	10220	一致	50007840	SMTC_TYPE04	7	初回
yoshiyuki.fukuda	SMTC_D_JUDG1_PM	2018/11/20 14:22:57.852	Frm_Dig0300_Shinsa	10250	年月日	50007840	SMTC_TYPE04	7	初回
yoshiyuki.fukuda	SMTC_D_JUDG1_PM	2018/11/20 14:23:07.617	Frm_Dig0300_Shinsa	10260	年月日	50007840	SMTC_TYPE04	7	初回
yoshiyuki.fukuda	SMTC_D_JUDG1_PM	2018/11/20 14:23:20.487	Frm_Dig0300_Shinsa	10270	00000	50007840	SMTC_TYPE04	7	初回
yoshiyuki.fukuda	SMTC_D_JUDG1_PM	2018/11/20 14:23:22.375	Frm_Dig0300_Shinsa	10190		50007840	SMTC_TYPE04	7	初回
yoshiyuki.fukuda	SMTC_D_JUDG1_PM	2018/11/20 14:23:24.481	Frm_Dig0300_Shinsa	10170		50007840	SMTC_TYPE04	7	初回
yoshiyuki.fukuda	SMTC_D_JUDG1_PM	2018/11/20 14:24:07.708	Frm_Dig0300_Shinsa	10130	書類	50007840	SMTC_TYPE04	7	初回
yoshiyuki.fukuda	SMTC_D_JUDG1_PM	2018/11/20 14:24:34.071	Frm_Dig0300_Shinsa	10131	20181025	50007840	SMTC_TYPE04	7	初回
yoshiyuki.fukuda	SMTC_D_JUDG1_PM	2018/11/20 14:25:28.140	Frm_Dig0300_Shinsa	10132	5992447	50007840	SMTC_TYPE04	7	初回
yoshiyuki.fukuda	SMTC_D_JUDG1_PM	2018/11/20 14:25:30.792	Frm_Dig0300_Shinsa	10133	NO	50007840	SMTC_TYPE04	7	初回
yoshiyuki.fukuda	SMTC_D_JUDG1_PM	2018/11/20 14:25:33.694	Frm_Dig0300_Shinsa	10140	書類添付なし	50007840	SMTC_TYPE04	7	初回
yoshiyuki.fukuda	SMTC_D_JUDG1_PM	2018/11/20 14:25:36.471	Frm_Dig0300_Shinsa	10170	JP：日本国	50007840	SMTC_TYPE04	7	初回
yoshiyuki.fukuda	SMTC_D_JUDG1_PM	2018/11/20 14:25:38.826	Frm_Dig0300_Shinsa	10190	書類	50007840	SMTC_TYPE04	7	初回
yoshiyuki.fukuda	SMTC_D_JUDG1_PM	2018/11/20 14:25:47.749	Frm_Dig0300_Shinsa	10200	一致	50007840	SMTC_TYPE04	7	初回
yoshiyuki.fukuda	SMTC_D_JUDG1_PM	2018/11/20 14:25:48.685	Frm_Dig0300_Shinsa	10210	一致	50007840	SMTC_TYPE04	7	初回
yoshiyuki.fukuda	SMTC_D_JUDG1_PM	2018/11/20 14:25:49.684	Frm_Dig0300_Shinsa	10220	一致	50007840	SMTC_TYPE04	7	初回
yoshiyuki.fukuda	SMTC_D_JUDG1_PM	2018/11/20 14:25:58.654	Frm_Dig0300_Shinsa	10250	年月日	50007840	SMTC_TYPE04	7	初回
yoshiyuki.fukuda	SMTC_D_JUDG1_PM	2018/11/20 14:26:07.062	Frm_Dig0300_Shinsa	10260	年月日	50007840	SMTC_TYPE04	7	初回
yoshiyuki.fukuda	SMTC_D_JUDG1_PM	2018/11/20 14:26:49.868	Frm_Dig0300_Shinsa	10270	00000	50007840	SMTC_TYPE04	7	初回
yoshiyuki.fukuda	SMTC_D_JUDG1_PM	2018/11/20 14:26:52.364	Frm_Dig0300_Shinsa	10290	あり	50007840	SMTC_TYPE04	7	初回
yoshiyuki.fukuda	SMTC_D_JUDG1_PM	2018/11/20 14:27:09.587	Frm_Dig0300_Shinsa	10300	年月日	50007840	SMTC_TYPE04	7	初回
yoshiyuki.fukuda	SMTC_D_JUDG1_PM	2018/11/20 14:27:14.360	Frm_Dig0300_Shinsa	10310	裏面なし	50007840	SMTC_TYPE04	7	初回
yoshiyuki.fukuda	SMTC_D_JUDG1_PM	2018/11/20 14:27:15.280	Frm_Dig0300_Shinsa	10320	記載なし	50007840	SMTC_TYPE04	7	初回
yoshiyuki.fukuda	SMTC_D_JUDG1_PM	2018/11/20 14:27:18.447	Frm_Dig0300_Shinsa	10370	なし	50007840	SMTC_TYPE04	7	初回
yoshiyuki.fukuda	SMTC_D_JUDG1_PM	2018/11/20 14:27:24.812	Frm_Dig0300_Shinsa	10470	それ以外	50007840	SMTC_TYPE04	7	初回
yoshiyuki.fukuda	SMTC_D_JUDG1_PM	2018/11/20 14:27:30.428	Frm_Dig0300_Shinsa	10710	なし	50007840	SMTC_TYPE04	7	初回
yoshiyuki.fukuda	SMTC_D_JUDG1_PM	2018/11/20 14:27:45.232	Frm_Dig0300_Shinsa	10450	なし	50007840	SMTC_TYPE04	7	初回
yoshiyuki.fukuda	SMTC_D_JUDG1_PM	2018/11/20 14:27:47.432	Frm_Dig0300_Shinsa	10610	あり	50007840	SMTC_TYPE04	7	初回
yoshiyuki.fukuda	SMTC_D_JUDG1_PM	2018/11/20 14:27:51.940	Frm_Dig0300_Shinsa	10730	記載あり	50007840	SMTC_TYPE04	7	初回
yoshiyuki.fukuda	SMTC_D_JUDG1_PM	2018/11/20 14:28:24.138	Frm_Dig0300_Shinsa	10740	添付なし	50007840	SMTC_TYPE04	7	初回
yoshiyuki.fukuda	SMTC_D_JUDG1_PM	2018/11/20 14:28:31.814	Frm_Dig0300_Shinsa	10770	あり（氏名が申込書と一致する）	50007840	SMTC_TYPE04	7	初回
yoshiyuki.fukuda	SMTC_D_JUDG1_PM	2018/11/20 14:28:38.225	Frm_Dig0300_Shinsa	10460		50007840	SMTC_TYPE04	7	初回
yoshiyuki.fukuda	SMTC_D_JUDG1_PM	2018/11/20 14:28:40.830	Frm_Dig0300_Shinsa	END	一次審査終了	50007840	SMTC_TYPE04	7	初回
yoshiyuki.fukuda	SMTC_D_JUDG1_PM	2018/11/20 14:28:46.021	Frm_Dig0300_Shinsa	START	一次審査開始	50007841	SMTC_TYPE04	5	初回
yoshiyuki.fukuda	SMTC_D_JUDG1_PM	2018/11/20 14:29:12.354	Frm_Dig0300_Shinsa	10010	通常申込書	50007841	SMTC_TYPE04	5	初回
yoshiyuki.fukuda	SMTC_D_JUDG1_PM	2018/11/20 14:29:15.458	Frm_Dig0300_Shinsa	10020	なし	50007841	SMTC_TYPE04	5	初回
yoshiyuki.fukuda	SMTC_D_JUDG1_PM	2018/11/20 14:29:16.316	Frm_Dig0300_Shinsa	10640	なし	50007841	SMTC_TYPE04	5	初回
yoshiyuki.fukuda	SMTC_D_JUDG1_PM	2018/11/20 14:29:18.157	Frm_Dig0300_Shinsa	10080	あり	50007841	SMTC_TYPE04	5	初回
yoshiyuki.fukuda	SMTC_D_JUDG1_PM	2018/11/20 14:29:20.965	Frm_Dig0300_Shinsa	10700	なし	50007841	SMTC_TYPE04	5	初回
yoshiyuki.fukuda	SMTC_D_JUDG1_PM	2018/11/20 14:29:24.537	Frm_Dig0300_Shinsa	10090	訂正がない	50007841	SMTC_TYPE04	5	初回
yoshiyuki.fukuda	SMTC_D_JUDG1_PM	2018/11/20 14:29:27.673	Frm_Dig0300_Shinsa	10110	鮮明、または、捺印なし　	50007841	SMTC_TYPE04	5	初回
yoshiyuki.fukuda	SMTC_D_JUDG1_PM	2018/11/20 14:29:29.202	Frm_Dig0300_Shinsa	10620	なし	50007841	SMTC_TYPE04	5	初回
yoshiyuki.fukuda	SMTC_D_JUDG1_PM	2018/11/20 14:29:47.032	Frm_Dig0300_Shinsa	10120	書類	50007841	SMTC_TYPE04	5	初回
yoshiyuki.fukuda	SMTC_D_JUDG1_PM	2018/11/20 14:30:16.735	Frm_Dig0300_Shinsa	10121	年月日	50007841	SMTC_TYPE04	5	初回
yoshiyuki.fukuda	SMTC_D_JUDG1_PM	2018/11/20 14:30:20.572	Frm_Dig0300_Shinsa	10130	書類添付なし	50007841	SMTC_TYPE04	5	初回
yoshiyuki.fukuda	SMTC_D_JUDG1_PM	2018/11/20 14:30:23.552	Frm_Dig0300_Shinsa	10170	JP：日本国	50007841	SMTC_TYPE04	5	初回
yoshiyuki.fukuda	SMTC_D_JUDG1_PM	2018/11/20 14:30:35.111	Frm_Dig0300_Shinsa	10190	書類	50007841	SMTC_TYPE04	5	初回
yoshiyuki.fukuda	SMTC_D_JUDG1_PM	2018/11/20 14:30:59.697	Frm_Dig0300_Shinsa	10200	一致	50007841	SMTC_TYPE04	5	初回
yoshiyuki.fukuda	SMTC_D_JUDG1_PM	2018/11/20 14:31:09.587	Frm_Dig0300_Shinsa	10210	一致	50007841	SMTC_TYPE04	5	初回
yoshiyuki.fukuda	SMTC_D_JUDG1_PM	2018/11/20 14:31:34.220	Frm_Dig0300_Shinsa	10220	一致	50007841	SMTC_TYPE04	5	初回
yoshiyuki.fukuda	SMTC_D_JUDG1_PM	2018/11/20 14:31:50.444	Frm_Dig0300_Shinsa	10250	年月日	50007841	SMTC_TYPE04	5	初回
yoshiyuki.fukuda	SMTC_D_JUDG1_PM	2018/11/20 14:32:41.409	Frm_Dig0300_Shinsa	10260	年月日	50007841	SMTC_TYPE04	5	初回
yoshiyuki.fukuda	SMTC_D_JUDG1_PM	2018/11/20 14:33:00.363	Frm_Dig0300_Shinsa	10270	00000	50007841	SMTC_TYPE04	5	初回
yoshiyuki.fukuda	SMTC_D_JUDG1_PM	2018/11/20 14:33:03.452	Frm_Dig0300_Shinsa	10290	あり	50007841	SMTC_TYPE04	5	初回
yoshiyuki.fukuda	SMTC_D_JUDG1_PM	2018/11/20 14:33:52.794	Frm_Dig0300_Shinsa	10300	年月日	50007841	SMTC_TYPE04	5	初回
yoshiyuki.fukuda	SMTC_D_JUDG1_PM	2018/11/20 14:34:01.078	Frm_Dig0300_Shinsa	10310	裏面なし	50007841	SMTC_TYPE04	5	初回
yoshiyuki.fukuda	SMTC_D_JUDG1_PM	2018/11/20 14:34:02.045	Frm_Dig0300_Shinsa	10320	記載なし	50007841	SMTC_TYPE04	5	初回
yoshiyuki.fukuda	SMTC_D_JUDG1_PM	2018/11/20 14:34:05.025	Frm_Dig0300_Shinsa	10370	なし	50007841	SMTC_TYPE04	5	初回
yoshiyuki.fukuda	SMTC_D_JUDG1_PM	2018/11/20 14:34:08.098	Frm_Dig0300_Shinsa	10470	それ以外	50007841	SMTC_TYPE04	5	初回
yoshiyuki.fukuda	SMTC_D_JUDG1_PM	2018/11/20 14:34:10.610	Frm_Dig0300_Shinsa	10710	なし	50007841	SMTC_TYPE04	5	初回
yoshiyuki.fukuda	SMTC_D_JUDG1_PM	2018/11/20 14:34:21.108	Frm_Dig0300_Shinsa	10450	なし	50007841	SMTC_TYPE04	5	初回
yoshiyuki.fukuda	SMTC_D_JUDG1_PM	2018/11/20 14:34:25.508	Frm_Dig0300_Shinsa	10610	なし	50007841	SMTC_TYPE04	5	初回
yoshiyuki.fukuda	SMTC_D_JUDG1_PM	2018/11/20 14:34:33.058	Frm_Dig0300_Shinsa	10730	記載あり	50007841	SMTC_TYPE04	5	初回
yoshiyuki.fukuda	SMTC_D_JUDG1_PM	2018/11/20 14:34:37.036	Frm_Dig0300_Shinsa	10740	添付なし	50007841	SMTC_TYPE04	5	初回
yoshiyuki.fukuda	SMTC_D_JUDG1_PM	2018/11/20 14:34:42.153	Frm_Dig0300_Shinsa	10770	あり（氏名が申込書と一致する）	50007841	SMTC_TYPE04	5	初回
yoshiyuki.fukuda	SMTC_D_JUDG1_PM	2018/11/20 14:34:45.288	Frm_Dig0300_Shinsa	10460		50007841	SMTC_TYPE04	5	初回
yoshiyuki.fukuda	SMTC_D_JUDG1_PM	2018/11/20 14:34:47.633	Frm_Dig0300_Shinsa	END	一次審査終了	50007841	SMTC_TYPE04	5	初回
yoshiyuki.fukuda	SMTC_D_JUDG1_PM	2018/11/20 14:34:53.472	Frm_Dig0300_Shinsa	START	一次審査開始	50007842	SMTC_TYPE04	6	初回
yoshiyuki.fukuda	SMTC_D_JUDG1_PM	2018/11/20 14:38:51.404	Frm_Dig0300_Shinsa	10010	通常申込書	50007842	SMTC_TYPE04	6	初回
yoshiyuki.fukuda	SMTC_D_JUDG1_PM	2018/11/20 14:39:03.541	Frm_Dig0300_Shinsa	10020	あり	50007842	SMTC_TYPE04	6	初回
yoshiyuki.fukuda	SMTC_D_JUDG1_PM	2018/11/20 14:39:06.318	Frm_Dig0300_Shinsa	10630	なし	50007842	SMTC_TYPE04	6	初回
yoshiyuki.fukuda	SMTC_D_JUDG1_PM	2018/11/20 14:39:09.142	Frm_Dig0300_Shinsa	10030	訂正がない	50007842	SMTC_TYPE04	6	初回
yoshiyuki.fukuda	SMTC_D_JUDG1_PM	2018/11/20 14:39:17.051	Frm_Dig0300_Shinsa	10040	法人口座	50007842	SMTC_TYPE04	6	初回
yoshiyuki.fukuda	SMTC_D_JUDG1_PM	2018/11/20 14:39:27.659	Frm_Dig0300_Shinsa	10050	法人口座	50007842	SMTC_TYPE04	6	初回
yoshiyuki.fukuda	SMTC_D_JUDG1_PM	2018/11/20 14:39:39.702	Frm_Dig0300_Shinsa	10750	対象外の金融機関を指定	50007842	SMTC_TYPE04	6	初回
yoshiyuki.fukuda	SMTC_D_JUDG1_PM	2018/11/20 14:39:43.992	Frm_Dig0300_Shinsa	10070	鮮明、または、捺印なし　	50007842	SMTC_TYPE04	6	初回
yoshiyuki.fukuda	SMTC_D_JUDG1_PM	2018/11/20 14:39:48.438	Frm_Dig0300_Shinsa	10640	あり	50007842	SMTC_TYPE04	6	初回
yoshiyuki.fukuda	SMTC_D_JUDG1_PM	2018/11/20 14:39:50.185	Frm_Dig0300_Shinsa	10650	なし	50007842	SMTC_TYPE04	6	初回
yoshiyuki.fukuda	SMTC_D_JUDG1_PM	2018/11/20 14:39:53.305	Frm_Dig0300_Shinsa	10660	訂正がない	50007842	SMTC_TYPE04	6	初回
yoshiyuki.fukuda	SMTC_D_JUDG1_PM	2018/11/20 14:39:59.030	Frm_Dig0300_Shinsa	10670	法人口座	50007842	SMTC_TYPE04	6	初回
yoshiyuki.fukuda	SMTC_D_JUDG1_PM	2018/11/20 14:40:00.746	Frm_Dig0300_Shinsa	10680	一致	50007842	SMTC_TYPE04	6	初回
yoshiyuki.fukuda	SMTC_D_JUDG1_PM	2018/11/20 14:40:07.376	Frm_Dig0300_Shinsa	10760	対象外の金融機関を指定	50007842	SMTC_TYPE04	6	初回
yoshiyuki.fukuda	SMTC_D_JUDG1_PM	2018/11/20 14:40:10.028	Frm_Dig0300_Shinsa	10690	鮮明、または、捺印なし　	50007842	SMTC_TYPE04	6	初回
yoshiyuki.fukuda	SMTC_D_JUDG1_PM	2018/11/20 14:40:16.034	Frm_Dig0300_Shinsa	10080	あり	50007842	SMTC_TYPE04	6	初回
yoshiyuki.fukuda	SMTC_D_JUDG1_PM	2018/11/20 14:40:17.688	Frm_Dig0300_Shinsa	10700	なし	50007842	SMTC_TYPE04	6	初回
yoshiyuki.fukuda	SMTC_D_JUDG1_PM	2018/11/20 14:40:19.154	Frm_Dig0300_Shinsa	10090	訂正がない	50007842	SMTC_TYPE04	6	初回
yoshiyuki.fukuda	SMTC_D_JUDG1_PM	2018/11/20 14:40:20.714	Frm_Dig0300_Shinsa	10110	鮮明、または、捺印なし　	50007842	SMTC_TYPE04	6	初回
yoshiyuki.fukuda	SMTC_D_JUDG1_PM	2018/11/20 14:40:32.102	Frm_Dig0300_Shinsa	10620	なし	50007842	SMTC_TYPE04	6	初回
yoshiyuki.fukuda	SMTC_D_JUDG1_PM	2018/11/20 14:40:40.573	Frm_Dig0300_Shinsa	10120	書類	50007842	SMTC_TYPE04	6	初回
yoshiyuki.fukuda	SMTC_D_JUDG1_PM	2018/11/20 14:40:53.755	Frm_Dig0300_Shinsa	10121	年月日	50007842	SMTC_TYPE04	6	初回
yoshiyuki.fukuda	SMTC_D_JUDG1_PM	2018/11/20 14:41:06.235	Frm_Dig0300_Shinsa	10130	書類	50007842	SMTC_TYPE04	6	初回
yoshiyuki.fukuda	SMTC_D_JUDG1_PM	2018/11/20 14:41:25.064	Frm_Dig0300_Shinsa	10131	20181012	50007842	SMTC_TYPE04	6	初回
yoshiyuki.fukuda	SMTC_D_JUDG1_PM	2018/11/20 14:41:30.119	Frm_Dig0300_Shinsa	10140	書類添付なし	50007842	SMTC_TYPE04	6	初回
yoshiyuki.fukuda	SMTC_D_JUDG1_PM	2018/11/20 14:41:32.552	Frm_Dig0300_Shinsa	10170	JP：日本国	50007842	SMTC_TYPE04	6	初回
yoshiyuki.fukuda	SMTC_D_JUDG1_PM	2018/11/20 14:41:55.968	Frm_Dig0300_Shinsa	10190	書類	50007842	SMTC_TYPE04	6	初回
yoshiyuki.fukuda	SMTC_D_JUDG1_PM	2018/11/20 14:42:09.181	Frm_Dig0300_Shinsa	10200	一致	50007842	SMTC_TYPE04	6	初回
yoshiyuki.fukuda	SMTC_D_JUDG1_PM	2018/11/20 14:42:15.016	Frm_Dig0300_Shinsa	10210	一致	50007842	SMTC_TYPE04	6	初回
yoshiyuki.fukuda	SMTC_D_JUDG1_PM	2018/11/20 14:42:29.836	Frm_Dig0300_Shinsa	10220	一致	50007842	SMTC_TYPE04	6	初回
yoshiyuki.fukuda	SMTC_D_JUDG1_PM	2018/11/20 14:42:54.437	Frm_Dig0300_Shinsa	10250	20281012	50007842	SMTC_TYPE04	6	初回
yoshiyuki.fukuda	SMTC_D_JUDG1_PM	2018/11/20 14:43:09.288	Frm_Dig0300_Shinsa	10260	20181012	50007842	SMTC_TYPE04	6	初回
yoshiyuki.fukuda	SMTC_D_JUDG1_PM	2018/11/20 14:43:31.112	Frm_Dig0300_Shinsa	10270	00000	50007842	SMTC_TYPE04	6	初回
yoshiyuki.fukuda	SMTC_D_JUDG1_PM	2018/11/20 14:43:33.796	Frm_Dig0300_Shinsa	10370	なし	50007842	SMTC_TYPE04	6	初回
yoshiyuki.fukuda	SMTC_D_JUDG1_PM	2018/11/20 14:43:37.852	Frm_Dig0300_Shinsa	10470	それ以外	50007842	SMTC_TYPE04	6	初回
yoshiyuki.fukuda	SMTC_D_JUDG1_PM	2018/11/20 14:43:39.521	Frm_Dig0300_Shinsa	10710	なし	50007842	SMTC_TYPE04	6	初回
yoshiyuki.fukuda	SMTC_D_JUDG1_PM	2018/11/20 14:43:47.570	Frm_Dig0300_Shinsa	10450	なし	50007842	SMTC_TYPE04	6	初回
yoshiyuki.fukuda	SMTC_D_JUDG1_PM	2018/11/20 14:43:51.080	Frm_Dig0300_Shinsa	10610	あり	50007842	SMTC_TYPE04	6	初回
yoshiyuki.fukuda	SMTC_D_JUDG1_PM	2018/11/20 14:43:59.302	Frm_Dig0300_Shinsa	10730	記載あり	50007842	SMTC_TYPE04	6	初回
yoshiyuki.fukuda	SMTC_D_JUDG1_PM	2018/11/20 14:44:14.418	Frm_Dig0300_Shinsa	10740	添付なし	50007842	SMTC_TYPE04	6	初回
yoshiyuki.fukuda	SMTC_D_JUDG1_PM	2018/11/20 14:44:20.174	Frm_Dig0300_Shinsa	10770	あり（氏名が申込書と一致する）	50007842	SMTC_TYPE04	6	初回
yoshiyuki.fukuda	SMTC_D_JUDG1_PM	2018/11/20 14:45:15.523	Frm_Dig0300_Shinsa	10460		50007842	SMTC_TYPE04	6	初回
yoshiyuki.fukuda	SMTC_D_JUDG1_PM	2018/11/20 14:45:18.483	Frm_Dig0300_Shinsa	END	一次審査終了	50007842	SMTC_TYPE04	6	初回
yoshiyuki.fukuda	SMTC_D_JUDG1_PM	2018/11/20 14:45:20.246	Frm_Dig0300_Shinsa	START	一次審査開始	50007843	SMTC_TYPE04	4	初回
yoshiyuki.fukuda	SMTC_D_JUDG1_PM	2018/11/20 14:45:38.482	Frm_Dig0300_Shinsa	10010	通常申込書	50007843	SMTC_TYPE04	4	初回
yoshiyuki.fukuda	SMTC_D_JUDG1_PM	2018/11/20 14:45:40.386	Frm_Dig0300_Shinsa	10020	あり	50007843	SMTC_TYPE04	4	初回
yoshiyuki.fukuda	SMTC_D_JUDG1_PM	2018/11/20 14:45:49.215	Frm_Dig0300_Shinsa	10630	なし	50007843	SMTC_TYPE04	4	初回
yoshiyuki.fukuda	SMTC_D_JUDG1_PM	2018/11/20 14:45:52.226	Frm_Dig0300_Shinsa	10030	訂正がない	50007843	SMTC_TYPE04	4	初回
yoshiyuki.fukuda	SMTC_D_JUDG1_PM	2018/11/20 14:45:57.530	Frm_Dig0300_Shinsa	10040	法人口座	50007843	SMTC_TYPE04	4	初回
yoshiyuki.fukuda	SMTC_D_JUDG1_PM	2018/11/20 14:46:12.818	Frm_Dig0300_Shinsa	10050	法人口座	50007843	SMTC_TYPE04	4	初回
yoshiyuki.fukuda	SMTC_D_JUDG1_PM	2018/11/20 14:46:47.731	Frm_Dig0300_Shinsa	10750	対象外の金融機関を指定	50007843	SMTC_TYPE04	4	初回
yoshiyuki.fukuda	SMTC_D_JUDG1_PM	2018/11/20 14:46:49.915	Frm_Dig0300_Shinsa	10070	鮮明、または、捺印なし　	50007843	SMTC_TYPE04	4	初回
yoshiyuki.fukuda	SMTC_D_JUDG1_PM	2018/11/20 14:46:54.626	Frm_Dig0300_Shinsa	10640	なし	50007843	SMTC_TYPE04	4	初回
yoshiyuki.fukuda	SMTC_D_JUDG1_PM	2018/11/20 14:46:58.448	Frm_Dig0300_Shinsa	10080	あり	50007843	SMTC_TYPE04	4	初回
yoshiyuki.fukuda	SMTC_D_JUDG1_PM	2018/11/20 14:47:02.956	Frm_Dig0300_Shinsa	10700	なし	50007843	SMTC_TYPE04	4	初回
yoshiyuki.fukuda	SMTC_D_JUDG1_PM	2018/11/20 14:47:04.158	Frm_Dig0300_Shinsa	10090	訂正がない	50007843	SMTC_TYPE04	4	初回
yoshiyuki.fukuda	SMTC_D_JUDG1_PM	2018/11/20 14:47:05.250	Frm_Dig0300_Shinsa	10110	鮮明、または、捺印なし　	50007843	SMTC_TYPE04	4	初回
yoshiyuki.fukuda	SMTC_D_JUDG1_PM	2018/11/20 14:47:14.032	Frm_Dig0300_Shinsa	10620	なし	50007843	SMTC_TYPE04	4	初回
yoshiyuki.fukuda	SMTC_D_JUDG1_PM	2018/11/20 14:47:22.784	Frm_Dig0300_Shinsa	10120	書類	50007843	SMTC_TYPE04	4	初回
yoshiyuki.fukuda	SMTC_D_JUDG1_PM	2018/11/20 14:47:32.050	Frm_Dig0300_Shinsa	10121	年月日	50007843	SMTC_TYPE04	4	初回
yoshiyuki.fukuda	SMTC_D_JUDG1_PM	2018/11/20 14:47:37.027	Frm_Dig0300_Shinsa	10130	書類添付なし	50007843	SMTC_TYPE04	4	初回
yoshiyuki.fukuda	SMTC_D_JUDG1_PM	2018/11/20 14:47:39.492	Frm_Dig0300_Shinsa	10170	JP：日本国	50007843	SMTC_TYPE04	4	初回
yoshiyuki.fukuda	SMTC_D_JUDG1_PM	2018/11/20 14:47:42.237	Frm_Dig0300_Shinsa	10190	書類	50007843	SMTC_TYPE04	4	初回
yoshiyuki.fukuda	SMTC_D_JUDG1_PM	2018/11/20 14:47:49.039	Frm_Dig0300_Shinsa	10200	一致	50007843	SMTC_TYPE04	4	初回
yoshiyuki.fukuda	SMTC_D_JUDG1_PM	2018/11/20 14:47:59.538	Frm_Dig0300_Shinsa	10210	一致	50007843	SMTC_TYPE04	4	初回
yoshiyuki.fukuda	SMTC_D_JUDG1_PM	2018/11/20 14:48:53.592	Frm_Dig0300_Shinsa	10220	一致	50007843	SMTC_TYPE04	4	初回
yoshiyuki.fukuda	SMTC_D_JUDG1_PM	2018/11/20 14:49:05.775	Frm_Dig0300_Shinsa	10250	年月日	50007843	SMTC_TYPE04	4	初回
yoshiyuki.fukuda	SMTC_D_JUDG1_PM	2018/11/20 14:49:43.075	Frm_Dig0300_Shinsa	10260	年月日	50007843	SMTC_TYPE04	4	初回
yoshiyuki.fukuda	SMTC_D_JUDG1_PM	2018/11/20 14:49:54.728	Frm_Dig0300_Shinsa	10270	00000	50007843	SMTC_TYPE04	4	初回
yoshiyuki.fukuda	SMTC_D_JUDG1_PM	2018/11/20 14:49:57.583	Frm_Dig0300_Shinsa	10290	あり	50007843	SMTC_TYPE04	4	初回
yoshiyuki.fukuda	SMTC_D_JUDG1_PM	2018/11/20 14:50:33.229	Frm_Dig0300_Shinsa	10300	年月日	50007843	SMTC_TYPE04	4	初回
yoshiyuki.fukuda	SMTC_D_JUDG1_PM	2018/11/20 14:51:19.249	Frm_Dig0300_Shinsa	10310	あり	50007843	SMTC_TYPE04	4	初回
yoshiyuki.fukuda	SMTC_D_JUDG1_PM	2018/11/20 14:51:22.088	Frm_Dig0300_Shinsa	10320	すべて記載あり	50007843	SMTC_TYPE04	4	初回
yoshiyuki.fukuda	SMTC_D_JUDG1_PM	2018/11/20 14:51:31.651	Frm_Dig0300_Shinsa	10370	なし	50007843	SMTC_TYPE04	4	初回
yoshiyuki.fukuda	SMTC_D_JUDG1_PM	2018/11/20 14:51:35.348	Frm_Dig0300_Shinsa	10470	それ以外	50007843	SMTC_TYPE04	4	初回
yoshiyuki.fukuda	SMTC_D_JUDG1_PM	2018/11/20 14:51:37.906	Frm_Dig0300_Shinsa	10710	なし	50007843	SMTC_TYPE04	4	初回
yoshiyuki.fukuda	SMTC_D_JUDG1_PM	2018/11/20 14:52:14.364	Frm_Dig0300_Shinsa	10450	なし	50007843	SMTC_TYPE04	4	初回
yoshiyuki.fukuda	SMTC_D_JUDG1_PM	2018/11/20 14:52:17.406	Frm_Dig0300_Shinsa	10610	あり	50007843	SMTC_TYPE04	4	初回
yoshiyuki.fukuda	SMTC_D_JUDG1_PM	2018/11/20 14:52:35.658	Frm_Dig0300_Shinsa	10730	記載あり	50007843	SMTC_TYPE04	4	初回
yoshiyuki.fukuda	SMTC_D_JUDG1_PM	2018/11/20 14:52:39.573	Frm_Dig0300_Shinsa	10740	添付なし	50007843	SMTC_TYPE04	4	初回
yoshiyuki.fukuda	SMTC_D_JUDG1_PM	2018/11/20 14:52:42.646	Frm_Dig0300_Shinsa	10770	あり（氏名が申込書と一致する）	50007843	SMTC_TYPE04	4	初回
yoshiyuki.fukuda	SMTC_D_JUDG1_PM	2018/11/20 14:52:48.465	Frm_Dig0300_Shinsa	10460		50007843	SMTC_TYPE04	4	初回
yoshiyuki.fukuda	SMTC_D_JUDG1_PM	2018/11/20 14:52:50.644	Frm_Dig0300_Shinsa	END	一次審査終了	50007843	SMTC_TYPE04	4	初回
yoshiyuki.fukuda	SMTC_D_JUDG1_PM	2018/11/20 14:52:54.543	Frm_Dig0300_Shinsa	START	一次審査開始	50007831	SMTC_TYPE04	3	初回
yoshiyuki.fukuda	SMTC_D_JUDG1_PM	2018/11/20 14:52:54.637	Frm_Dig0300_Shinsa	XXXX		50007831	SMTC_TYPE04	3	初回
yoshiyuki.fukuda	SMTC_D_JUDG1_PM	2018/11/20 14:53:27.272	Frm_Dig0300_Shinsa	10700	あり	50007831	SMTC_TYPE04	3	初回
yoshiyuki.fukuda	SMTC_D_JUDG1_PM	2018/11/20 14:53:34.058	Frm_Dig0300_Shinsa	10090	訂正がない	50007831	SMTC_TYPE04	3	初回
yoshiyuki.fukuda	SMTC_D_JUDG1_PM	2018/11/20 14:53:35.493	Frm_Dig0300_Shinsa	10110	鮮明、または、捺印なし　	50007831	SMTC_TYPE04	3	初回
yoshiyuki.fukuda	SMTC_D_JUDG1_PM	2018/11/20 14:53:37.490	Frm_Dig0300_Shinsa	10620	なし	50007831	SMTC_TYPE04	3	初回
yoshiyuki.fukuda	SMTC_D_JUDG1_PM	2018/11/20 14:53:47.864	Frm_Dig0300_Shinsa	10120	書類	50007831	SMTC_TYPE04	3	初回
yoshiyuki.fukuda	SMTC_D_JUDG1_PM	2018/11/20 14:54:25.538	Frm_Dig0300_Shinsa	10121	年月日	50007831	SMTC_TYPE04	3	初回
yoshiyuki.fukuda	SMTC_D_JUDG1_PM	2018/11/20 14:54:31.450	Frm_Dig0300_Shinsa	10130	書類添付なし	50007831	SMTC_TYPE04	3	初回
yoshiyuki.fukuda	SMTC_D_JUDG1_PM	2018/11/20 14:54:34.383	Frm_Dig0300_Shinsa	10170	JP：日本国	50007831	SMTC_TYPE04	3	初回
yoshiyuki.fukuda	SMTC_D_JUDG1_PM	2018/11/20 14:54:39.032	Frm_Dig0300_Shinsa	10190	書類	50007831	SMTC_TYPE04	3	初回
yoshiyuki.fukuda	SMTC_D_JUDG1_PM	2018/11/20 14:54:46.770	Frm_Dig0300_Shinsa	10200	一致	50007831	SMTC_TYPE04	3	初回
yoshiyuki.fukuda	SMTC_D_JUDG1_PM	2018/11/20 14:54:58.267	Frm_Dig0300_Shinsa	10210	一致	50007831	SMTC_TYPE04	3	初回
yoshiyuki.fukuda	SMTC_D_JUDG1_PM	2018/11/20 14:55:51.463	Frm_Dig0300_Shinsa	10220	一致	50007831	SMTC_TYPE04	3	初回
yoshiyuki.fukuda	SMTC_D_JUDG1_PM	2018/11/20 14:56:02.102	Frm_Dig0300_Shinsa	10250	年月日	50007831	SMTC_TYPE04	3	初回
yoshiyuki.fukuda	SMTC_D_JUDG1_PM	2018/11/20 14:56:24.566	Frm_Dig0300_Shinsa	10260	年月日	50007831	SMTC_TYPE04	3	初回
yoshiyuki.fukuda	SMTC_D_JUDG1_PM	2018/11/20 14:57:20.289	Frm_Dig0300_Shinsa	10270	00000	50007831	SMTC_TYPE04	3	初回
yoshiyuki.fukuda	SMTC_D_JUDG1_PM	2018/11/20 14:57:25.297	Frm_Dig0300_Shinsa	10290	あり	50007831	SMTC_TYPE04	3	初回
yoshiyuki.fukuda	SMTC_D_JUDG1_PM	2018/11/20 14:58:16.699	Frm_Dig0300_Shinsa	10300	年月日	50007831	SMTC_TYPE04	3	初回
yoshiyuki.fukuda	SMTC_D_JUDG1_PM	2018/11/20 14:59:09.676	Frm_Dig0300_Shinsa	10310	裏面なし	50007831	SMTC_TYPE04	3	初回
yoshiyuki.fukuda	SMTC_D_JUDG1_PM	2018/11/20 14:59:11.346	Frm_Dig0300_Shinsa	10320	記載なし	50007831	SMTC_TYPE04	3	初回
yoshiyuki.fukuda	SMTC_D_JUDG1_PM	2018/11/20 14:59:57.849	Frm_Dig0300_Shinsa	10370	なし	50007831	SMTC_TYPE04	3	初回
yoshiyuki.fukuda	SMTC_D_JUDG1_PM	2018/11/20 15:00:15.633	Frm_Dig0300_Shinsa	10470	それ以外	50007831	SMTC_TYPE04	3	初回
yoshiyuki.fukuda	SMTC_D_JUDG1_PM	2018/11/20 15:00:20.485	Frm_Dig0300_Shinsa	10710	なし	50007831	SMTC_TYPE04	3	初回
yoshiyuki.fukuda	SMTC_D_JUDG1_PM	2018/11/20 15:00:24.510	Frm_Dig0300_Shinsa	10450	なし	50007831	SMTC_TYPE04	3	初回
yoshiyuki.fukuda	SMTC_D_JUDG1_PM	2018/11/20 15:00:30.406	Frm_Dig0300_Shinsa	10610	あり	50007831	SMTC_TYPE04	3	初回
yoshiyuki.fukuda	SMTC_D_JUDG1_PM	2018/11/20 15:00:38.378	Frm_Dig0300_Shinsa	10730	記載あり	50007831	SMTC_TYPE04	3	初回
yoshiyuki.fukuda	SMTC_D_JUDG1_PM	2018/11/20 15:01:00.343	Frm_Dig0300_Shinsa	10740	添付なし	50007831	SMTC_TYPE04	3	初回
yoshiyuki.fukuda	SMTC_D_JUDG1_PM	2018/11/20 15:01:08.268	Frm_Dig0300_Shinsa	10770	なし	50007831	SMTC_TYPE04	3	初回
yoshiyuki.fukuda	SMTC_D_JUDG1_PM	2018/11/20 15:01:11.403	Frm_Dig0300_Shinsa	10460		50007831	SMTC_TYPE04	3	初回
yoshiyuki.fukuda	SMTC_D_JUDG1_PM	2018/11/20 15:01:36.827	Frm_Dig0300_Shinsa	END	一次審査終了	50007831	SMTC_TYPE04	3	初回
yoshiyuki.fukuda	SMTC_D_JUDG1_PM	2018/11/20 15:01:38.886	Frm_Dig0300_Shinsa	START	一次審査開始	50007832	SMTC_TYPE04	3	初回
yoshiyuki.fukuda	SMTC_D_JUDG1_PM	2018/11/20 15:01:38.918	Frm_Dig0300_Shinsa	10460		50007832	SMTC_TYPE04	3	初回
yoshiyuki.fukuda	SMTC_D_JUDG1_PM	2018/11/20 15:02:24.329	Frm_Dig0300_Shinsa	10700	あり	50007832	SMTC_TYPE04	3	初回
yoshiyuki.fukuda	SMTC_D_JUDG1_PM	2018/11/20 15:02:29.586	Frm_Dig0300_Shinsa	10090	訂正がない	50007832	SMTC_TYPE04	3	初回
yoshiyuki.fukuda	SMTC_D_JUDG1_PM	2018/11/20 15:02:45.030	Frm_Dig0300_Shinsa	10110	鮮明、または、捺印なし　	50007832	SMTC_TYPE04	3	初回
yoshiyuki.fukuda	SMTC_D_JUDG1_PM	2018/11/20 15:03:07.042	Frm_Dig0300_Shinsa	10620	なし	50007832	SMTC_TYPE04	3	初回
yoshiyuki.fukuda	SMTC_D_JUDG1_PM	2018/11/20 15:03:10.614	Frm_Dig0300_Shinsa	10120	書類	50007832	SMTC_TYPE04	3	初回
yoshiyuki.fukuda	SMTC_D_JUDG1_PM	2018/11/20 15:04:04.091	Frm_Dig0300_Shinsa	10121	年月日	50007832	SMTC_TYPE04	3	初回
yoshiyuki.fukuda	SMTC_D_JUDG1_PM	2018/11/20 15:04:16.556	Frm_Dig0300_Shinsa	10130	書類添付なし	50007832	SMTC_TYPE04	3	初回
yoshiyuki.fukuda	SMTC_D_JUDG1_PM	2018/11/20 15:04:19.847	Frm_Dig0300_Shinsa	10170	JP：日本国	50007832	SMTC_TYPE04	3	初回
yoshiyuki.fukuda	SMTC_D_JUDG1_PM	2018/11/20 15:05:04.479	Frm_Dig0300_Shinsa	10190	書類	50007832	SMTC_TYPE04	3	初回
yoshiyuki.fukuda	SMTC_D_JUDG1_PM	2018/11/20 15:06:03.930	Frm_Dig0300_Shinsa	10200	一致	50007832	SMTC_TYPE04	3	初回
yoshiyuki.fukuda	SMTC_D_JUDG1_PM	2018/11/20 15:06:18.922	Frm_Dig0300_Shinsa	10210	一致	50007832	SMTC_TYPE04	3	初回
yoshiyuki.fukuda	SMTC_D_JUDG1_PM	2018/11/20 15:06:38.594	Frm_Dig0300_Shinsa	10220	一致	50007832	SMTC_TYPE04	3	初回
yoshiyuki.fukuda	SMTC_D_JUDG1_PM	2018/11/20 15:07:37.281	Frm_Dig0300_Shinsa	10250	年月日	50007832	SMTC_TYPE04	3	初回
yoshiyuki.fukuda	SMTC_D_JUDG1_PM	2018/11/20 15:07:54.644	Frm_Dig0300_Shinsa	10260	年月日	50007832	SMTC_TYPE04	3	初回
yoshiyuki.fukuda	SMTC_D_JUDG1_PM	2018/11/20 15:08:23.457	Frm_Dig0300_Shinsa	10270	00000	50007832	SMTC_TYPE04	3	初回
yoshiyuki.fukuda	SMTC_D_JUDG1_PM	2018/11/20 15:09:06.716	Frm_Dig0300_Shinsa	10290	あり	50007832	SMTC_TYPE04	3	初回
yoshiyuki.fukuda	SMTC_D_JUDG1_PM	2018/11/20 15:09:55.481	Frm_Dig0300_Shinsa	10300	年月日	50007832	SMTC_TYPE04	3	初回
yoshiyuki.fukuda	SMTC_D_JUDG1_PM	2018/11/20 15:10:00.333	Frm_Dig0300_Shinsa	10310	裏面なし	50007832	SMTC_TYPE04	3	初回
yoshiyuki.fukuda	SMTC_D_JUDG1_PM	2018/11/20 15:10:01.581	Frm_Dig0300_Shinsa	10320	記載なし	50007832	SMTC_TYPE04	3	初回
yoshiyuki.fukuda	SMTC_D_JUDG1_PM	2018/11/20 15:10:05.512	Frm_Dig0300_Shinsa	10370	なし	50007832	SMTC_TYPE04	3	初回
yoshiyuki.fukuda	SMTC_D_JUDG1_PM	2018/11/20 15:10:13.530	Frm_Dig0300_Shinsa	10470	それ以外	50007832	SMTC_TYPE04	3	初回
yoshiyuki.fukuda	SMTC_D_JUDG1_PM	2018/11/20 15:10:17.477	Frm_Dig0300_Shinsa	10710	なし	50007832	SMTC_TYPE04	3	初回
yoshiyuki.fukuda	SMTC_D_JUDG1_PM	2018/11/20 15:10:28.148	Frm_Dig0300_Shinsa	10450	なし	50007832	SMTC_TYPE04	3	初回
yoshiyuki.fukuda	SMTC_D_JUDG1_PM	2018/11/20 15:10:41.439	Frm_Dig0300_Shinsa	10610	あり	50007832	SMTC_TYPE04	3	初回
yoshiyuki.fukuda	SMTC_D_JUDG1_PM	2018/11/20 15:10:52.000	Frm_Dig0300_Shinsa	10730	記載あり	50007832	SMTC_TYPE04	3	初回
yoshiyuki.fukuda	SMTC_D_JUDG1_PM	2018/11/20 15:11:20.283	Frm_Dig0300_Shinsa	10740	添付なし	50007832	SMTC_TYPE04	3	初回
yoshiyuki.fukuda	SMTC_D_JUDG1_PM	2018/11/20 15:11:25.946	Frm_Dig0300_Shinsa	10770	なし	50007832	SMTC_TYPE04	3	初回
yoshiyuki.fukuda	SMTC_D_JUDG1_PM	2018/11/20 15:11:30.953	Frm_Dig0300_Shinsa	10460		50007832	SMTC_TYPE04	3	初回
yoshiyuki.fukuda	SMTC_D_JUDG1_PM	2018/11/20 15:11:36.938	Frm_Dig0300_Shinsa	END	一次審査終了	50007832	SMTC_TYPE04	3	初回
yoshiyuki.fukuda	SMTC_D_JUDG1_PM	2018/11/20 15:12:00.182	Frm_Dig0300_Shinsa	START	一次審査開始	40012533	SMTC_TYPE05	6	不備戻り
yoshiyuki.fukuda	SMTC_D_JUDG1_PM	2018/11/20 15:13:41.316	Frm_Dig0300_Shinsa	40100	なし	40012533	SMTC_TYPE05	6	不備戻り
yoshiyuki.fukuda	SMTC_D_JUDG1_PM	2018/11/20 15:13:44.031	Frm_Dig0300_Shinsa	40110	なし	40012533	SMTC_TYPE05	6	不備戻り
yoshiyuki.fukuda	SMTC_D_JUDG1_PM	2018/11/20 15:13:48.071	Frm_Dig0300_Shinsa	40120	書類	40012533	SMTC_TYPE05	6	不備戻り
yoshiyuki.fukuda	SMTC_D_JUDG1_PM	2018/11/20 15:14:34.626	Frm_Dig0300_Shinsa	40121	年月日	40012533	SMTC_TYPE05	6	不備戻り
yoshiyuki.fukuda	SMTC_D_JUDG1_PM	2018/11/20 15:14:48.574	Frm_Dig0300_Shinsa	40130	書類	40012533	SMTC_TYPE05	6	不備戻り
yoshiyuki.fukuda	SMTC_D_JUDG1_PM	2018/11/20 15:14:50.414	Frm_Dig0300_Shinsa	40121		40012533	SMTC_TYPE05	6	不備戻り
yoshiyuki.fukuda	SMTC_D_JUDG1_PM	2018/11/20 15:14:55.594	Frm_Dig0300_Shinsa	40120	書類	40012533	SMTC_TYPE05	6	不備戻り
yoshiyuki.fukuda	SMTC_D_JUDG1_PM	2018/11/20 15:15:12.444	Frm_Dig0300_Shinsa	40121	20140908	40012533	SMTC_TYPE05	6	不備戻り
yoshiyuki.fukuda	SMTC_D_JUDG1_PM	2018/11/20 15:15:15.751	Frm_Dig0300_Shinsa	40130	書類	40012533	SMTC_TYPE05	6	不備戻り
yoshiyuki.fukuda	SMTC_D_JUDG1_PM	2018/11/20 15:15:58.765	Frm_Dig0300_Shinsa	40131	年月日	40012533	SMTC_TYPE05	6	不備戻り
yoshiyuki.fukuda	SMTC_D_JUDG1_PM	2018/11/20 15:16:02.197	Frm_Dig0300_Shinsa	40140	書類添付なし	40012533	SMTC_TYPE05	6	不備戻り
yoshiyuki.fukuda	SMTC_D_JUDG1_PM	2018/11/20 15:16:06.612	Frm_Dig0300_Shinsa	40170	JP：日本国	40012533	SMTC_TYPE05	6	不備戻り
yoshiyuki.fukuda	SMTC_D_JUDG1_PM	2018/11/20 15:16:12.057	Frm_Dig0300_Shinsa	40190	書類	40012533	SMTC_TYPE05	6	不備戻り
yoshiyuki.fukuda	SMTC_D_JUDG1_PM	2018/11/20 15:16:15.271	Frm_Dig0300_Shinsa	40200	一致	40012533	SMTC_TYPE05	6	不備戻り
yoshiyuki.fukuda	SMTC_D_JUDG1_PM	2018/11/20 15:16:17.986	Frm_Dig0300_Shinsa	40210	一致	40012533	SMTC_TYPE05	6	不備戻り
yoshiyuki.fukuda	SMTC_D_JUDG1_PM	2018/11/20 15:16:29.749	Frm_Dig0300_Shinsa	40220	一致	40012533	SMTC_TYPE05	6	不備戻り
yoshiyuki.fukuda	SMTC_D_JUDG1_PM	2018/11/20 15:16:53.245	Frm_Dig0300_Shinsa	40250	年月日	40012533	SMTC_TYPE05	6	不備戻り
yoshiyuki.fukuda	SMTC_D_JUDG1_PM	2018/11/20 15:17:25.400	Frm_Dig0300_Shinsa	40260	年月日	40012533	SMTC_TYPE05	6	不備戻り
yoshiyuki.fukuda	SMTC_D_JUDG1_PM	2018/11/20 15:19:06.372	Frm_Dig0300_Shinsa	40270	00000	40012533	SMTC_TYPE05	6	不備戻り
yoshiyuki.fukuda	SMTC_D_JUDG1_PM	2018/11/20 15:19:16.808	Frm_Dig0300_Shinsa	40290	あり	40012533	SMTC_TYPE05	6	不備戻り
yoshiyuki.fukuda	SMTC_D_JUDG1_PM	2018/11/20 15:19:28.665	Frm_Dig0300_Shinsa	40300	年月日	40012533	SMTC_TYPE05	6	不備戻り
yoshiyuki.fukuda	SMTC_D_JUDG1_PM	2018/11/20 15:19:33.782	Frm_Dig0300_Shinsa	40310	裏面なし／記載なし	40012533	SMTC_TYPE05	6	不備戻り
yoshiyuki.fukuda	SMTC_D_JUDG1_PM	2018/11/20 15:19:35.389	Frm_Dig0300_Shinsa	40320	記載なし／裏面なし	40012533	SMTC_TYPE05	6	不備戻り
yoshiyuki.fukuda	SMTC_D_JUDG1_PM	2018/11/20 15:19:47.869	Frm_Dig0300_Shinsa	40610	記載なし	40012533	SMTC_TYPE05	6	不備戻り
yoshiyuki.fukuda	SMTC_D_JUDG1_PM	2018/11/20 15:20:02.861	Frm_Dig0300_Shinsa	40620	添付なし	40012533	SMTC_TYPE05	6	不備戻り
yoshiyuki.fukuda	SMTC_D_JUDG1_PM	2018/11/20 15:20:04.836	Frm_Dig0300_Shinsa	END	一次審査終了	40012533	SMTC_TYPE05	6	不備戻り
yoshiyuki.fukuda	SMTC_D_JUDG1_PM	2018/11/20 16:28:07.998	Frm_Dig0300_Shinsa	START	一次審査開始	40012555	SMTC_TYPE05	4	初回
yoshiyuki.fukuda	SMTC_D_JUDG1_PM	2018/11/20 16:31:19.155	Frm_Dig0300_Shinsa	50020	なし	40012555	SMTC_TYPE05	4	初回
yoshiyuki.fukuda	SMTC_D_JUDG1_PM	2018/11/20 16:31:20.232	Frm_Dig0300_Shinsa	50110	あり	40012555	SMTC_TYPE05	4	初回
yoshiyuki.fukuda	SMTC_D_JUDG1_PM	2018/11/20 16:31:22.915	Frm_Dig0300_Shinsa	50120	訂正がない	40012555	SMTC_TYPE05	4	初回
yoshiyuki.fukuda	SMTC_D_JUDG1_PM	2018/11/20 16:31:25.895	Frm_Dig0300_Shinsa	50135	レ点チェックなし、不鮮明	40012555	SMTC_TYPE05	4	初回
yoshiyuki.fukuda	SMTC_D_JUDG1_PM	2018/11/20 16:31:37.472	Frm_Dig0300_Shinsa	50140	鮮明、または、捺印なし　	40012555	SMTC_TYPE05	4	初回
yoshiyuki.fukuda	SMTC_D_JUDG1_PM	2018/11/20 16:31:39.422	Frm_Dig0300_Shinsa	40110	なし	40012555	SMTC_TYPE05	4	初回
yoshiyuki.fukuda	SMTC_D_JUDG1_PM	2018/11/20 16:31:42.293	Frm_Dig0300_Shinsa	40120	書類	40012555	SMTC_TYPE05	4	初回
yoshiyuki.fukuda	SMTC_D_JUDG1_PM	2018/11/20 16:32:00.953	Frm_Dig0300_Shinsa	40121	年月日	40012555	SMTC_TYPE05	4	初回
yoshiyuki.fukuda	SMTC_D_JUDG1_PM	2018/11/20 16:32:06.664	Frm_Dig0300_Shinsa	40130	書類添付なし	40012555	SMTC_TYPE05	4	初回
yoshiyuki.fukuda	SMTC_D_JUDG1_PM	2018/11/20 16:32:08.785	Frm_Dig0300_Shinsa	40170	AD：アンドラ公国	40012555	SMTC_TYPE05	4	初回
yoshiyuki.fukuda	SMTC_D_JUDG1_PM	2018/11/20 16:32:13.981	Frm_Dig0300_Shinsa	40180		40012555	SMTC_TYPE05	4	初回
yoshiyuki.fukuda	SMTC_D_JUDG1_PM	2018/11/20 16:32:17.538	Frm_Dig0300_Shinsa	40170		40012555	SMTC_TYPE05	4	初回
yoshiyuki.fukuda	SMTC_D_JUDG1_PM	2018/11/20 16:32:19.863	Frm_Dig0300_Shinsa	40130		40012555	SMTC_TYPE05	4	初回
yoshiyuki.fukuda	SMTC_D_JUDG1_PM	2018/11/20 16:32:22.250	Frm_Dig0300_Shinsa	40121		40012555	SMTC_TYPE05	4	初回
yoshiyuki.fukuda	SMTC_D_JUDG1_PM	2018/11/20 16:32:25.870	Frm_Dig0300_Shinsa	40120	書類	40012555	SMTC_TYPE05	4	初回
yoshiyuki.fukuda	SMTC_D_JUDG1_PM	2018/11/20 16:32:36.790	Frm_Dig0300_Shinsa	40121	年月日	40012555	SMTC_TYPE05	4	初回
yoshiyuki.fukuda	SMTC_D_JUDG1_PM	2018/11/20 16:32:40.238	Frm_Dig0300_Shinsa	40130	書類添付なし	40012555	SMTC_TYPE05	4	初回
yoshiyuki.fukuda	SMTC_D_JUDG1_PM	2018/11/20 16:32:43.826	Frm_Dig0300_Shinsa	40170	JP：日本国	40012555	SMTC_TYPE05	4	初回
yoshiyuki.fukuda	SMTC_D_JUDG1_PM	2018/11/20 16:32:47.180	Frm_Dig0300_Shinsa	40190	書類	40012555	SMTC_TYPE05	4	初回
yoshiyuki.fukuda	SMTC_D_JUDG1_PM	2018/11/20 16:32:57.633	Frm_Dig0300_Shinsa	40200	一致	40012555	SMTC_TYPE05	4	初回
yoshiyuki.fukuda	SMTC_D_JUDG1_PM	2018/11/20 16:33:04.232	Frm_Dig0300_Shinsa	40210	一致	40012555	SMTC_TYPE05	4	初回
yoshiyuki.fukuda	SMTC_D_JUDG1_PM	2018/11/20 16:33:44.669	Frm_Dig0300_Shinsa	40220	不一致・見切れ・不鮮明	40012555	SMTC_TYPE05	4	初回
yoshiyuki.fukuda	SMTC_D_JUDG1_PM	2018/11/20 16:33:46.853	Frm_Dig0300_Shinsa	40230	なし	40012555	SMTC_TYPE05	4	初回
yoshiyuki.fukuda	SMTC_D_JUDG1_PM	2018/11/20 16:33:58.023	Frm_Dig0300_Shinsa	40250	年月日	40012555	SMTC_TYPE05	4	初回
yoshiyuki.fukuda	SMTC_D_JUDG1_PM	2018/11/20 16:34:10.613	Frm_Dig0300_Shinsa	40260	年月日	40012555	SMTC_TYPE05	4	初回
yoshiyuki.fukuda	SMTC_D_JUDG1_PM	2018/11/20 16:34:23.390	Frm_Dig0300_Shinsa	40270	00000	40012555	SMTC_TYPE05	4	初回
yoshiyuki.fukuda	SMTC_D_JUDG1_PM	2018/11/20 16:34:34.607	Frm_Dig0300_Shinsa	40290	あり	40012555	SMTC_TYPE05	4	初回
yoshiyuki.fukuda	SMTC_D_JUDG1_PM	2018/11/20 16:34:48.180	Frm_Dig0300_Shinsa	40300	年月日	40012555	SMTC_TYPE05	4	初回
yoshiyuki.fukuda	SMTC_D_JUDG1_PM	2018/11/20 16:34:57.073	Frm_Dig0300_Shinsa	40310	裏面なし／記載なし	40012555	SMTC_TYPE05	4	初回
yoshiyuki.fukuda	SMTC_D_JUDG1_PM	2018/11/20 16:34:58.165	Frm_Dig0300_Shinsa	40320	記載なし／裏面なし	40012555	SMTC_TYPE05	4	初回
yoshiyuki.fukuda	SMTC_D_JUDG1_PM	2018/11/20 16:35:17.556	Frm_Dig0300_Shinsa	40400	添付あり	40012555	SMTC_TYPE05	4	初回
yoshiyuki.fukuda	SMTC_D_JUDG1_PM	2018/11/20 16:35:24.936	Frm_Dig0300_Shinsa	40410	一致	40012555	SMTC_TYPE05	4	初回
yoshiyuki.fukuda	SMTC_D_JUDG1_PM	2018/11/20 16:35:39.288	Frm_Dig0300_Shinsa	40440	あり	40012555	SMTC_TYPE05	4	初回
yoshiyuki.fukuda	SMTC_D_JUDG1_PM	2018/11/20 16:35:41.472	Frm_Dig0300_Shinsa	40450	一致	40012555	SMTC_TYPE05	4	初回
yoshiyuki.fukuda	SMTC_D_JUDG1_PM	2018/11/20 16:35:43.813	Frm_Dig0300_Shinsa	50710	なし	40012555	SMTC_TYPE05	4	初回
yoshiyuki.fukuda	SMTC_D_JUDG1_PM	2018/11/20 16:35:46.527	Frm_Dig0300_Shinsa	50690	なし	40012555	SMTC_TYPE05	4	初回
yoshiyuki.fukuda	SMTC_D_JUDG1_PM	2018/11/20 16:35:48.462	Frm_Dig0300_Shinsa	50700	なし	40012555	SMTC_TYPE05	4	初回
yoshiyuki.fukuda	SMTC_D_JUDG1_PM	2018/11/20 16:35:55.029	Frm_Dig0300_Shinsa	50730	記載なし	40012555	SMTC_TYPE05	4	初回
yoshiyuki.fukuda	SMTC_D_JUDG1_PM	2018/11/20 16:35:57.401	Frm_Dig0300_Shinsa	50740	添付なし	40012555	SMTC_TYPE05	4	初回
yoshiyuki.fukuda	SMTC_D_JUDG1_PM	2018/11/20 16:35:59.745	Frm_Dig0300_Shinsa	END	一次審査終了	40012555	SMTC_TYPE05	4	初回
yoshiyuki.fukuda	SMTC_D_JUDG1_PM	2018/11/20 16:36:01.047	Frm_Dig0300_Shinsa	START	一次審査開始	40012872	SMTC_TYPE05	4	初回
yoshiyuki.fukuda	SMTC_D_JUDG1_PM	2018/11/20 16:36:58.412	Frm_Dig0300_Shinsa	50020	なし	40012872	SMTC_TYPE05	4	初回
yoshiyuki.fukuda	SMTC_D_JUDG1_PM	2018/11/20 16:37:03.622	Frm_Dig0300_Shinsa	50110	あり	40012872	SMTC_TYPE05	4	初回
yoshiyuki.fukuda	SMTC_D_JUDG1_PM	2018/11/20 16:37:05.728	Frm_Dig0300_Shinsa	50120	訂正がない	40012872	SMTC_TYPE05	4	初回
yoshiyuki.fukuda	SMTC_D_JUDG1_PM	2018/11/20 16:37:12.156	Frm_Dig0300_Shinsa	50135	レ点チェックなし、不鮮明	40012872	SMTC_TYPE05	4	初回
yoshiyuki.fukuda	SMTC_D_JUDG1_PM	2018/11/20 16:37:14.402	Frm_Dig0300_Shinsa	50140	鮮明、または、捺印なし　	40012872	SMTC_TYPE05	4	初回
yoshiyuki.fukuda	SMTC_D_JUDG1_PM	2018/11/20 16:37:18.349	Frm_Dig0300_Shinsa	40110	なし	40012872	SMTC_TYPE05	4	初回
yoshiyuki.fukuda	SMTC_D_JUDG1_PM	2018/11/20 16:37:21.782	Frm_Dig0300_Shinsa	40120	書類	40012872	SMTC_TYPE05	4	初回
yoshiyuki.fukuda	SMTC_D_JUDG1_PM	2018/11/20 16:37:35.947	Frm_Dig0300_Shinsa	40121	年月日	40012872	SMTC_TYPE05	4	初回
yoshiyuki.fukuda	SMTC_D_JUDG1_PM	2018/11/20 16:37:43.185	Frm_Dig0300_Shinsa	40130	書類	40012872	SMTC_TYPE05	4	初回
yoshiyuki.fukuda	SMTC_D_JUDG1_PM	2018/11/20 16:38:16.663	Frm_Dig0300_Shinsa	40131	年月日	40012872	SMTC_TYPE05	4	初回
yoshiyuki.fukuda	SMTC_D_JUDG1_PM	2018/11/20 16:38:25.883	Frm_Dig0300_Shinsa	40140		40012872	SMTC_TYPE05	4	初回
yoshiyuki.fukuda	SMTC_D_JUDG1_PM	2018/11/20 16:38:27.896	Frm_Dig0300_Shinsa	40131		40012872	SMTC_TYPE05	4	初回
yoshiyuki.fukuda	SMTC_D_JUDG1_PM	2018/11/20 16:38:31.421	Frm_Dig0300_Shinsa	40130	書類添付なし	40012872	SMTC_TYPE05	4	初回
yoshiyuki.fukuda	SMTC_D_JUDG1_PM	2018/11/20 16:38:33.574	Frm_Dig0300_Shinsa	40170	JP：日本国	40012872	SMTC_TYPE05	4	初回
yoshiyuki.fukuda	SMTC_D_JUDG1_PM	2018/11/20 16:38:36.055	Frm_Dig0300_Shinsa	40190	書類	40012872	SMTC_TYPE05	4	初回
yoshiyuki.fukuda	SMTC_D_JUDG1_PM	2018/11/20 16:38:39.019	Frm_Dig0300_Shinsa	40200	一致	40012872	SMTC_TYPE05	4	初回
yoshiyuki.fukuda	SMTC_D_JUDG1_PM	2018/11/20 16:38:46.959	Frm_Dig0300_Shinsa	40210	一致	40012872	SMTC_TYPE05	4	初回
yoshiyuki.fukuda	SMTC_D_JUDG1_PM	2018/11/20 16:39:11.904	Frm_Dig0300_Shinsa	40220	一致	40012872	SMTC_TYPE05	4	初回
yoshiyuki.fukuda	SMTC_D_JUDG1_PM	2018/11/20 16:39:28.908	Frm_Dig0300_Shinsa	40250	年月日	40012872	SMTC_TYPE05	4	初回
yoshiyuki.fukuda	SMTC_D_JUDG1_PM	2018/11/20 16:39:37.832	Frm_Dig0300_Shinsa	40260	年月日	40012872	SMTC_TYPE05	4	初回
yoshiyuki.fukuda	SMTC_D_JUDG1_PM	2018/11/20 16:40:04.711	Frm_Dig0300_Shinsa	40270	00000	40012872	SMTC_TYPE05	4	初回
yoshiyuki.fukuda	SMTC_D_JUDG1_PM	2018/11/20 16:40:20.982	Frm_Dig0300_Shinsa	40290	あり	40012872	SMTC_TYPE05	4	初回
yoshiyuki.fukuda	SMTC_D_JUDG1_PM	2018/11/20 16:40:31.746	Frm_Dig0300_Shinsa	40300	年月日	40012872	SMTC_TYPE05	4	初回
yoshiyuki.fukuda	SMTC_D_JUDG1_PM	2018/11/20 16:41:07.580	Frm_Dig0300_Shinsa	40310	裏面なし／記載なし	40012872	SMTC_TYPE05	4	初回
yoshiyuki.fukuda	SMTC_D_JUDG1_PM	2018/11/20 16:41:08.969	Frm_Dig0300_Shinsa	40320	記載なし／裏面なし	40012872	SMTC_TYPE05	4	初回
yoshiyuki.fukuda	SMTC_D_JUDG1_PM	2018/11/20 16:41:14.039	Frm_Dig0300_Shinsa	40400	添付あり	40012872	SMTC_TYPE05	4	初回
yoshiyuki.fukuda	SMTC_D_JUDG1_PM	2018/11/20 16:41:17.331	Frm_Dig0300_Shinsa	40410	一致	40012872	SMTC_TYPE05	4	初回
yoshiyuki.fukuda	SMTC_D_JUDG1_PM	2018/11/20 16:41:19.780	Frm_Dig0300_Shinsa	40440	あり	40012872	SMTC_TYPE05	4	初回
yoshiyuki.fukuda	SMTC_D_JUDG1_PM	2018/11/20 16:41:27.908	Frm_Dig0300_Shinsa	40450	一致	40012872	SMTC_TYPE05	4	初回
yoshiyuki.fukuda	SMTC_D_JUDG1_PM	2018/11/20 16:41:39.311	Frm_Dig0300_Shinsa	50710	なし	40012872	SMTC_TYPE05	4	初回
yoshiyuki.fukuda	SMTC_D_JUDG1_PM	2018/11/20 16:41:42.322	Frm_Dig0300_Shinsa	50690	なし	40012872	SMTC_TYPE05	4	初回
yoshiyuki.fukuda	SMTC_D_JUDG1_PM	2018/11/20 16:41:43.539	Frm_Dig0300_Shinsa	50700	なし	40012872	SMTC_TYPE05	4	初回
yoshiyuki.fukuda	SMTC_D_JUDG1_PM	2018/11/20 16:41:46.877	Frm_Dig0300_Shinsa	50730	記載なし	40012872	SMTC_TYPE05	4	初回
yoshiyuki.fukuda	SMTC_D_JUDG1_PM	2018/11/20 16:41:49.420	Frm_Dig0300_Shinsa	50740	添付なし	40012872	SMTC_TYPE05	4	初回
yoshiyuki.fukuda	SMTC_D_JUDG1_PM	2018/11/20 16:41:51.840	Frm_Dig0300_Shinsa	END	一次審査終了	40012872	SMTC_TYPE05	4	初回
yoshiyuki.fukuda	SMTC_D_JUDG1_PM	2018/11/20 16:41:53.311	Frm_Dig0300_Shinsa	START	一次審査開始	40013126	SMTC_TYPE05	4	初回
yoshiyuki.fukuda	SMTC_D_JUDG1_PM	2018/11/20 16:42:38.739	Frm_Dig0300_Shinsa	50020	なし	40013126	SMTC_TYPE05	4	初回
yoshiyuki.fukuda	SMTC_D_JUDG1_PM	2018/11/20 16:42:41.110	Frm_Dig0300_Shinsa	50110	あり	40013126	SMTC_TYPE05	4	初回
yoshiyuki.fukuda	SMTC_D_JUDG1_PM	2018/11/20 16:42:43.731	Frm_Dig0300_Shinsa	50120	訂正がない	40013126	SMTC_TYPE05	4	初回
yoshiyuki.fukuda	SMTC_D_JUDG1_PM	2018/11/20 16:42:46.710	Frm_Dig0300_Shinsa	50135	レ点チェックなし、不鮮明	40013126	SMTC_TYPE05	4	初回
yoshiyuki.fukuda	SMTC_D_JUDG1_PM	2018/11/20 16:42:49.347	Frm_Dig0300_Shinsa	50140	鮮明、または、捺印なし　	40013126	SMTC_TYPE05	4	初回
yoshiyuki.fukuda	SMTC_D_JUDG1_PM	2018/11/20 16:42:51.749	Frm_Dig0300_Shinsa	40110	なし	40013126	SMTC_TYPE05	4	初回
yoshiyuki.fukuda	SMTC_D_JUDG1_PM	2018/11/20 16:42:55.571	Frm_Dig0300_Shinsa	40120	書類	40013126	SMTC_TYPE05	4	初回
yoshiyuki.fukuda	SMTC_D_JUDG1_PM	2018/11/20 16:43:09.798	Frm_Dig0300_Shinsa	40121	年月日	40013126	SMTC_TYPE05	4	初回
yoshiyuki.fukuda	SMTC_D_JUDG1_PM	2018/11/20 16:43:23.823	Frm_Dig0300_Shinsa	40130	書類添付なし	40013126	SMTC_TYPE05	4	初回
yoshiyuki.fukuda	SMTC_D_JUDG1_PM	2018/11/20 16:43:26.756	Frm_Dig0300_Shinsa	40170	JP：日本国	40013126	SMTC_TYPE05	4	初回
yoshiyuki.fukuda	SMTC_D_JUDG1_PM	2018/11/20 16:43:29.127	Frm_Dig0300_Shinsa	40190	書類	40013126	SMTC_TYPE05	4	初回
yoshiyuki.fukuda	SMTC_D_JUDG1_PM	2018/11/20 16:43:33.448	Frm_Dig0300_Shinsa	40200	一致	40013126	SMTC_TYPE05	4	初回
yoshiyuki.fukuda	SMTC_D_JUDG1_PM	2018/11/20 16:44:23.057	Frm_Dig0300_Shinsa	40210	一致	40013126	SMTC_TYPE05	4	初回
yoshiyuki.fukuda	SMTC_D_JUDG1_PM	2018/11/20 16:44:42.135	Frm_Dig0300_Shinsa	40220	一致	40013126	SMTC_TYPE05	4	初回
yoshiyuki.fukuda	SMTC_D_JUDG1_PM	2018/11/20 16:45:07.782	Frm_Dig0300_Shinsa	40250	年月日	40013126	SMTC_TYPE05	4	初回
yoshiyuki.fukuda	SMTC_D_JUDG1_PM	2018/11/20 16:45:15.130	Frm_Dig0300_Shinsa	40260	年月日	40013126	SMTC_TYPE05	4	初回
yoshiyuki.fukuda	SMTC_D_JUDG1_PM	2018/11/20 16:45:37.609	Frm_Dig0300_Shinsa	40270	00000	40013126	SMTC_TYPE05	4	初回
yoshiyuki.fukuda	SMTC_D_JUDG1_PM	2018/11/20 16:46:11.087	Frm_Dig0300_Shinsa	40290	あり	40013126	SMTC_TYPE05	4	初回
yoshiyuki.fukuda	SMTC_D_JUDG1_PM	2018/11/20 16:46:21.758	Frm_Dig0300_Shinsa	40300	年月日	40013126	SMTC_TYPE05	4	初回
yoshiyuki.fukuda	SMTC_D_JUDG1_PM	2018/11/20 16:46:24.862	Frm_Dig0300_Shinsa	40310	裏面なし／記載なし	40013126	SMTC_TYPE05	4	初回
yoshiyuki.fukuda	SMTC_D_JUDG1_PM	2018/11/20 16:46:25.892	Frm_Dig0300_Shinsa	40320	記載なし／裏面なし	40013126	SMTC_TYPE05	4	初回
yoshiyuki.fukuda	SMTC_D_JUDG1_PM	2018/11/20 16:46:32.927	Frm_Dig0300_Shinsa	40400	添付あり	40013126	SMTC_TYPE05	4	初回
yoshiyuki.fukuda	SMTC_D_JUDG1_PM	2018/11/20 16:46:36.874	Frm_Dig0300_Shinsa	40410	一致	40013126	SMTC_TYPE05	4	初回
yoshiyuki.fukuda	SMTC_D_JUDG1_PM	2018/11/20 16:46:39.058	Frm_Dig0300_Shinsa	40440	あり	40013126	SMTC_TYPE05	4	初回
yoshiyuki.fukuda	SMTC_D_JUDG1_PM	2018/11/20 16:46:41.695	Frm_Dig0300_Shinsa	40450	一致	40013126	SMTC_TYPE05	4	初回
yoshiyuki.fukuda	SMTC_D_JUDG1_PM	2018/11/20 16:46:44.237	Frm_Dig0300_Shinsa	50710	なし	40013126	SMTC_TYPE05	4	初回
yoshiyuki.fukuda	SMTC_D_JUDG1_PM	2018/11/20 16:46:46.172	Frm_Dig0300_Shinsa	50690	なし	40013126	SMTC_TYPE05	4	初回
yoshiyuki.fukuda	SMTC_D_JUDG1_PM	2018/11/20 16:46:47.311	Frm_Dig0300_Shinsa	50700	なし	40013126	SMTC_TYPE05	4	初回
yoshiyuki.fukuda	SMTC_D_JUDG1_PM	2018/11/20 16:46:50.181	Frm_Dig0300_Shinsa	50730	記載なし	40013126	SMTC_TYPE05	4	初回
yoshiyuki.fukuda	SMTC_D_JUDG1_PM	2018/11/20 16:46:52.693	Frm_Dig0300_Shinsa	50740	添付なし	40013126	SMTC_TYPE05	4	初回
yoshiyuki.fukuda	SMTC_D_JUDG1_PM	2018/11/20 16:46:55.404	Frm_Dig0300_Shinsa	END	一次審査終了	40013126	SMTC_TYPE05	4	初回
yoshiyuki.fukuda	SMTC_D_JUDG2_PM	2018/11/20 17:05:19.397	Frm_Dig0300_Shinsa	START	二次審査開始	50007854	SMTC_TYPE04	5	初回
yoshiyuki.fukuda	SMTC_D_JUDG2_PM	2018/11/20 17:06:13.841	Frm_Dig0300_Shinsa	10010	通常申込書	50007854	SMTC_TYPE04	5	初回
yoshiyuki.fukuda	SMTC_D_JUDG2_PM	2018/11/20 17:06:18.022	Frm_Dig0300_Shinsa	10020	あり	50007854	SMTC_TYPE04	5	初回
yoshiyuki.fukuda	SMTC_D_JUDG2_PM	2018/11/20 17:06:22.000	Frm_Dig0300_Shinsa	10630	なし	50007854	SMTC_TYPE04	5	初回
yoshiyuki.fukuda	SMTC_D_JUDG2_PM	2018/11/20 17:06:25.167	Frm_Dig0300_Shinsa	10030	訂正がない	50007854	SMTC_TYPE04	5	初回
yoshiyuki.fukuda	SMTC_D_JUDG2_PM	2018/11/20 17:06:28.552	Frm_Dig0300_Shinsa	10040	法人口座	50007854	SMTC_TYPE04	5	初回
yoshiyuki.fukuda	SMTC_D_JUDG2_PM	2018/11/20 17:06:36.149	Frm_Dig0300_Shinsa	10050	法人口座	50007854	SMTC_TYPE04	5	初回
yoshiyuki.fukuda	SMTC_D_JUDG2_PM	2018/11/20 17:06:41.547	Frm_Dig0300_Shinsa	10750	対象外の金融機関を指定	50007854	SMTC_TYPE04	5	初回
yoshiyuki.fukuda	SMTC_D_JUDG2_PM	2018/11/20 17:06:43.200	Frm_Dig0300_Shinsa	10070	鮮明、または、捺印なし　	50007854	SMTC_TYPE04	5	初回
yoshiyuki.fukuda	SMTC_D_JUDG2_PM	2018/11/20 17:06:47.755	Frm_Dig0300_Shinsa	10640	なし	50007854	SMTC_TYPE04	5	初回
yoshiyuki.fukuda	SMTC_D_JUDG2_PM	2018/11/20 17:06:50.875	Frm_Dig0300_Shinsa	10080	あり	50007854	SMTC_TYPE04	5	初回
yoshiyuki.fukuda	SMTC_D_JUDG2_PM	2018/11/20 17:06:52.342	Frm_Dig0300_Shinsa	10700	なし	50007854	SMTC_TYPE04	5	初回
yoshiyuki.fukuda	SMTC_D_JUDG2_PM	2018/11/20 17:06:54.027	Frm_Dig0300_Shinsa	10090	訂正がない	50007854	SMTC_TYPE04	5	初回
yoshiyuki.fukuda	SMTC_D_JUDG2_PM	2018/11/20 17:07:00.766	Frm_Dig0300_Shinsa	10110	鮮明、または、捺印なし　	50007854	SMTC_TYPE04	5	初回
yoshiyuki.fukuda	SMTC_D_JUDG2_PM	2018/11/20 17:07:03.496	Frm_Dig0300_Shinsa	10620	あり	50007854	SMTC_TYPE04	5	初回
yoshiyuki.fukuda	SMTC_D_JUDG2_PM	2018/11/20 17:07:07.443	Frm_Dig0300_Shinsa	10120	書類	50007854	SMTC_TYPE04	5	初回
yoshiyuki.fukuda	SMTC_D_JUDG2_PM	2018/11/20 17:07:14.556	Frm_Dig0300_Shinsa	10121	年月日	50007854	SMTC_TYPE04	5	初回
yoshiyuki.fukuda	SMTC_D_JUDG2_PM	2018/11/20 17:07:27.801	Frm_Dig0300_Shinsa	10130	確定申告書	50007854	SMTC_TYPE04	5	初回
yoshiyuki.fukuda	SMTC_D_JUDG2_PM	2018/11/20 17:07:49.843	Frm_Dig0300_Shinsa	10131	20180313	50007854	SMTC_TYPE04	5	初回
yoshiyuki.fukuda	SMTC_D_JUDG2_PM	2018/11/20 17:08:26.223	Frm_Dig0300_Shinsa	10132	16400000	50007854	SMTC_TYPE04	5	初回
yoshiyuki.fukuda	SMTC_D_JUDG2_PM	2018/11/20 17:11:58.585	Frm_Dig0300_Shinsa	END	二次審査終了	50007854	SMTC_TYPE04	5	初回
yoshiyuki.fukuda	SMTC_D_JUDG2_PM	2018/11/20 17:34:53.444	Frm_Dig0300_Shinsa	START	二次審査開始	60002272	SMTC_TYPE02	2	初回
yoshiyuki.fukuda	SMTC_D_JUDG2_PM	2018/11/20 17:35:15.535	Frm_Dig0300_Shinsa	10010	通常申込書	60002272	SMTC_TYPE02	2	初回
yoshiyuki.fukuda	SMTC_D_JUDG2_PM	2018/11/20 17:35:16.425	Frm_Dig0300_Shinsa	10020	なし	60002272	SMTC_TYPE02	2	初回
yoshiyuki.fukuda	SMTC_D_JUDG2_PM	2018/11/20 17:35:17.236	Frm_Dig0300_Shinsa	10640	なし	60002272	SMTC_TYPE02	2	初回
yoshiyuki.fukuda	SMTC_D_JUDG2_PM	2018/11/20 17:35:18.234	Frm_Dig0300_Shinsa	10080	あり	60002272	SMTC_TYPE02	2	初回
yoshiyuki.fukuda	SMTC_D_JUDG2_PM	2018/11/20 17:35:22.743	Frm_Dig0300_Shinsa	10700	なし	60002272	SMTC_TYPE02	2	初回
yoshiyuki.fukuda	SMTC_D_JUDG2_PM	2018/11/20 17:35:25.177	Frm_Dig0300_Shinsa	10090	訂正がない	60002272	SMTC_TYPE02	2	初回
yoshiyuki.fukuda	SMTC_D_JUDG2_PM	2018/11/20 17:35:26.986	Frm_Dig0300_Shinsa	10110	鮮明、または、捺印なし　	60002272	SMTC_TYPE02	2	初回
yoshiyuki.fukuda	SMTC_D_JUDG2_PM	2018/11/20 17:35:28.702	Frm_Dig0300_Shinsa	10620	なし	60002272	SMTC_TYPE02	2	初回
yoshiyuki.fukuda	SMTC_D_JUDG2_PM	2018/11/20 17:35:31.604	Frm_Dig0300_Shinsa	10120	書類	60002272	SMTC_TYPE02	2	初回
yoshiyuki.fukuda	SMTC_D_JUDG2_PM	2018/11/20 17:35:40.855	Frm_Dig0300_Shinsa	10121	年月日	60002272	SMTC_TYPE02	2	初回
yoshiyuki.fukuda	SMTC_D_JUDG2_PM	2018/11/20 17:35:43.960	Frm_Dig0300_Shinsa	10130	書類添付なし	60002272	SMTC_TYPE02	2	初回
yoshiyuki.fukuda	SMTC_D_JUDG2_PM	2018/11/20 17:35:46.175	Frm_Dig0300_Shinsa	10170	JP：日本国	60002272	SMTC_TYPE02	2	初回
yoshiyuki.fukuda	SMTC_D_JUDG2_PM	2018/11/20 17:35:49.498	Frm_Dig0300_Shinsa	10190	書類	60002272	SMTC_TYPE02	2	初回
yoshiyuki.fukuda	SMTC_D_JUDG2_PM	2018/11/20 17:35:55.379	Frm_Dig0300_Shinsa	10200	一致	60002272	SMTC_TYPE02	2	初回
yoshiyuki.fukuda	SMTC_D_JUDG2_PM	2018/11/20 17:36:00.637	Frm_Dig0300_Shinsa	10210	一致	60002272	SMTC_TYPE02	2	初回
yoshiyuki.fukuda	SMTC_D_JUDG2_PM	2018/11/20 17:36:15.816	Frm_Dig0300_Shinsa	10220	一致	60002272	SMTC_TYPE02	2	初回
yoshiyuki.fukuda	SMTC_D_JUDG2_PM	2018/11/20 17:36:40.761	Frm_Dig0300_Shinsa	10250	年月日	60002272	SMTC_TYPE02	2	初回
yoshiyuki.fukuda	SMTC_D_JUDG2_PM	2018/11/20 17:36:46.704	Frm_Dig0300_Shinsa	10260	年月日	60002272	SMTC_TYPE02	2	初回
yoshiyuki.fukuda	SMTC_D_JUDG2_PM	2018/11/20 17:37:04.426	Frm_Dig0300_Shinsa	10270	00000	60002272	SMTC_TYPE02	2	初回
yoshiyuki.fukuda	SMTC_D_JUDG2_PM	2018/11/20 17:37:08.872	Frm_Dig0300_Shinsa	10290	あり	60002272	SMTC_TYPE02	2	初回
yoshiyuki.fukuda	SMTC_D_JUDG2_PM	2018/11/20 17:37:39.449	Frm_Dig0300_Shinsa	10300	年月日	60002272	SMTC_TYPE02	2	初回
yoshiyuki.fukuda	SMTC_D_JUDG2_PM	2018/11/20 17:37:44.160	Frm_Dig0300_Shinsa	10310	裏面なし	60002272	SMTC_TYPE02	2	初回
yoshiyuki.fukuda	SMTC_D_JUDG2_PM	2018/11/20 17:37:45.361	Frm_Dig0300_Shinsa	10320	記載なし	60002272	SMTC_TYPE02	2	初回
yoshiyuki.fukuda	SMTC_D_JUDG2_PM	2018/11/20 17:37:47.296	Frm_Dig0300_Shinsa	10370	なし	60002272	SMTC_TYPE02	2	初回
yoshiyuki.fukuda	SMTC_D_JUDG2_PM	2018/11/20 17:37:53.380	Frm_Dig0300_Shinsa	10470	それ以外	60002272	SMTC_TYPE02	2	初回
yoshiyuki.fukuda	SMTC_D_JUDG2_PM	2018/11/20 17:38:02.584	Frm_Dig0300_Shinsa	10710	なし	60002272	SMTC_TYPE02	2	初回
yoshiyuki.fukuda	SMTC_D_JUDG2_PM	2018/11/20 17:38:05.065	Frm_Dig0300_Shinsa	10450	なし	60002272	SMTC_TYPE02	2	初回
yoshiyuki.fukuda	SMTC_D_JUDG2_PM	2018/11/20 17:38:10.494	Frm_Dig0300_Shinsa	10610	なし	60002272	SMTC_TYPE02	2	初回
yoshiyuki.fukuda	SMTC_D_JUDG2_PM	2018/11/20 17:38:26.983	Frm_Dig0300_Shinsa	10730	記載なし	60002272	SMTC_TYPE02	2	初回
yoshiyuki.fukuda	SMTC_D_JUDG2_PM	2018/11/20 17:38:30.181	Frm_Dig0300_Shinsa	10740	添付なし	60002272	SMTC_TYPE02	2	初回
yoshiyuki.fukuda	SMTC_D_JUDG2_PM	2018/11/20 17:38:31.944	Frm_Dig0300_Shinsa	10770	なし	60002272	SMTC_TYPE02	2	初回
yoshiyuki.fukuda	SMTC_D_JUDG2_PM	2018/11/20 17:38:33.676	Frm_Dig0300_Shinsa	10460		60002272	SMTC_TYPE02	2	初回
yoshiyuki.fukuda	SMTC_D_JUDG2_PM	2018/11/20 17:38:38.665	Frm_Dig0300_Shinsa	END	二次審査終了	60002272	SMTC_TYPE02	2	初回
yoshiyuki.fukuda	SMTC_D_JUDG2_PM	2018/11/20 17:38:40.671	Frm_Dig0300_Shinsa	START	二次審査開始	60002273	SMTC_TYPE02	2	初回
yoshiyuki.fukuda	SMTC_D_JUDG2_PM	2018/11/20 17:39:05.537	Frm_Dig0300_Shinsa	10010	通常申込書	60002273	SMTC_TYPE02	2	初回
yoshiyuki.fukuda	SMTC_D_JUDG2_PM	2018/11/20 17:39:08.657	Frm_Dig0300_Shinsa	10020	なし	60002273	SMTC_TYPE02	2	初回
yoshiyuki.fukuda	SMTC_D_JUDG2_PM	2018/11/20 17:39:09.687	Frm_Dig0300_Shinsa	10640	なし	60002273	SMTC_TYPE02	2	初回
yoshiyuki.fukuda	SMTC_D_JUDG2_PM	2018/11/20 17:39:11.590	Frm_Dig0300_Shinsa	10080	あり	60002273	SMTC_TYPE02	2	初回
yoshiyuki.fukuda	SMTC_D_JUDG2_PM	2018/11/20 17:39:14.695	Frm_Dig0300_Shinsa	10700	なし	60002273	SMTC_TYPE02	2	初回
yoshiyuki.fukuda	SMTC_D_JUDG2_PM	2018/11/20 17:39:24.071	Frm_Dig0300_Shinsa	10090	訂正がない	60002273	SMTC_TYPE02	2	初回
yoshiyuki.fukuda	SMTC_D_JUDG2_PM	2018/11/20 17:39:26.208	Frm_Dig0300_Shinsa	10110	鮮明、または、捺印なし　	60002273	SMTC_TYPE02	2	初回
yoshiyuki.fukuda	SMTC_D_JUDG2_PM	2018/11/20 17:39:31.762	Frm_Dig0300_Shinsa	10620	なし	60002273	SMTC_TYPE02	2	初回
yoshiyuki.fukuda	SMTC_D_JUDG2_PM	2018/11/20 17:39:37.752	Frm_Dig0300_Shinsa	10120	書類	60002273	SMTC_TYPE02	2	初回
yoshiyuki.fukuda	SMTC_D_JUDG2_PM	2018/11/20 17:39:55.115	Frm_Dig0300_Shinsa	10121	年月日	60002273	SMTC_TYPE02	2	初回
yoshiyuki.fukuda	SMTC_D_JUDG2_PM	2018/11/20 17:39:58.968	Frm_Dig0300_Shinsa	10130	書類添付なし	60002273	SMTC_TYPE02	2	初回
yoshiyuki.fukuda	SMTC_D_JUDG2_PM	2018/11/20 17:40:01.979	Frm_Dig0300_Shinsa	10170	JP：日本国	60002273	SMTC_TYPE02	2	初回
yoshiyuki.fukuda	SMTC_D_JUDG2_PM	2018/11/20 17:40:04.819	Frm_Dig0300_Shinsa	10190	書類	60002273	SMTC_TYPE02	2	初回
yoshiyuki.fukuda	SMTC_D_JUDG2_PM	2018/11/20 17:40:39.202	Frm_Dig0300_Shinsa	10200	一致	60002273	SMTC_TYPE02	2	初回
yoshiyuki.fukuda	SMTC_D_JUDG2_PM	2018/11/20 17:42:00.353	Frm_Dig0300_Shinsa	10210	一致	60002273	SMTC_TYPE02	2	初回
yoshiyuki.fukuda	SMTC_D_JUDG2_PM	2018/11/20 17:42:27.794	Frm_Dig0300_Shinsa	10220	一致	60002273	SMTC_TYPE02	2	初回
yoshiyuki.fukuda	SMTC_D_JUDG2_PM	2018/11/20 17:43:00.804	Frm_Dig0300_Shinsa	10250	年月日	60002273	SMTC_TYPE02	2	初回
yoshiyuki.fukuda	SMTC_D_JUDG2_PM	2018/11/20 17:43:19.149	Frm_Dig0300_Shinsa	10260	年月日	60002273	SMTC_TYPE02	2	初回
yoshiyuki.fukuda	SMTC_D_JUDG2_PM	2018/11/20 17:43:42.050	Frm_Dig0300_Shinsa	10270	00000	60002273	SMTC_TYPE02	2	初回
yoshiyuki.fukuda	SMTC_D_JUDG2_PM	2018/11/20 17:43:44.765	Frm_Dig0300_Shinsa	10370	なし	60002273	SMTC_TYPE02	2	初回
yoshiyuki.fukuda	SMTC_D_JUDG2_PM	2018/11/20 17:43:48.992	Frm_Dig0300_Shinsa	10470	それ以外	60002273	SMTC_TYPE02	2	初回
yoshiyuki.fukuda	SMTC_D_JUDG2_PM	2018/11/20 17:44:11.004	Frm_Dig0300_Shinsa	10710	なし	60002273	SMTC_TYPE02	2	初回
yoshiyuki.fukuda	SMTC_D_JUDG2_PM	2018/11/20 17:44:25.855	Frm_Dig0300_Shinsa	10450	なし	60002273	SMTC_TYPE02	2	初回
yoshiyuki.fukuda	SMTC_D_JUDG2_PM	2018/11/20 17:44:27.993	Frm_Dig0300_Shinsa	10610	なし	60002273	SMTC_TYPE02	2	初回
yoshiyuki.fukuda	SMTC_D_JUDG2_PM	2018/11/20 17:44:53.046	Frm_Dig0300_Shinsa	10730	記載なし	60002273	SMTC_TYPE02	2	初回
yoshiyuki.fukuda	SMTC_D_JUDG2_PM	2018/11/20 17:44:56.619	Frm_Dig0300_Shinsa	10740	添付なし	60002273	SMTC_TYPE02	2	初回
yoshiyuki.fukuda	SMTC_D_JUDG2_PM	2018/11/20 17:44:59.006	Frm_Dig0300_Shinsa	10770	なし	60002273	SMTC_TYPE02	2	初回
yoshiyuki.fukuda	SMTC_D_JUDG2_PM	2018/11/20 17:45:01.003	Frm_Dig0300_Shinsa	10460		60002273	SMTC_TYPE02	2	初回
yoshiyuki.fukuda	SMTC_D_JUDG2_PM	2018/11/20 17:45:02.945	Frm_Dig0300_Shinsa	END	二次審査終了	60002273	SMTC_TYPE02	2	初回
yoshiyuki.fukuda	SMTC_D_JUDG2_PM	2018/11/20 17:45:04.758	Frm_Dig0300_Shinsa	START	二次審査開始	60002274	SMTC_TYPE02	2	初回
yoshiyuki.fukuda	SMTC_D_JUDG2_PM	2018/11/20 17:45:18.658	Frm_Dig0300_Shinsa	10010	通常申込書	60002274	SMTC_TYPE02	2	初回
yoshiyuki.fukuda	SMTC_D_JUDG2_PM	2018/11/20 17:45:19.750	Frm_Dig0300_Shinsa	10020	なし	60002274	SMTC_TYPE02	2	初回
yoshiyuki.fukuda	SMTC_D_JUDG2_PM	2018/11/20 17:45:20.670	Frm_Dig0300_Shinsa	10640	なし	60002274	SMTC_TYPE02	2	初回
yoshiyuki.fukuda	SMTC_D_JUDG2_PM	2018/11/20 17:45:21.684	Frm_Dig0300_Shinsa	10080	あり	60002274	SMTC_TYPE02	2	初回
yoshiyuki.fukuda	SMTC_D_JUDG2_PM	2018/11/20 17:45:48.033	Frm_Dig0300_Shinsa	10700	なし	60002274	SMTC_TYPE02	2	初回
yoshiyuki.fukuda	SMTC_D_JUDG2_PM	2018/11/20 17:45:52.947	Frm_Dig0300_Shinsa	10090	訂正がない	60002274	SMTC_TYPE02	2	初回
yoshiyuki.fukuda	SMTC_D_JUDG2_PM	2018/11/20 17:45:55.053	Frm_Dig0300_Shinsa	10110	鮮明、または、捺印なし　	60002274	SMTC_TYPE02	2	初回
yoshiyuki.fukuda	SMTC_D_JUDG2_PM	2018/11/20 17:45:59.218	Frm_Dig0300_Shinsa	10620	なし	60002274	SMTC_TYPE02	2	初回
yoshiyuki.fukuda	SMTC_D_JUDG2_PM	2018/11/20 17:46:02.229	Frm_Dig0300_Shinsa	10120	書類	60002274	SMTC_TYPE02	2	初回
yoshiyuki.fukuda	SMTC_D_JUDG2_PM	2018/11/20 17:46:14.475	Frm_Dig0300_Shinsa	10121	年月日	60002274	SMTC_TYPE02	2	初回
yoshiyuki.fukuda	SMTC_D_JUDG2_PM	2018/11/20 17:46:29.747	Frm_Dig0300_Shinsa	10130	書類添付なし	60002274	SMTC_TYPE02	2	初回
yoshiyuki.fukuda	SMTC_D_JUDG2_PM	2018/11/20 17:46:32.961	Frm_Dig0300_Shinsa	10170	JP：日本国	60002274	SMTC_TYPE02	2	初回
yoshiyuki.fukuda	SMTC_D_JUDG2_PM	2018/11/20 17:46:36.783	Frm_Dig0300_Shinsa	10190	書類	60002274	SMTC_TYPE02	2	初回
yoshiyuki.fukuda	SMTC_D_JUDG2_PM	2018/11/20 17:46:44.333	Frm_Dig0300_Shinsa	10200	一致	60002274	SMTC_TYPE02	2	初回
yoshiyuki.fukuda	SMTC_D_JUDG2_PM	2018/11/20 17:47:01.353	Frm_Dig0300_Shinsa	10210	一致	60002274	SMTC_TYPE02	2	初回
yoshiyuki.fukuda	SMTC_D_JUDG2_PM	2018/11/20 17:47:35.189	Frm_Dig0300_Shinsa	10220	一致	60002274	SMTC_TYPE02	2	初回
yoshiyuki.fukuda	SMTC_D_JUDG2_PM	2018/11/20 17:47:58.714	Frm_Dig0300_Shinsa	10250	年月日	60002274	SMTC_TYPE02	2	初回
yoshiyuki.fukuda	SMTC_D_JUDG2_PM	2018/11/20 17:48:06.842	Frm_Dig0300_Shinsa	10260	年月日	60002274	SMTC_TYPE02	2	初回
yoshiyuki.fukuda	SMTC_D_JUDG2_PM	2018/11/20 17:48:46.044	Frm_Dig0300_Shinsa	10270	00000	60002274	SMTC_TYPE02	2	初回
yoshiyuki.fukuda	SMTC_D_JUDG2_PM	2018/11/20 17:48:48.244	Frm_Dig0300_Shinsa	10370	なし	60002274	SMTC_TYPE02	2	初回
yoshiyuki.fukuda	SMTC_D_JUDG2_PM	2018/11/20 17:48:56.980	Frm_Dig0300_Shinsa	10470	それ以外	60002274	SMTC_TYPE02	2	初回
yoshiyuki.fukuda	SMTC_D_JUDG2_PM	2018/11/20 17:49:03.064	Frm_Dig0300_Shinsa	10710	なし	60002274	SMTC_TYPE02	2	初回
yoshiyuki.fukuda	SMTC_D_JUDG2_PM	2018/11/20 17:49:09.413	Frm_Dig0300_Shinsa	10450	なし	60002274	SMTC_TYPE02	2	初回
yoshiyuki.fukuda	SMTC_D_JUDG2_PM	2018/11/20 17:49:10.271	Frm_Dig0300_Shinsa	10610	なし	60002274	SMTC_TYPE02	2	初回
yoshiyuki.fukuda	SMTC_D_JUDG2_PM	2018/11/20 17:49:19.085	Frm_Dig0300_Shinsa	10730	記載なし	60002274	SMTC_TYPE02	2	初回
yoshiyuki.fukuda	SMTC_D_JUDG2_PM	2018/11/20 17:49:24.124	Frm_Dig0300_Shinsa	10740	添付なし	60002274	SMTC_TYPE02	2	初回
yoshiyuki.fukuda	SMTC_D_JUDG2_PM	2018/11/20 17:49:26.058	Frm_Dig0300_Shinsa	10770	なし	60002274	SMTC_TYPE02	2	初回
yoshiyuki.fukuda	SMTC_D_JUDG2_PM	2018/11/20 17:49:28.632	Frm_Dig0300_Shinsa	10460		60002274	SMTC_TYPE02	2	初回
yoshiyuki.fukuda	SMTC_D_JUDG2_PM	2018/11/20 17:49:31.110	Frm_Dig0300_Shinsa	END	二次審査終了	60002274	SMTC_TYPE02	2	初回
yoshiyuki.fukuda	SMTC_D_JUDG2_PM	2018/11/20 17:49:34.816	Frm_Dig0300_Shinsa	START	二次審査開始	60002275	SMTC_TYPE02	2	初回
yoshiyuki.fukuda	SMTC_D_JUDG2_PM	2018/11/20 17:49:52.647	Frm_Dig0300_Shinsa	10010	通常申込書	60002275	SMTC_TYPE02	2	初回
yoshiyuki.fukuda	SMTC_D_JUDG2_PM	2018/11/20 17:49:53.661	Frm_Dig0300_Shinsa	10020	なし	60002275	SMTC_TYPE02	2	初回
yoshiyuki.fukuda	SMTC_D_JUDG2_PM	2018/11/20 17:49:54.644	Frm_Dig0300_Shinsa	10640	なし	60002275	SMTC_TYPE02	2	初回
yoshiyuki.fukuda	SMTC_D_JUDG2_PM	2018/11/20 17:49:55.985	Frm_Dig0300_Shinsa	10080	あり	60002275	SMTC_TYPE02	2	初回
yoshiyuki.fukuda	SMTC_D_JUDG2_PM	2018/11/20 17:50:01.071	Frm_Dig0300_Shinsa	10700	なし	60002275	SMTC_TYPE02	2	初回
yoshiyuki.fukuda	SMTC_D_JUDG2_PM	2018/11/20 17:50:02.709	Frm_Dig0300_Shinsa	10090	訂正がない	60002275	SMTC_TYPE02	2	初回
yoshiyuki.fukuda	SMTC_D_JUDG2_PM	2018/11/20 17:50:06.484	Frm_Dig0300_Shinsa	10110	鮮明、または、捺印なし　	60002275	SMTC_TYPE02	2	初回
yoshiyuki.fukuda	SMTC_D_JUDG2_PM	2018/11/20 17:50:37.965	Frm_Dig0300_Shinsa	10620	なし	60002275	SMTC_TYPE02	2	初回
yoshiyuki.fukuda	SMTC_D_JUDG2_PM	2018/11/20 17:50:41.225	Frm_Dig0300_Shinsa	10120	書類	60002275	SMTC_TYPE02	2	初回
yoshiyuki.fukuda	SMTC_D_JUDG2_PM	2018/11/20 17:50:50.944	Frm_Dig0300_Shinsa	10121	年月日	60002275	SMTC_TYPE02	2	初回
yoshiyuki.fukuda	SMTC_D_JUDG2_PM	2018/11/20 17:50:53.799	Frm_Dig0300_Shinsa	10130	書類添付なし	60002275	SMTC_TYPE02	2	初回
yoshiyuki.fukuda	SMTC_D_JUDG2_PM	2018/11/20 17:50:56.498	Frm_Dig0300_Shinsa	10170	JP：日本国	60002275	SMTC_TYPE02	2	初回
yoshiyuki.fukuda	SMTC_D_JUDG2_PM	2018/11/20 17:51:25.358	Frm_Dig0300_Shinsa	10190	書類	60002275	SMTC_TYPE02	2	初回
yoshiyuki.fukuda	SMTC_D_JUDG2_PM	2018/11/20 17:51:32.268	Frm_Dig0300_Shinsa	10200	一致	60002275	SMTC_TYPE02	2	初回
yoshiyuki.fukuda	SMTC_D_JUDG2_PM	2018/11/20 17:51:47.026	Frm_Dig0300_Shinsa	10210	一致	60002275	SMTC_TYPE02	2	初回
yoshiyuki.fukuda	SMTC_D_JUDG2_PM	2018/11/20 17:51:54.748	Frm_Dig0300_Shinsa	10220	一致	60002275	SMTC_TYPE02	2	初回
yoshiyuki.fukuda	SMTC_D_JUDG2_PM	2018/11/20 17:52:08.819	Frm_Dig0300_Shinsa	10250	年月日	60002275	SMTC_TYPE02	2	初回
yoshiyuki.fukuda	SMTC_D_JUDG2_PM	2018/11/20 17:52:46.540	Frm_Dig0300_Shinsa	10260	年月日	60002275	SMTC_TYPE02	2	初回
yoshiyuki.fukuda	SMTC_D_JUDG2_PM	2018/11/20 17:53:36.070	Frm_Dig0300_Shinsa	10270	00000	60002275	SMTC_TYPE02	2	初回
yoshiyuki.fukuda	SMTC_D_JUDG2_PM	2018/11/20 17:53:38.738	Frm_Dig0300_Shinsa	10290	あり	60002275	SMTC_TYPE02	2	初回
yoshiyuki.fukuda	SMTC_D_JUDG2_PM	2018/11/20 17:53:47.099	Frm_Dig0300_Shinsa	10300	年月日	60002275	SMTC_TYPE02	2	初回
yoshiyuki.fukuda	SMTC_D_JUDG2_PM	2018/11/20 17:53:51.140	Frm_Dig0300_Shinsa	10310	裏面なし	60002275	SMTC_TYPE02	2	初回
yoshiyuki.fukuda	SMTC_D_JUDG2_PM	2018/11/20 17:53:52.122	Frm_Dig0300_Shinsa	10320	記載なし	60002275	SMTC_TYPE02	2	初回
yoshiyuki.fukuda	SMTC_D_JUDG2_PM	2018/11/20 17:53:56.194	Frm_Dig0300_Shinsa	10370	なし	60002275	SMTC_TYPE02	2	初回
yoshiyuki.fukuda	SMTC_D_JUDG2_PM	2018/11/20 17:54:02.013	Frm_Dig0300_Shinsa	10470	それ以外	60002275	SMTC_TYPE02	2	初回
yoshiyuki.fukuda	SMTC_D_JUDG2_PM	2018/11/20 17:54:04.556	Frm_Dig0300_Shinsa	10710	なし	60002275	SMTC_TYPE02	2	初回
yoshiyuki.fukuda	SMTC_D_JUDG2_PM	2018/11/20 17:54:17.613	Frm_Dig0300_Shinsa	10450	なし	60002275	SMTC_TYPE02	2	初回
yoshiyuki.fukuda	SMTC_D_JUDG2_PM	2018/11/20 17:54:21.747	Frm_Dig0300_Shinsa	10610	なし	60002275	SMTC_TYPE02	2	初回
yoshiyuki.fukuda	SMTC_D_JUDG2_PM	2018/11/20 17:54:41.122	Frm_Dig0300_Shinsa	10730	記載なし	60002275	SMTC_TYPE02	2	初回
yoshiyuki.fukuda	SMTC_D_JUDG2_PM	2018/11/20 17:54:46.332	Frm_Dig0300_Shinsa	10740	添付なし	60002275	SMTC_TYPE02	2	初回
yoshiyuki.fukuda	SMTC_D_JUDG2_PM	2018/11/20 17:54:48.236	Frm_Dig0300_Shinsa	10770	なし	60002275	SMTC_TYPE02	2	初回
yoshiyuki.fukuda	SMTC_D_JUDG2_PM	2018/11/20 17:54:51.527	Frm_Dig0300_Shinsa	10460		60002275	SMTC_TYPE02	2	初回
yoshiyuki.fukuda	SMTC_D_JUDG2_PM	2018/11/20 17:55:17.575	Frm_Dig0300_Shinsa	END	二次審査終了	60002275	SMTC_TYPE02	2	初回
yoshiyuki.fukuda	SMTC_D_JUDG2_PM	2018/11/20 17:55:21.928	Frm_Dig0300_Shinsa	START	二次審査開始	60002276	SMTC_TYPE02	2	初回
yoshiyuki.fukuda	SMTC_D_JUDG2_PM	2018/11/20 17:55:32.972	Frm_Dig0300_Shinsa	10010	通常申込書	60002276	SMTC_TYPE02	2	初回
yoshiyuki.fukuda	SMTC_D_JUDG2_PM	2018/11/20 17:55:37.106	Frm_Dig0300_Shinsa	10020	なし	60002276	SMTC_TYPE02	2	初回
yoshiyuki.fukuda	SMTC_D_JUDG2_PM	2018/11/20 17:55:38.354	Frm_Dig0300_Shinsa	10640	なし	60002276	SMTC_TYPE02	2	初回
yoshiyuki.fukuda	SMTC_D_JUDG2_PM	2018/11/20 17:55:39.462	Frm_Dig0300_Shinsa	10080	あり	60002276	SMTC_TYPE02	2	初回
yoshiyuki.fukuda	SMTC_D_JUDG2_PM	2018/11/20 17:56:12.674	Frm_Dig0300_Shinsa	10700	なし	60002276	SMTC_TYPE02	2	初回
yoshiyuki.fukuda	SMTC_D_JUDG2_PM	2018/11/20 17:56:15.342	Frm_Dig0300_Shinsa	10090	訂正がない	60002276	SMTC_TYPE02	2	初回
yoshiyuki.fukuda	SMTC_D_JUDG2_PM	2018/11/20 17:56:17.214	Frm_Dig0300_Shinsa	10110	鮮明、または、捺印なし　	60002276	SMTC_TYPE02	2	初回
yoshiyuki.fukuda	SMTC_D_JUDG2_PM	2018/11/20 17:56:18.836	Frm_Dig0300_Shinsa	10620	なし	60002276	SMTC_TYPE02	2	初回
yoshiyuki.fukuda	SMTC_D_JUDG2_PM	2018/11/20 17:56:27.214	Frm_Dig0300_Shinsa	10120	書類	60002276	SMTC_TYPE02	2	初回
yoshiyuki.fukuda	SMTC_D_JUDG2_PM	2018/11/20 17:56:34.000	Frm_Dig0300_Shinsa	10121	年月日	60002276	SMTC_TYPE02	2	初回
yoshiyuki.fukuda	SMTC_D_JUDG2_PM	2018/11/20 17:56:53.593	Frm_Dig0300_Shinsa	10130	書類添付なし	60002276	SMTC_TYPE02	2	初回
yoshiyuki.fukuda	SMTC_D_JUDG2_PM	2018/11/20 17:57:04.466	Frm_Dig0300_Shinsa	10170	JP：日本国	60002276	SMTC_TYPE02	2	初回
yoshiyuki.fukuda	SMTC_D_JUDG2_PM	2018/11/20 17:57:09.006	Frm_Dig0300_Shinsa	10190	書類	60002276	SMTC_TYPE02	2	初回
yoshiyuki.fukuda	SMTC_D_JUDG2_PM	2018/11/20 17:57:16.244	Frm_Dig0300_Shinsa	10200	一致	60002276	SMTC_TYPE02	2	初回
yoshiyuki.fukuda	SMTC_D_JUDG2_PM	2018/11/20 17:57:31.891	Frm_Dig0300_Shinsa	10210	一致	60002276	SMTC_TYPE02	2	初回
yoshiyuki.fukuda	SMTC_D_JUDG2_PM	2018/11/20 17:57:48.614	Frm_Dig0300_Shinsa	10220	一致	60002276	SMTC_TYPE02	2	初回
yoshiyuki.fukuda	SMTC_D_JUDG2_PM	2018/11/20 17:57:59.113	Frm_Dig0300_Shinsa	10250	年月日	60002276	SMTC_TYPE02	2	初回
yoshiyuki.fukuda	SMTC_D_JUDG2_PM	2018/11/20 17:58:29.908	Frm_Dig0300_Shinsa	10260	年月日	60002276	SMTC_TYPE02	2	初回
yoshiyuki.fukuda	SMTC_D_JUDG2_PM	2018/11/20 17:58:59.891	Frm_Dig0300_Shinsa	10270	00000	60002276	SMTC_TYPE02	2	初回
yoshiyuki.fukuda	SMTC_D_JUDG2_PM	2018/11/20 17:59:04.181	Frm_Dig0300_Shinsa	10290	あり	60002276	SMTC_TYPE02	2	初回
yoshiyuki.fukuda	SMTC_D_JUDG2_PM	2018/11/20 17:59:16.614	Frm_Dig0300_Shinsa	10300	年月日	60002276	SMTC_TYPE02	2	初回
yoshiyuki.fukuda	SMTC_D_JUDG2_PM	2018/11/20 17:59:21.809	Frm_Dig0300_Shinsa	10310	あり	60002276	SMTC_TYPE02	2	初回
yoshiyuki.fukuda	SMTC_D_JUDG2_PM	2018/11/20 17:59:22.636	Frm_Dig0300_Shinsa	10320	すべて記載あり	60002276	SMTC_TYPE02	2	初回
yoshiyuki.fukuda	SMTC_D_JUDG2_PM	2018/11/20 17:59:24.320	Frm_Dig0300_Shinsa	10370	なし	60002276	SMTC_TYPE02	2	初回
yoshiyuki.fukuda	SMTC_D_JUDG2_PM	2018/11/20 17:59:30.498	Frm_Dig0300_Shinsa	10470	それ以外	60002276	SMTC_TYPE02	2	初回
yoshiyuki.fukuda	SMTC_D_JUDG2_PM	2018/11/20 17:59:32.167	Frm_Dig0300_Shinsa	10710	なし	60002276	SMTC_TYPE02	2	初回
yoshiyuki.fukuda	SMTC_D_JUDG2_PM	2018/11/20 17:59:37.393	Frm_Dig0300_Shinsa	10450	なし	60002276	SMTC_TYPE02	2	初回
yoshiyuki.fukuda	SMTC_D_JUDG2_PM	2018/11/20 17:59:42.120	Frm_Dig0300_Shinsa	10610	なし	60002276	SMTC_TYPE02	2	初回
yoshiyuki.fukuda	SMTC_D_JUDG2_PM	2018/11/20 17:59:45.942	Frm_Dig0300_Shinsa	10730	記載なし	60002276	SMTC_TYPE02	2	初回
yoshiyuki.fukuda	SMTC_D_JUDG2_PM	2018/11/20 17:59:47.611	Frm_Dig0300_Shinsa	10740	添付なし	60002276	SMTC_TYPE02	2	初回
yoshiyuki.fukuda	SMTC_D_JUDG2_PM	2018/11/20 17:59:49.234	Frm_Dig0300_Shinsa	10770	なし	60002276	SMTC_TYPE02	2	初回
yoshiyuki.fukuda	SMTC_D_JUDG2_PM	2018/11/20 17:59:51.059	Frm_Dig0300_Shinsa	10460		60002276	SMTC_TYPE02	2	初回
yoshiyuki.fukuda	SMTC_D_JUDG2_PM	2018/11/20 17:59:54.395	Frm_Dig0300_Shinsa	END	二次審査終了	60002276	SMTC_TYPE02	2	初回
