kotomi.emura	SMTC_D_JUDG1_PM	2018/11/20 15:55:53.992	Frm_Dig0300_Shinsa	START	一次審査開始	50007140	SMTC_TYPE04	5	不備戻り
kotomi.emura	SMTC_D_JUDG1_PM	2018/11/20 15:56:05.474	Frm_Dig0300_Shinsa	10010	通常申込書	50007140	SMTC_TYPE04	5	不備戻り
kotomi.emura	SMTC_D_JUDG1_PM	2018/11/20 15:57:06.705	Frm_Dig0300_Shinsa	10020	あり	50007140	SMTC_TYPE04	5	不備戻り
kotomi.emura	SMTC_D_JUDG1_PM	2018/11/20 15:57:08.000	Frm_Dig0300_Shinsa	10630	なし	50007140	SMTC_TYPE04	5	不備戻り
kotomi.emura	SMTC_D_JUDG1_PM	2018/11/20 15:57:11.120	Frm_Dig0300_Shinsa	10030	訂正がない	50007140	SMTC_TYPE04	5	不備戻り
kotomi.emura	SMTC_D_JUDG1_PM	2018/11/20 15:57:20.246	Frm_Dig0300_Shinsa	10040	法人口座	50007140	SMTC_TYPE04	5	不備戻り
kotomi.emura	SMTC_D_JUDG1_PM	2018/11/20 15:57:35.877	Frm_Dig0300_Shinsa	10050	法人口座	50007140	SMTC_TYPE04	5	不備戻り
kotomi.emura	SMTC_D_JUDG1_PM	2018/11/20 15:57:37.515	Frm_Dig0300_Shinsa	10750	対象外の金融機関を指定	50007140	SMTC_TYPE04	5	不備戻り
kotomi.emura	SMTC_D_JUDG1_PM	2018/11/20 15:57:38.763	Frm_Dig0300_Shinsa	10070	鮮明、または、捺印なし　	50007140	SMTC_TYPE04	5	不備戻り
kotomi.emura	SMTC_D_JUDG1_PM	2018/11/20 15:57:39.980	Frm_Dig0300_Shinsa	10640	なし	50007140	SMTC_TYPE04	5	不備戻り
kotomi.emura	SMTC_D_JUDG1_PM	2018/11/20 15:57:44.957	Frm_Dig0300_Shinsa	10080	あり	50007140	SMTC_TYPE04	5	不備戻り
kotomi.emura	SMTC_D_JUDG1_PM	2018/11/20 15:57:46.251	Frm_Dig0300_Shinsa	10700	なし	50007140	SMTC_TYPE04	5	不備戻り
kotomi.emura	SMTC_D_JUDG1_PM	2018/11/20 15:57:47.453	Frm_Dig0300_Shinsa	10090	訂正がない	50007140	SMTC_TYPE04	5	不備戻り
kotomi.emura	SMTC_D_JUDG1_PM	2018/11/20 15:57:48.747	Frm_Dig0300_Shinsa	10110	鮮明、または、捺印なし　	50007140	SMTC_TYPE04	5	不備戻り
kotomi.emura	SMTC_D_JUDG1_PM	2018/11/20 15:57:50.682	Frm_Dig0300_Shinsa	10620	なし	50007140	SMTC_TYPE04	5	不備戻り
kotomi.emura	SMTC_D_JUDG1_PM	2018/11/20 15:57:59.714	Frm_Dig0300_Shinsa	10120	書類	50007140	SMTC_TYPE04	5	不備戻り
kotomi.emura	SMTC_D_JUDG1_PM	2018/11/20 15:58:05.720	Frm_Dig0300_Shinsa	10121	年月日	50007140	SMTC_TYPE04	5	不備戻り
kotomi.emura	SMTC_D_JUDG1_PM	2018/11/20 15:58:07.733	Frm_Dig0300_Shinsa	10130	書類添付なし	50007140	SMTC_TYPE04	5	不備戻り
kotomi.emura	SMTC_D_JUDG1_PM	2018/11/20 15:58:09.979	Frm_Dig0300_Shinsa	10170	JP：日本国	50007140	SMTC_TYPE04	5	不備戻り
kotomi.emura	SMTC_D_JUDG1_PM	2018/11/20 15:58:12.007	Frm_Dig0300_Shinsa	10190	書類	50007140	SMTC_TYPE04	5	不備戻り
kotomi.emura	SMTC_D_JUDG1_PM	2018/11/20 15:58:18.294	Frm_Dig0300_Shinsa	10200	一致	50007140	SMTC_TYPE04	5	不備戻り
kotomi.emura	SMTC_D_JUDG1_PM	2018/11/20 15:58:38.262	Frm_Dig0300_Shinsa	10210	一致	50007140	SMTC_TYPE04	5	不備戻り
kotomi.emura	SMTC_D_JUDG1_PM	2018/11/20 15:58:46.889	Frm_Dig0300_Shinsa	10220	一致	50007140	SMTC_TYPE04	5	不備戻り
kotomi.emura	SMTC_D_JUDG1_PM	2018/11/20 15:58:54.471	Frm_Dig0300_Shinsa	10250	年月日	50007140	SMTC_TYPE04	5	不備戻り
kotomi.emura	SMTC_D_JUDG1_PM	2018/11/20 15:58:59.557	Frm_Dig0300_Shinsa	10260	年月日	50007140	SMTC_TYPE04	5	不備戻り
kotomi.emura	SMTC_D_JUDG1_PM	2018/11/20 15:59:23.643	Frm_Dig0300_Shinsa	10270	00000	50007140	SMTC_TYPE04	5	不備戻り
kotomi.emura	SMTC_D_JUDG1_PM	2018/11/20 15:59:26.015	Frm_Dig0300_Shinsa	10290	あり	50007140	SMTC_TYPE04	5	不備戻り
kotomi.emura	SMTC_D_JUDG1_PM	2018/11/20 15:59:32.224	Frm_Dig0300_Shinsa	10300	年月日	50007140	SMTC_TYPE04	5	不備戻り
kotomi.emura	SMTC_D_JUDG1_PM	2018/11/20 15:59:37.528	Frm_Dig0300_Shinsa	10310	裏面なし	50007140	SMTC_TYPE04	5	不備戻り
kotomi.emura	SMTC_D_JUDG1_PM	2018/11/20 15:59:38.432	Frm_Dig0300_Shinsa	10320	記載なし	50007140	SMTC_TYPE04	5	不備戻り
kotomi.emura	SMTC_D_JUDG1_PM	2018/11/20 15:59:44.392	Frm_Dig0300_Shinsa	10370	なし	50007140	SMTC_TYPE04	5	不備戻り
kotomi.emura	SMTC_D_JUDG1_PM	2018/11/20 16:01:00.958	Frm_Dig0300_Shinsa	10470	それ以外	50007140	SMTC_TYPE04	5	不備戻り
kotomi.emura	SMTC_D_JUDG1_PM	2018/11/20 16:01:03.142	Frm_Dig0300_Shinsa	10710	なし	50007140	SMTC_TYPE04	5	不備戻り
kotomi.emura	SMTC_D_JUDG1_PM	2018/11/20 16:01:09.335	Frm_Dig0300_Shinsa	10450	なし	50007140	SMTC_TYPE04	5	不備戻り
kotomi.emura	SMTC_D_JUDG1_PM	2018/11/20 16:01:27.540	Frm_Dig0300_Shinsa	10610	なし	50007140	SMTC_TYPE04	5	不備戻り
kotomi.emura	SMTC_D_JUDG1_PM	2018/11/20 16:01:57.789	Frm_Dig0300_Shinsa	10730	記載なし	50007140	SMTC_TYPE04	5	不備戻り
kotomi.emura	SMTC_D_JUDG1_PM	2018/11/20 16:01:58.943	Frm_Dig0300_Shinsa	10740	添付なし	50007140	SMTC_TYPE04	5	不備戻り
kotomi.emura	SMTC_D_JUDG1_PM	2018/11/20 16:02:03.686	Frm_Dig0300_Shinsa	10770	なし	50007140	SMTC_TYPE04	5	不備戻り
kotomi.emura	SMTC_D_JUDG1_PM	2018/11/20 16:03:24.589	Frm_Dig0300_Shinsa	10460		50007140	SMTC_TYPE04	5	不備戻り
kotomi.emura	SMTC_D_JUDG1_PM	2018/11/20 16:03:26.242	Frm_Dig0300_Shinsa	10770		50007140	SMTC_TYPE04	5	不備戻り
kotomi.emura	SMTC_D_JUDG1_PM	2018/11/20 16:03:28.489	Frm_Dig0300_Shinsa	10740		50007140	SMTC_TYPE04	5	不備戻り
kotomi.emura	SMTC_D_JUDG1_PM	2018/11/20 16:03:29.581	Frm_Dig0300_Shinsa	10730	記載あり	50007140	SMTC_TYPE04	5	不備戻り
kotomi.emura	SMTC_D_JUDG1_PM	2018/11/20 16:03:30.688	Frm_Dig0300_Shinsa	10740	添付なし	50007140	SMTC_TYPE04	5	不備戻り
kotomi.emura	SMTC_D_JUDG1_PM	2018/11/20 16:03:32.186	Frm_Dig0300_Shinsa	10770	なし	50007140	SMTC_TYPE04	5	不備戻り
kotomi.emura	SMTC_D_JUDG1_PM	2018/11/20 16:03:42.170	Frm_Dig0300_Shinsa	10460		50007140	SMTC_TYPE04	5	不備戻り
kotomi.emura	SMTC_D_JUDG1_PM	2018/11/20 16:03:49.200	Frm_Dig0300_Shinsa	END	一次審査終了	50007140	SMTC_TYPE04	5	不備戻り
kotomi.emura	SMTC_D_JUDG1_PM	2018/11/20 16:04:00.421	Frm_Dig0300_Shinsa	START	一次審査開始	40013244	SMTC_TYPE05	4	初回
kotomi.emura	SMTC_D_JUDG1_PM	2018/11/20 16:04:18.192	Frm_Dig0300_Shinsa	40100	なし	40013244	SMTC_TYPE05	4	初回
kotomi.emura	SMTC_D_JUDG1_PM	2018/11/20 16:04:19.050	Frm_Dig0300_Shinsa	40110	なし	40013244	SMTC_TYPE05	4	初回
kotomi.emura	SMTC_D_JUDG1_PM	2018/11/20 16:04:21.499	Frm_Dig0300_Shinsa	40120	書類	40013244	SMTC_TYPE05	4	初回
kotomi.emura	SMTC_D_JUDG1_PM	2018/11/20 16:04:26.678	Frm_Dig0300_Shinsa	40121	年月日	40013244	SMTC_TYPE05	4	初回
kotomi.emura	SMTC_D_JUDG1_PM	2018/11/20 16:04:29.299	Frm_Dig0300_Shinsa	40130	書類添付なし	40013244	SMTC_TYPE05	4	初回
kotomi.emura	SMTC_D_JUDG1_PM	2018/11/20 16:04:31.639	Frm_Dig0300_Shinsa	40170	JP：日本国	40013244	SMTC_TYPE05	4	初回
kotomi.emura	SMTC_D_JUDG1_PM	2018/11/20 16:04:33.854	Frm_Dig0300_Shinsa	40190	書類	40013244	SMTC_TYPE05	4	初回
kotomi.emura	SMTC_D_JUDG1_PM	2018/11/20 16:04:35.820	Frm_Dig0300_Shinsa	40200	一致	40013244	SMTC_TYPE05	4	初回
kotomi.emura	SMTC_D_JUDG1_PM	2018/11/20 16:04:40.360	Frm_Dig0300_Shinsa	40210	一致	40013244	SMTC_TYPE05	4	初回
kotomi.emura	SMTC_D_JUDG1_PM	2018/11/20 16:05:03.308	Frm_Dig0300_Shinsa	40220	一致	40013244	SMTC_TYPE05	4	初回
kotomi.emura	SMTC_D_JUDG1_PM	2018/11/20 16:05:08.908	Frm_Dig0300_Shinsa	40250	年月日	40013244	SMTC_TYPE05	4	初回
kotomi.emura	SMTC_D_JUDG1_PM	2018/11/20 16:05:14.430	Frm_Dig0300_Shinsa	40260	年月日	40013244	SMTC_TYPE05	4	初回
kotomi.emura	SMTC_D_JUDG1_PM	2018/11/20 16:05:31.544	Frm_Dig0300_Shinsa	40270	00000	40013244	SMTC_TYPE05	4	初回
kotomi.emura	SMTC_D_JUDG1_PM	2018/11/20 16:05:33.073	Frm_Dig0300_Shinsa	40290	あり	40013244	SMTC_TYPE05	4	初回
kotomi.emura	SMTC_D_JUDG1_PM	2018/11/20 16:05:40.358	Frm_Dig0300_Shinsa	40300	年月日	40013244	SMTC_TYPE05	4	初回
kotomi.emura	SMTC_D_JUDG1_PM	2018/11/20 16:05:47.128	Frm_Dig0300_Shinsa	40310		40013244	SMTC_TYPE05	4	初回
kotomi.emura	SMTC_D_JUDG1_PM	2018/11/20 16:05:48.938	Frm_Dig0300_Shinsa	40300		40013244	SMTC_TYPE05	4	初回
kotomi.emura	SMTC_D_JUDG1_PM	2018/11/20 16:05:50.997	Frm_Dig0300_Shinsa	40290		40013244	SMTC_TYPE05	4	初回
kotomi.emura	SMTC_D_JUDG1_PM	2018/11/20 16:05:52.745	Frm_Dig0300_Shinsa	40270	00000	40013244	SMTC_TYPE05	4	初回
kotomi.emura	SMTC_D_JUDG1_PM	2018/11/20 16:06:02.183	Frm_Dig0300_Shinsa	40260		40013244	SMTC_TYPE05	4	初回
kotomi.emura	SMTC_D_JUDG1_PM	2018/11/20 16:06:12.619	Frm_Dig0300_Shinsa	40250	年月日	40013244	SMTC_TYPE05	4	初回
kotomi.emura	SMTC_D_JUDG1_PM	2018/11/20 16:06:23.929	Frm_Dig0300_Shinsa	40260	年月日	40013244	SMTC_TYPE05	4	初回
kotomi.emura	SMTC_D_JUDG1_PM	2018/11/20 16:07:10.106	Frm_Dig0300_Shinsa	40270	00000	40013244	SMTC_TYPE05	4	初回
kotomi.emura	SMTC_D_JUDG1_PM	2018/11/20 16:07:11.448	Frm_Dig0300_Shinsa	40290	あり	40013244	SMTC_TYPE05	4	初回
kotomi.emura	SMTC_D_JUDG1_PM	2018/11/20 16:07:18.093	Frm_Dig0300_Shinsa	40300	年月日	40013244	SMTC_TYPE05	4	初回
kotomi.emura	SMTC_D_JUDG1_PM	2018/11/20 16:07:32.555	Frm_Dig0300_Shinsa	40310	裏面なし／記載なし	40013244	SMTC_TYPE05	4	初回
kotomi.emura	SMTC_D_JUDG1_PM	2018/11/20 16:07:33.631	Frm_Dig0300_Shinsa	40320	記載なし／裏面なし	40013244	SMTC_TYPE05	4	初回
kotomi.emura	SMTC_D_JUDG1_PM	2018/11/20 16:08:23.099	Frm_Dig0300_Shinsa	40400	添付あり	40013244	SMTC_TYPE05	4	初回
kotomi.emura	SMTC_D_JUDG1_PM	2018/11/20 16:08:28.653	Frm_Dig0300_Shinsa	40410	一致	40013244	SMTC_TYPE05	4	初回
kotomi.emura	SMTC_D_JUDG1_PM	2018/11/20 16:08:34.066	Frm_Dig0300_Shinsa	40430	あり、またはカード確認書に承認印あり	40013244	SMTC_TYPE05	4	初回
kotomi.emura	SMTC_D_JUDG1_PM	2018/11/20 16:08:42.771	Frm_Dig0300_Shinsa	40440	あり	40013244	SMTC_TYPE05	4	初回
kotomi.emura	SMTC_D_JUDG1_PM	2018/11/20 16:08:47.248	Frm_Dig0300_Shinsa	40450	一致	40013244	SMTC_TYPE05	4	初回
kotomi.emura	SMTC_D_JUDG1_PM	2018/11/20 16:08:48.964	Frm_Dig0300_Shinsa	40610	記載なし	40013244	SMTC_TYPE05	4	初回
kotomi.emura	SMTC_D_JUDG1_PM	2018/11/20 16:10:38.899	Frm_Dig0300_Shinsa	40620	添付なし	40013244	SMTC_TYPE05	4	初回
kotomi.emura	SMTC_D_JUDG1_PM	2018/11/20 16:10:40.960	Frm_Dig0300_Shinsa	END	一次審査終了	40013244	SMTC_TYPE05	4	初回
kotomi.emura	SMTC_D_JUDG1_PM	2018/11/20 16:10:42.611	Frm_Dig0300_Shinsa	START	一次審査開始	40013245	SMTC_TYPE05	1	初回
kotomi.emura	SMTC_D_JUDG1_PM	2018/11/20 16:10:45.232	Frm_Dig0300_Shinsa	40100	なし	40013245	SMTC_TYPE05	1	初回
kotomi.emura	SMTC_D_JUDG1_PM	2018/11/20 16:10:46.434	Frm_Dig0300_Shinsa	40110	なし	40013245	SMTC_TYPE05	1	初回
kotomi.emura	SMTC_D_JUDG1_PM	2018/11/20 16:10:48.774	Frm_Dig0300_Shinsa	40120	書類	40013245	SMTC_TYPE05	1	初回
kotomi.emura	SMTC_D_JUDG1_PM	2018/11/20 16:10:54.078	Frm_Dig0300_Shinsa	40121	年月日	40013245	SMTC_TYPE05	1	初回
kotomi.emura	SMTC_D_JUDG1_PM	2018/11/20 16:10:56.355	Frm_Dig0300_Shinsa	40130	書類添付なし	40013245	SMTC_TYPE05	1	初回
kotomi.emura	SMTC_D_JUDG1_PM	2018/11/20 16:10:58.477	Frm_Dig0300_Shinsa	40170	JP：日本国	40013245	SMTC_TYPE05	1	初回
kotomi.emura	SMTC_D_JUDG1_PM	2018/11/20 16:11:00.583	Frm_Dig0300_Shinsa	40190	書類	40013245	SMTC_TYPE05	1	初回
kotomi.emura	SMTC_D_JUDG1_PM	2018/11/20 16:11:02.861	Frm_Dig0300_Shinsa	40200	一致	40013245	SMTC_TYPE05	1	初回
kotomi.emura	SMTC_D_JUDG1_PM	2018/11/20 16:12:52.561	Frm_Dig0300_Shinsa	40210	一致	40013245	SMTC_TYPE05	1	初回
kotomi.emura	SMTC_D_JUDG1_PM	2018/11/20 16:13:17.022	Frm_Dig0300_Shinsa	40220	不一致・見切れ・不鮮明	40013245	SMTC_TYPE05	1	初回
kotomi.emura	SMTC_D_JUDG1_PM	2018/11/20 16:13:19.113	Frm_Dig0300_Shinsa	40230	なし	40013245	SMTC_TYPE05	1	初回
kotomi.emura	SMTC_D_JUDG1_PM	2018/11/20 16:13:25.478	Frm_Dig0300_Shinsa	40250	年月日	40013245	SMTC_TYPE05	1	初回
kotomi.emura	SMTC_D_JUDG1_PM	2018/11/20 16:13:30.797	Frm_Dig0300_Shinsa	40260	年月日	40013245	SMTC_TYPE05	1	初回
kotomi.emura	SMTC_D_JUDG1_PM	2018/11/20 16:13:48.145	Frm_Dig0300_Shinsa	40270	00000	40013245	SMTC_TYPE05	1	初回
kotomi.emura	SMTC_D_JUDG1_PM	2018/11/20 16:13:49.783	Frm_Dig0300_Shinsa	40290	あり	40013245	SMTC_TYPE05	1	初回
kotomi.emura	SMTC_D_JUDG1_PM	2018/11/20 16:13:56.038	Frm_Dig0300_Shinsa	40300	年月日	40013245	SMTC_TYPE05	1	初回
kotomi.emura	SMTC_D_JUDG1_PM	2018/11/20 16:13:57.489	Frm_Dig0300_Shinsa	40310	裏面なし／記載なし	40013245	SMTC_TYPE05	1	初回
kotomi.emura	SMTC_D_JUDG1_PM	2018/11/20 16:13:58.254	Frm_Dig0300_Shinsa	40320	記載なし／裏面なし	40013245	SMTC_TYPE05	1	初回
kotomi.emura	SMTC_D_JUDG1_PM	2018/11/20 16:14:06.100	Frm_Dig0300_Shinsa	40400	添付なし	40013245	SMTC_TYPE05	1	初回
kotomi.emura	SMTC_D_JUDG1_PM	2018/11/20 16:14:07.364	Frm_Dig0300_Shinsa	40410	不一致	40013245	SMTC_TYPE05	1	初回
kotomi.emura	SMTC_D_JUDG1_PM	2018/11/20 16:14:08.597	Frm_Dig0300_Shinsa	40440	なし	40013245	SMTC_TYPE05	1	初回
kotomi.emura	SMTC_D_JUDG1_PM	2018/11/20 16:14:09.767	Frm_Dig0300_Shinsa	40610	記載なし	40013245	SMTC_TYPE05	1	初回
kotomi.emura	SMTC_D_JUDG1_PM	2018/11/20 16:15:28.407	Frm_Dig0300_Shinsa	40620	添付なし	40013245	SMTC_TYPE05	1	初回
kotomi.emura	SMTC_D_JUDG1_PM	2018/11/20 16:15:32.522	Frm_Dig0300_Shinsa	END	一次審査終了	40013245	SMTC_TYPE05	1	初回
kotomi.emura	SMTC_D_JUDG1_PM	2018/11/20 16:15:33.863	Frm_Dig0300_Shinsa	START	一次審査開始	40013246	SMTC_TYPE05	2	初回
kotomi.emura	SMTC_D_JUDG1_PM	2018/11/20 16:15:48.416	Frm_Dig0300_Shinsa	40100	なし	40013246	SMTC_TYPE05	2	初回
kotomi.emura	SMTC_D_JUDG1_PM	2018/11/20 16:15:49.415	Frm_Dig0300_Shinsa	40110	なし	40013246	SMTC_TYPE05	2	初回
kotomi.emura	SMTC_D_JUDG1_PM	2018/11/20 16:15:51.927	Frm_Dig0300_Shinsa	40120	書類	40013246	SMTC_TYPE05	2	初回
kotomi.emura	SMTC_D_JUDG1_PM	2018/11/20 16:16:06.450	Frm_Dig0300_Shinsa	40121	年月日	40013246	SMTC_TYPE05	2	初回
kotomi.emura	SMTC_D_JUDG1_PM	2018/11/20 16:16:08.588	Frm_Dig0300_Shinsa	40130	書類添付なし	40013246	SMTC_TYPE05	2	初回
kotomi.emura	SMTC_D_JUDG1_PM	2018/11/20 16:16:12.394	Frm_Dig0300_Shinsa	40170	JP：日本国	40013246	SMTC_TYPE05	2	初回
kotomi.emura	SMTC_D_JUDG1_PM	2018/11/20 16:16:14.656	Frm_Dig0300_Shinsa	40190	書類	40013246	SMTC_TYPE05	2	初回
kotomi.emura	SMTC_D_JUDG1_PM	2018/11/20 16:16:16.544	Frm_Dig0300_Shinsa	40200	一致	40013246	SMTC_TYPE05	2	初回
kotomi.emura	SMTC_D_JUDG1_PM	2018/11/20 16:16:24.063	Frm_Dig0300_Shinsa	40210	一致	40013246	SMTC_TYPE05	2	初回
kotomi.emura	SMTC_D_JUDG1_PM	2018/11/20 16:16:38.462	Frm_Dig0300_Shinsa	40220	一致	40013246	SMTC_TYPE05	2	初回
kotomi.emura	SMTC_D_JUDG1_PM	2018/11/20 16:16:45.669	Frm_Dig0300_Shinsa	40250	年月日	40013246	SMTC_TYPE05	2	初回
kotomi.emura	SMTC_D_JUDG1_PM	2018/11/20 16:16:50.552	Frm_Dig0300_Shinsa	40260	年月日	40013246	SMTC_TYPE05	2	初回
kotomi.emura	SMTC_D_JUDG1_PM	2018/11/20 16:17:22.657	Frm_Dig0300_Shinsa	40270	00000	40013246	SMTC_TYPE05	2	初回
kotomi.emura	SMTC_D_JUDG1_PM	2018/11/20 16:17:23.999	Frm_Dig0300_Shinsa	40290	あり	40013246	SMTC_TYPE05	2	初回
kotomi.emura	SMTC_D_JUDG1_PM	2018/11/20 16:17:30.567	Frm_Dig0300_Shinsa	40300	年月日	40013246	SMTC_TYPE05	2	初回
kotomi.emura	SMTC_D_JUDG1_PM	2018/11/20 16:17:32.704	Frm_Dig0300_Shinsa	40310	裏面なし／記載なし	40013246	SMTC_TYPE05	2	初回
kotomi.emura	SMTC_D_JUDG1_PM	2018/11/20 16:17:35.995	Frm_Dig0300_Shinsa	40320	記載なし／裏面なし	40013246	SMTC_TYPE05	2	初回
kotomi.emura	SMTC_D_JUDG1_PM	2018/11/20 16:17:48.304	Frm_Dig0300_Shinsa	40400	添付あり	40013246	SMTC_TYPE05	2	初回
kotomi.emura	SMTC_D_JUDG1_PM	2018/11/20 16:17:51.923	Frm_Dig0300_Shinsa	40410	一致	40013246	SMTC_TYPE05	2	初回
kotomi.emura	SMTC_D_JUDG1_PM	2018/11/20 16:17:53.249	Frm_Dig0300_Shinsa	40440	あり	40013246	SMTC_TYPE05	2	初回
kotomi.emura	SMTC_D_JUDG1_PM	2018/11/20 16:17:55.979	Frm_Dig0300_Shinsa	40450	一致	40013246	SMTC_TYPE05	2	初回
kotomi.emura	SMTC_D_JUDG1_PM	2018/11/20 16:17:57.290	Frm_Dig0300_Shinsa	40610	記載なし	40013246	SMTC_TYPE05	2	初回
kotomi.emura	SMTC_D_JUDG1_PM	2018/11/20 16:18:31.938	Frm_Dig0300_Shinsa	40620	添付なし	40013246	SMTC_TYPE05	2	初回
kotomi.emura	SMTC_D_JUDG1_PM	2018/11/20 16:18:35.021	Frm_Dig0300_Shinsa	END	一次審査終了	40013246	SMTC_TYPE05	2	初回
kotomi.emura	SMTC_D_JUDG1_PM	2018/11/20 16:18:35.912	Frm_Dig0300_Shinsa	START	一次審査開始	40013248	SMTC_TYPE05	1	初回
kotomi.emura	SMTC_D_JUDG1_PM	2018/11/20 16:18:46.914	Frm_Dig0300_Shinsa	40100	なし	40013248	SMTC_TYPE05	1	初回
kotomi.emura	SMTC_D_JUDG1_PM	2018/11/20 16:18:47.959	Frm_Dig0300_Shinsa	40110	なし	40013248	SMTC_TYPE05	1	初回
kotomi.emura	SMTC_D_JUDG1_PM	2018/11/20 16:18:50.331	Frm_Dig0300_Shinsa	40120	書類	40013248	SMTC_TYPE05	1	初回
kotomi.emura	SMTC_D_JUDG1_PM	2018/11/20 16:19:00.518	Frm_Dig0300_Shinsa	40121	年月日	40013248	SMTC_TYPE05	1	初回
kotomi.emura	SMTC_D_JUDG1_PM	2018/11/20 16:19:02.951	Frm_Dig0300_Shinsa	40130	書類添付なし	40013248	SMTC_TYPE05	1	初回
kotomi.emura	SMTC_D_JUDG1_PM	2018/11/20 16:19:05.135	Frm_Dig0300_Shinsa	40170	JP：日本国	40013248	SMTC_TYPE05	1	初回
kotomi.emura	SMTC_D_JUDG1_PM	2018/11/20 16:19:11.953	Frm_Dig0300_Shinsa	40190	書類	40013248	SMTC_TYPE05	1	初回
kotomi.emura	SMTC_D_JUDG1_PM	2018/11/20 16:19:14.027	Frm_Dig0300_Shinsa	40200	一致	40013248	SMTC_TYPE05	1	初回
kotomi.emura	SMTC_D_JUDG1_PM	2018/11/20 16:19:19.519	Frm_Dig0300_Shinsa	40210	一致	40013248	SMTC_TYPE05	1	初回
kotomi.emura	SMTC_D_JUDG1_PM	2018/11/20 16:19:42.342	Frm_Dig0300_Shinsa	40220	一致	40013248	SMTC_TYPE05	1	初回
kotomi.emura	SMTC_D_JUDG1_PM	2018/11/20 16:19:48.005	Frm_Dig0300_Shinsa	40250	年月日	40013248	SMTC_TYPE05	1	初回
kotomi.emura	SMTC_D_JUDG1_PM	2018/11/20 16:19:53.371	Frm_Dig0300_Shinsa	40260	年月日	40013248	SMTC_TYPE05	1	初回
kotomi.emura	SMTC_D_JUDG1_PM	2018/11/20 16:20:25.008	Frm_Dig0300_Shinsa	40270	00000	40013248	SMTC_TYPE05	1	初回
kotomi.emura	SMTC_D_JUDG1_PM	2018/11/20 16:20:26.272	Frm_Dig0300_Shinsa	40290	あり	40013248	SMTC_TYPE05	1	初回
kotomi.emura	SMTC_D_JUDG1_PM	2018/11/20 16:20:32.715	Frm_Dig0300_Shinsa	40300	年月日	40013248	SMTC_TYPE05	1	初回
kotomi.emura	SMTC_D_JUDG1_PM	2018/11/20 16:20:36.958	Frm_Dig0300_Shinsa	40310	裏面なし／記載なし	40013248	SMTC_TYPE05	1	初回
kotomi.emura	SMTC_D_JUDG1_PM	2018/11/20 16:20:38.580	Frm_Dig0300_Shinsa	40320	記載なし／裏面なし	40013248	SMTC_TYPE05	1	初回
kotomi.emura	SMTC_D_JUDG1_PM	2018/11/20 16:20:44.368	Frm_Dig0300_Shinsa	40610	記載なし	40013248	SMTC_TYPE05	1	初回
kotomi.emura	SMTC_D_JUDG1_PM	2018/11/20 16:21:04.430	Frm_Dig0300_Shinsa	40620	添付なし	40013248	SMTC_TYPE05	1	初回
kotomi.emura	SMTC_D_JUDG1_PM	2018/11/20 16:21:06.234	Frm_Dig0300_Shinsa	END	一次審査終了	40013248	SMTC_TYPE05	1	初回
kotomi.emura	SMTC_D_JUDG1_PM	2018/11/20 16:21:11.417	Frm_Dig0300_Shinsa	START	一次審査開始	40013249	SMTC_TYPE05	2	初回
kotomi.emura	SMTC_D_JUDG1_PM	2018/11/20 16:21:18.125	Frm_Dig0300_Shinsa	40100	なし	40013249	SMTC_TYPE05	2	初回
kotomi.emura	SMTC_D_JUDG1_PM	2018/11/20 16:21:19.061	Frm_Dig0300_Shinsa	40110	なし	40013249	SMTC_TYPE05	2	初回
kotomi.emura	SMTC_D_JUDG1_PM	2018/11/20 16:21:21.526	Frm_Dig0300_Shinsa	40120	書類	40013249	SMTC_TYPE05	2	初回
kotomi.emura	SMTC_D_JUDG1_PM	2018/11/20 16:21:27.969	Frm_Dig0300_Shinsa	40121	年月日	40013249	SMTC_TYPE05	2	初回
kotomi.emura	SMTC_D_JUDG1_PM	2018/11/20 16:21:30.387	Frm_Dig0300_Shinsa	40130	書類添付なし	40013249	SMTC_TYPE05	2	初回
kotomi.emura	SMTC_D_JUDG1_PM	2018/11/20 16:21:32.618	Frm_Dig0300_Shinsa	40170	JP：日本国	40013249	SMTC_TYPE05	2	初回
kotomi.emura	SMTC_D_JUDG1_PM	2018/11/20 16:21:34.880	Frm_Dig0300_Shinsa	40190	書類	40013249	SMTC_TYPE05	2	初回
kotomi.emura	SMTC_D_JUDG1_PM	2018/11/20 16:21:37.578	Frm_Dig0300_Shinsa	40200	一致	40013249	SMTC_TYPE05	2	初回
kotomi.emura	SMTC_D_JUDG1_PM	2018/11/20 16:21:45.238	Frm_Dig0300_Shinsa	40210	一致	40013249	SMTC_TYPE05	2	初回
kotomi.emura	SMTC_D_JUDG1_PM	2018/11/20 16:22:13.755	Frm_Dig0300_Shinsa	40220	一致	40013249	SMTC_TYPE05	2	初回
kotomi.emura	SMTC_D_JUDG1_PM	2018/11/20 16:22:20.183	Frm_Dig0300_Shinsa	40250	年月日	40013249	SMTC_TYPE05	2	初回
kotomi.emura	SMTC_D_JUDG1_PM	2018/11/20 16:22:26.657	Frm_Dig0300_Shinsa	40260	年月日	40013249	SMTC_TYPE05	2	初回
kotomi.emura	SMTC_D_JUDG1_PM	2018/11/20 16:22:58.466	Frm_Dig0300_Shinsa	40270	00000	40013249	SMTC_TYPE05	2	初回
kotomi.emura	SMTC_D_JUDG1_PM	2018/11/20 16:22:59.511	Frm_Dig0300_Shinsa	40290	あり	40013249	SMTC_TYPE05	2	初回
kotomi.emura	SMTC_D_JUDG1_PM	2018/11/20 16:23:06.968	Frm_Dig0300_Shinsa	40300	年月日	40013249	SMTC_TYPE05	2	初回
kotomi.emura	SMTC_D_JUDG1_PM	2018/11/20 16:23:08.497	Frm_Dig0300_Shinsa	40310	裏面なし／記載なし	40013249	SMTC_TYPE05	2	初回
kotomi.emura	SMTC_D_JUDG1_PM	2018/11/20 16:23:09.574	Frm_Dig0300_Shinsa	40320	記載なし／裏面なし	40013249	SMTC_TYPE05	2	初回
kotomi.emura	SMTC_D_JUDG1_PM	2018/11/20 16:23:10.541	Frm_Dig0300_Shinsa	40610	記載なし	40013249	SMTC_TYPE05	2	初回
kotomi.emura	SMTC_D_JUDG1_PM	2018/11/20 16:23:25.424	Frm_Dig0300_Shinsa	40620	添付なし	40013249	SMTC_TYPE05	2	初回
kotomi.emura	SMTC_D_JUDG1_PM	2018/11/20 16:23:35.437	Frm_Dig0300_Shinsa	END	一次審査終了	40013249	SMTC_TYPE05	2	初回
kotomi.emura	SMTC_D_JUDG1_PM	2018/11/20 16:23:45.499	Frm_Dig0300_Shinsa	START	一次審査開始	40012462	SMTC_TYPE05	2	初回
kotomi.emura	SMTC_D_JUDG1_PM	2018/11/20 16:23:50.398	Frm_Dig0300_Shinsa	50020	なし	40012462	SMTC_TYPE05	2	初回
kotomi.emura	SMTC_D_JUDG1_PM	2018/11/20 16:23:57.121	Frm_Dig0300_Shinsa	50110	あり	40012462	SMTC_TYPE05	2	初回
kotomi.emura	SMTC_D_JUDG1_PM	2018/11/20 16:23:58.385	Frm_Dig0300_Shinsa	50120	訂正がない	40012462	SMTC_TYPE05	2	初回
kotomi.emura	SMTC_D_JUDG1_PM	2018/11/20 16:23:59.945	Frm_Dig0300_Shinsa	50135	レ点チェックなし、不鮮明	40012462	SMTC_TYPE05	2	初回
kotomi.emura	SMTC_D_JUDG1_PM	2018/11/20 16:24:01.193	Frm_Dig0300_Shinsa	50140	鮮明、または、捺印なし　	40012462	SMTC_TYPE05	2	初回
kotomi.emura	SMTC_D_JUDG1_PM	2018/11/20 16:24:02.285	Frm_Dig0300_Shinsa	40110	なし	40012462	SMTC_TYPE05	2	初回
kotomi.emura	SMTC_D_JUDG1_PM	2018/11/20 16:24:04.407	Frm_Dig0300_Shinsa	40120	書類	40012462	SMTC_TYPE05	2	初回
kotomi.emura	SMTC_D_JUDG1_PM	2018/11/20 16:24:10.241	Frm_Dig0300_Shinsa	40121	年月日	40012462	SMTC_TYPE05	2	初回
kotomi.emura	SMTC_D_JUDG1_PM	2018/11/20 16:24:12.363	Frm_Dig0300_Shinsa	40130	書類添付なし	40012462	SMTC_TYPE05	2	初回
kotomi.emura	SMTC_D_JUDG1_PM	2018/11/20 16:24:14.391	Frm_Dig0300_Shinsa	40170	JP：日本国	40012462	SMTC_TYPE05	2	初回
kotomi.emura	SMTC_D_JUDG1_PM	2018/11/20 16:24:17.105	Frm_Dig0300_Shinsa	40190	書類	40012462	SMTC_TYPE05	2	初回
kotomi.emura	SMTC_D_JUDG1_PM	2018/11/20 16:24:19.055	Frm_Dig0300_Shinsa	40200	一致	40012462	SMTC_TYPE05	2	初回
kotomi.emura	SMTC_D_JUDG1_PM	2018/11/20 16:24:25.405	Frm_Dig0300_Shinsa	40210	一致	40012462	SMTC_TYPE05	2	初回
kotomi.emura	SMTC_D_JUDG1_PM	2018/11/20 16:24:45.420	Frm_Dig0300_Shinsa	40220	一致	40012462	SMTC_TYPE05	2	初回
kotomi.emura	SMTC_D_JUDG1_PM	2018/11/20 16:24:51.863	Frm_Dig0300_Shinsa	40250	年月日	40012462	SMTC_TYPE05	2	初回
kotomi.emura	SMTC_D_JUDG1_PM	2018/11/20 16:24:57.588	Frm_Dig0300_Shinsa	40260	年月日	40012462	SMTC_TYPE05	2	初回
kotomi.emura	SMTC_D_JUDG1_PM	2018/11/20 16:25:22.143	Frm_Dig0300_Shinsa	40270	00000	40012462	SMTC_TYPE05	2	初回
kotomi.emura	SMTC_D_JUDG1_PM	2018/11/20 16:25:23.314	Frm_Dig0300_Shinsa	40290	あり	40012462	SMTC_TYPE05	2	初回
kotomi.emura	SMTC_D_JUDG1_PM	2018/11/20 16:25:29.429	Frm_Dig0300_Shinsa	40300	年月日	40012462	SMTC_TYPE05	2	初回
kotomi.emura	SMTC_D_JUDG1_PM	2018/11/20 16:25:31.582	Frm_Dig0300_Shinsa	40310	裏面なし／記載なし	40012462	SMTC_TYPE05	2	初回
kotomi.emura	SMTC_D_JUDG1_PM	2018/11/20 16:25:32.908	Frm_Dig0300_Shinsa	40320	記載なし／裏面なし	40012462	SMTC_TYPE05	2	初回
kotomi.emura	SMTC_D_JUDG1_PM	2018/11/20 16:25:34.639	Frm_Dig0300_Shinsa	50710	なし	40012462	SMTC_TYPE05	2	初回
kotomi.emura	SMTC_D_JUDG1_PM	2018/11/20 16:25:40.817	Frm_Dig0300_Shinsa	50690	なし	40012462	SMTC_TYPE05	2	初回
kotomi.emura	SMTC_D_JUDG1_PM	2018/11/20 16:25:42.081	Frm_Dig0300_Shinsa	50700	なし	40012462	SMTC_TYPE05	2	初回
kotomi.emura	SMTC_D_JUDG1_PM	2018/11/20 16:25:51.550	Frm_Dig0300_Shinsa	50730	記載なし	40012462	SMTC_TYPE05	2	初回
kotomi.emura	SMTC_D_JUDG1_PM	2018/11/20 16:26:32.064	Frm_Dig0300_Shinsa	50740	添付なし	40012462	SMTC_TYPE05	2	初回
kotomi.emura	SMTC_D_JUDG1_PM	2018/11/20 16:26:37.708	Frm_Dig0300_Shinsa	END	一次審査終了	40012462	SMTC_TYPE05	2	初回
kotomi.emura	SMTC_D_JUDG1_PM	2018/11/20 16:26:38.987	Frm_Dig0300_Shinsa	START	一次審査開始	40012479	SMTC_TYPE05	3	初回
kotomi.emura	SMTC_D_JUDG1_PM	2018/11/20 16:26:49.642	Frm_Dig0300_Shinsa	50020	なし	40012479	SMTC_TYPE05	3	初回
kotomi.emura	SMTC_D_JUDG1_PM	2018/11/20 16:26:54.478	Frm_Dig0300_Shinsa	50110	あり	40012479	SMTC_TYPE05	3	初回
kotomi.emura	SMTC_D_JUDG1_PM	2018/11/20 16:26:55.711	Frm_Dig0300_Shinsa	50120	訂正がない	40012479	SMTC_TYPE05	3	初回
kotomi.emura	SMTC_D_JUDG1_PM	2018/11/20 16:26:57.474	Frm_Dig0300_Shinsa	50135	レ点チェックなし、不鮮明	40012479	SMTC_TYPE05	3	初回
kotomi.emura	SMTC_D_JUDG1_PM	2018/11/20 16:26:58.534	Frm_Dig0300_Shinsa	50140	鮮明、または、捺印なし　	40012479	SMTC_TYPE05	3	初回
kotomi.emura	SMTC_D_JUDG1_PM	2018/11/20 16:26:59.486	Frm_Dig0300_Shinsa	40110	なし	40012479	SMTC_TYPE05	3	初回
kotomi.emura	SMTC_D_JUDG1_PM	2018/11/20 16:27:01.826	Frm_Dig0300_Shinsa	40120	書類	40012479	SMTC_TYPE05	3	初回
kotomi.emura	SMTC_D_JUDG1_PM	2018/11/20 16:27:07.676	Frm_Dig0300_Shinsa	40121	年月日	40012479	SMTC_TYPE05	3	初回
kotomi.emura	SMTC_D_JUDG1_PM	2018/11/20 16:27:09.673	Frm_Dig0300_Shinsa	40130	書類添付なし	40012479	SMTC_TYPE05	3	初回
kotomi.emura	SMTC_D_JUDG1_PM	2018/11/20 16:27:11.717	Frm_Dig0300_Shinsa	40170	JP：日本国	40012479	SMTC_TYPE05	3	初回
kotomi.emura	SMTC_D_JUDG1_PM	2018/11/20 16:27:13.947	Frm_Dig0300_Shinsa	40190	書類	40012479	SMTC_TYPE05	3	初回
kotomi.emura	SMTC_D_JUDG1_PM	2018/11/20 16:27:16.334	Frm_Dig0300_Shinsa	40200	一致	40012479	SMTC_TYPE05	3	初回
kotomi.emura	SMTC_D_JUDG1_PM	2018/11/20 16:27:23.838	Frm_Dig0300_Shinsa	40210	一致	40012479	SMTC_TYPE05	3	初回
kotomi.emura	SMTC_D_JUDG1_PM	2018/11/20 16:27:40.796	Frm_Dig0300_Shinsa	40220	本人確認書類再選択	40012479	SMTC_TYPE05	3	初回
kotomi.emura	SMTC_D_JUDG1_PM	2018/11/20 16:27:42.122	Frm_Dig0300_Shinsa	40190		40012479	SMTC_TYPE05	3	初回
kotomi.emura	SMTC_D_JUDG1_PM	2018/11/20 16:27:43.604	Frm_Dig0300_Shinsa	40170		40012479	SMTC_TYPE05	3	初回
kotomi.emura	SMTC_D_JUDG1_PM	2018/11/20 16:27:46.786	Frm_Dig0300_Shinsa	40130	書類	40012479	SMTC_TYPE05	3	初回
kotomi.emura	SMTC_D_JUDG1_PM	2018/11/20 16:27:56.318	Frm_Dig0300_Shinsa	40131	年月日	40012479	SMTC_TYPE05	3	初回
kotomi.emura	SMTC_D_JUDG1_PM	2018/11/20 16:27:58.424	Frm_Dig0300_Shinsa	40140	書類添付なし	40012479	SMTC_TYPE05	3	初回
kotomi.emura	SMTC_D_JUDG1_PM	2018/11/20 16:28:00.546	Frm_Dig0300_Shinsa	40170	JP：日本国	40012479	SMTC_TYPE05	3	初回
kotomi.emura	SMTC_D_JUDG1_PM	2018/11/20 16:28:03.385	Frm_Dig0300_Shinsa	40190	書類	40012479	SMTC_TYPE05	3	初回
kotomi.emura	SMTC_D_JUDG1_PM	2018/11/20 16:28:07.706	Frm_Dig0300_Shinsa	40200	一致	40012479	SMTC_TYPE05	3	初回
kotomi.emura	SMTC_D_JUDG1_PM	2018/11/20 16:28:13.057	Frm_Dig0300_Shinsa	40210	一致	40012479	SMTC_TYPE05	3	初回
kotomi.emura	SMTC_D_JUDG1_PM	2018/11/20 16:28:24.648	Frm_Dig0300_Shinsa	40220	本人確認書類再選択	40012479	SMTC_TYPE05	3	初回
kotomi.emura	SMTC_D_JUDG1_PM	2018/11/20 16:28:27.596	Frm_Dig0300_Shinsa	40190	書類	40012479	SMTC_TYPE05	3	初回
kotomi.emura	SMTC_D_JUDG1_PM	2018/11/20 16:28:36.333	Frm_Dig0300_Shinsa	40200	一致	40012479	SMTC_TYPE05	3	初回
kotomi.emura	SMTC_D_JUDG1_PM	2018/11/20 16:28:50.623	Frm_Dig0300_Shinsa	40210	一致	40012479	SMTC_TYPE05	3	初回
kotomi.emura	SMTC_D_JUDG1_PM	2018/11/20 16:29:57.969	Frm_Dig0300_Shinsa	40220	本人確認書類再選択	40012479	SMTC_TYPE05	3	初回
kotomi.emura	SMTC_D_JUDG1_PM	2018/11/20 16:30:01.198	Frm_Dig0300_Shinsa	40190	書類	40012479	SMTC_TYPE05	3	初回
kotomi.emura	SMTC_D_JUDG1_PM	2018/11/20 16:30:05.083	Frm_Dig0300_Shinsa	40200	一致	40012479	SMTC_TYPE05	3	初回
kotomi.emura	SMTC_D_JUDG1_PM	2018/11/20 16:30:32.056	Frm_Dig0300_Shinsa	40210	一致	40012479	SMTC_TYPE05	3	初回
kotomi.emura	SMTC_D_JUDG1_PM	2018/11/20 16:30:35.176	Frm_Dig0300_Shinsa	40220	不一致・見切れ・不鮮明	40012479	SMTC_TYPE05	3	初回
kotomi.emura	SMTC_D_JUDG1_PM	2018/11/20 16:30:37.500	Frm_Dig0300_Shinsa	40230	なし	40012479	SMTC_TYPE05	3	初回
kotomi.emura	SMTC_D_JUDG1_PM	2018/11/20 16:30:43.226	Frm_Dig0300_Shinsa	40250	年月日	40012479	SMTC_TYPE05	3	初回
kotomi.emura	SMTC_D_JUDG1_PM	2018/11/20 16:30:49.232	Frm_Dig0300_Shinsa	40260	年月日	40012479	SMTC_TYPE05	3	初回
kotomi.emura	SMTC_D_JUDG1_PM	2018/11/20 16:31:10.822	Frm_Dig0300_Shinsa	40270	00000	40012479	SMTC_TYPE05	3	初回
kotomi.emura	SMTC_D_JUDG1_PM	2018/11/20 16:31:12.367	Frm_Dig0300_Shinsa	40290	あり	40012479	SMTC_TYPE05	3	初回
kotomi.emura	SMTC_D_JUDG1_PM	2018/11/20 16:31:17.858	Frm_Dig0300_Shinsa	40300	年月日	40012479	SMTC_TYPE05	3	初回
kotomi.emura	SMTC_D_JUDG1_PM	2018/11/20 16:31:21.696	Frm_Dig0300_Shinsa	40310	裏面なし／記載なし	40012479	SMTC_TYPE05	3	初回
kotomi.emura	SMTC_D_JUDG1_PM	2018/11/20 16:31:22.507	Frm_Dig0300_Shinsa	40320	記載なし／裏面なし	40012479	SMTC_TYPE05	3	初回
kotomi.emura	SMTC_D_JUDG1_PM	2018/11/20 16:31:23.521	Frm_Dig0300_Shinsa	50710	なし	40012479	SMTC_TYPE05	3	初回
kotomi.emura	SMTC_D_JUDG1_PM	2018/11/20 16:31:28.482	Frm_Dig0300_Shinsa	50690	なし	40012479	SMTC_TYPE05	3	初回
kotomi.emura	SMTC_D_JUDG1_PM	2018/11/20 16:31:29.356	Frm_Dig0300_Shinsa	50700	なし	40012479	SMTC_TYPE05	3	初回
kotomi.emura	SMTC_D_JUDG1_PM	2018/11/20 16:31:34.394	Frm_Dig0300_Shinsa	50730	記載なし	40012479	SMTC_TYPE05	3	初回
kotomi.emura	SMTC_D_JUDG1_PM	2018/11/20 16:32:25.080	Frm_Dig0300_Shinsa	50740	添付なし	40012479	SMTC_TYPE05	3	初回
kotomi.emura	SMTC_D_JUDG1_PM	2018/11/20 16:32:29.099	Frm_Dig0300_Shinsa	END	一次審査終了	40012479	SMTC_TYPE05	3	初回
kotomi.emura	SMTC_D_JUDG1_PM	2018/11/20 16:32:30.284	Frm_Dig0300_Shinsa	START	一次審査開始	40012511	SMTC_TYPE05	2	初回
kotomi.emura	SMTC_D_JUDG1_PM	2018/11/20 16:32:41.345	Frm_Dig0300_Shinsa	50020	なし	40012511	SMTC_TYPE05	2	初回
kotomi.emura	SMTC_D_JUDG1_PM	2018/11/20 16:32:42.780	Frm_Dig0300_Shinsa	50110	あり	40012511	SMTC_TYPE05	2	初回
kotomi.emura	SMTC_D_JUDG1_PM	2018/11/20 16:32:44.028	Frm_Dig0300_Shinsa	50120	訂正がない	40012511	SMTC_TYPE05	2	初回
kotomi.emura	SMTC_D_JUDG1_PM	2018/11/20 16:32:49.488	Frm_Dig0300_Shinsa	50135	レ点チェックなし、不鮮明	40012511	SMTC_TYPE05	2	初回
kotomi.emura	SMTC_D_JUDG1_PM	2018/11/20 16:32:50.705	Frm_Dig0300_Shinsa	50140	鮮明、または、捺印なし　	40012511	SMTC_TYPE05	2	初回
kotomi.emura	SMTC_D_JUDG1_PM	2018/11/20 16:32:51.797	Frm_Dig0300_Shinsa	40110	なし	40012511	SMTC_TYPE05	2	初回
kotomi.emura	SMTC_D_JUDG1_PM	2018/11/20 16:32:54.995	Frm_Dig0300_Shinsa	40120	書類	40012511	SMTC_TYPE05	2	初回
kotomi.emura	SMTC_D_JUDG1_PM	2018/11/20 16:33:01.001	Frm_Dig0300_Shinsa	40121	年月日	40012511	SMTC_TYPE05	2	初回
kotomi.emura	SMTC_D_JUDG1_PM	2018/11/20 16:33:03.232	Frm_Dig0300_Shinsa	40130	書類添付なし	40012511	SMTC_TYPE05	2	初回
kotomi.emura	SMTC_D_JUDG1_PM	2018/11/20 16:33:05.338	Frm_Dig0300_Shinsa	40170	JP：日本国	40012511	SMTC_TYPE05	2	初回
kotomi.emura	SMTC_D_JUDG1_PM	2018/11/20 16:33:07.584	Frm_Dig0300_Shinsa	40190	書類	40012511	SMTC_TYPE05	2	初回
kotomi.emura	SMTC_D_JUDG1_PM	2018/11/20 16:33:16.913	Frm_Dig0300_Shinsa	40200	本人確認書類再選択	40012511	SMTC_TYPE05	2	初回
kotomi.emura	SMTC_D_JUDG1_PM	2018/11/20 16:33:18.504	Frm_Dig0300_Shinsa	40190		40012511	SMTC_TYPE05	2	初回
kotomi.emura	SMTC_D_JUDG1_PM	2018/11/20 16:33:20.018	Frm_Dig0300_Shinsa	40170		40012511	SMTC_TYPE05	2	初回
kotomi.emura	SMTC_D_JUDG1_PM	2018/11/20 16:33:22.108	Frm_Dig0300_Shinsa	40130		40012511	SMTC_TYPE05	2	初回
kotomi.emura	SMTC_D_JUDG1_PM	2018/11/20 16:33:24.105	Frm_Dig0300_Shinsa	40121		40012511	SMTC_TYPE05	2	初回
kotomi.emura	SMTC_D_JUDG1_PM	2018/11/20 16:33:26.913	Frm_Dig0300_Shinsa	40120	書類	40012511	SMTC_TYPE05	2	初回
kotomi.emura	SMTC_D_JUDG1_PM	2018/11/20 16:33:35.883	Frm_Dig0300_Shinsa	40121	年月日	40012511	SMTC_TYPE05	2	初回
kotomi.emura	SMTC_D_JUDG1_PM	2018/11/20 16:33:39.986	Frm_Dig0300_Shinsa	40130	書類添付なし	40012511	SMTC_TYPE05	2	初回
kotomi.emura	SMTC_D_JUDG1_PM	2018/11/20 16:33:41.858	Frm_Dig0300_Shinsa	40170	JP：日本国	40012511	SMTC_TYPE05	2	初回
kotomi.emura	SMTC_D_JUDG1_PM	2018/11/20 16:33:43.995	Frm_Dig0300_Shinsa	40190	書類	40012511	SMTC_TYPE05	2	初回
kotomi.emura	SMTC_D_JUDG1_PM	2018/11/20 16:33:46.257	Frm_Dig0300_Shinsa	40200	一致	40012511	SMTC_TYPE05	2	初回
kotomi.emura	SMTC_D_JUDG1_PM	2018/11/20 16:33:55.102	Frm_Dig0300_Shinsa	40210	一致	40012511	SMTC_TYPE05	2	初回
kotomi.emura	SMTC_D_JUDG1_PM	2018/11/20 16:34:20.110	Frm_Dig0300_Shinsa	40220	一致	40012511	SMTC_TYPE05	2	初回
kotomi.emura	SMTC_D_JUDG1_PM	2018/11/20 16:34:22.980	Frm_Dig0300_Shinsa	40250		40012511	SMTC_TYPE05	2	初回
kotomi.emura	SMTC_D_JUDG1_PM	2018/11/20 16:34:29.033	Frm_Dig0300_Shinsa	40260	年月日	40012511	SMTC_TYPE05	2	初回
kotomi.emura	SMTC_D_JUDG1_PM	2018/11/20 16:34:40.187	Frm_Dig0300_Shinsa	40270	00000	40012511	SMTC_TYPE05	2	初回
kotomi.emura	SMTC_D_JUDG1_PM	2018/11/20 16:34:41.669	Frm_Dig0300_Shinsa	50710	なし	40012511	SMTC_TYPE05	2	初回
kotomi.emura	SMTC_D_JUDG1_PM	2018/11/20 16:34:42.574	Frm_Dig0300_Shinsa	50690	なし	40012511	SMTC_TYPE05	2	初回
kotomi.emura	SMTC_D_JUDG1_PM	2018/11/20 16:34:43.510	Frm_Dig0300_Shinsa	50700	なし	40012511	SMTC_TYPE05	2	初回
kotomi.emura	SMTC_D_JUDG1_PM	2018/11/20 16:34:49.360	Frm_Dig0300_Shinsa	50730	記載なし	40012511	SMTC_TYPE05	2	初回
kotomi.emura	SMTC_D_JUDG1_PM	2018/11/20 16:35:18.080	Frm_Dig0300_Shinsa	50740	添付なし	40012511	SMTC_TYPE05	2	初回
kotomi.emura	SMTC_D_JUDG1_PM	2018/11/20 16:35:19.875	Frm_Dig0300_Shinsa	END	一次審査終了	40012511	SMTC_TYPE05	2	初回
kotomi.emura	SMTC_D_JUDG1_PM	2018/11/20 16:35:20.995	Frm_Dig0300_Shinsa	START	一次審査開始	40012845	SMTC_TYPE05	2	初回
kotomi.emura	SMTC_D_JUDG1_PM	2018/11/20 16:35:27.594	Frm_Dig0300_Shinsa	50020	なし	40012845	SMTC_TYPE05	2	初回
kotomi.emura	SMTC_D_JUDG1_PM	2018/11/20 16:35:34.567	Frm_Dig0300_Shinsa	50110	あり	40012845	SMTC_TYPE05	2	初回
kotomi.emura	SMTC_D_JUDG1_PM	2018/11/20 16:35:35.831	Frm_Dig0300_Shinsa	50120	訂正がない	40012845	SMTC_TYPE05	2	初回
kotomi.emura	SMTC_D_JUDG1_PM	2018/11/20 16:35:37.313	Frm_Dig0300_Shinsa	50135	レ点チェックなし、不鮮明	40012845	SMTC_TYPE05	2	初回
kotomi.emura	SMTC_D_JUDG1_PM	2018/11/20 16:35:38.436	Frm_Dig0300_Shinsa	50140	鮮明、または、捺印なし　	40012845	SMTC_TYPE05	2	初回
kotomi.emura	SMTC_D_JUDG1_PM	2018/11/20 16:35:39.325	Frm_Dig0300_Shinsa	40110	なし	40012845	SMTC_TYPE05	2	初回
kotomi.emura	SMTC_D_JUDG1_PM	2018/11/20 16:35:41.962	Frm_Dig0300_Shinsa	40120	書類	40012845	SMTC_TYPE05	2	初回
kotomi.emura	SMTC_D_JUDG1_PM	2018/11/20 16:35:47.235	Frm_Dig0300_Shinsa	40121	年月日	40012845	SMTC_TYPE05	2	初回
kotomi.emura	SMTC_D_JUDG1_PM	2018/11/20 16:35:49.466	Frm_Dig0300_Shinsa	40130	書類添付なし	40012845	SMTC_TYPE05	2	初回
kotomi.emura	SMTC_D_JUDG1_PM	2018/11/20 16:35:51.478	Frm_Dig0300_Shinsa	40170	JP：日本国	40012845	SMTC_TYPE05	2	初回
kotomi.emura	SMTC_D_JUDG1_PM	2018/11/20 16:35:53.662	Frm_Dig0300_Shinsa	40190	書類	40012845	SMTC_TYPE05	2	初回
kotomi.emura	SMTC_D_JUDG1_PM	2018/11/20 16:35:56.954	Frm_Dig0300_Shinsa	40200	一致	40012845	SMTC_TYPE05	2	初回
kotomi.emura	SMTC_D_JUDG1_PM	2018/11/20 16:36:08.264	Frm_Dig0300_Shinsa	40210	一致	40012845	SMTC_TYPE05	2	初回
kotomi.emura	SMTC_D_JUDG1_PM	2018/11/20 16:36:14.098	Frm_Dig0300_Shinsa	40220	一致	40012845	SMTC_TYPE05	2	初回
kotomi.emura	SMTC_D_JUDG1_PM	2018/11/20 16:36:19.792	Frm_Dig0300_Shinsa	40250	年月日	40012845	SMTC_TYPE05	2	初回
kotomi.emura	SMTC_D_JUDG1_PM	2018/11/20 16:36:24.535	Frm_Dig0300_Shinsa	40260	年月日	40012845	SMTC_TYPE05	2	初回
kotomi.emura	SMTC_D_JUDG1_PM	2018/11/20 16:37:01.102	Frm_Dig0300_Shinsa	40270	00000	40012845	SMTC_TYPE05	2	初回
kotomi.emura	SMTC_D_JUDG1_PM	2018/11/20 16:37:02.927	Frm_Dig0300_Shinsa	40290	あり	40012845	SMTC_TYPE05	2	初回
kotomi.emura	SMTC_D_JUDG1_PM	2018/11/20 16:37:08.309	Frm_Dig0300_Shinsa	40300	年月日	40012845	SMTC_TYPE05	2	初回
kotomi.emura	SMTC_D_JUDG1_PM	2018/11/20 16:37:10.914	Frm_Dig0300_Shinsa	40310	裏面なし／記載なし	40012845	SMTC_TYPE05	2	初回
kotomi.emura	SMTC_D_JUDG1_PM	2018/11/20 16:37:11.866	Frm_Dig0300_Shinsa	40320	記載なし／裏面なし	40012845	SMTC_TYPE05	2	初回
kotomi.emura	SMTC_D_JUDG1_PM	2018/11/20 16:37:13.769	Frm_Dig0300_Shinsa	50710	なし	40012845	SMTC_TYPE05	2	初回
kotomi.emura	SMTC_D_JUDG1_PM	2018/11/20 16:37:19.229	Frm_Dig0300_Shinsa	50690	なし	40012845	SMTC_TYPE05	2	初回
kotomi.emura	SMTC_D_JUDG1_PM	2018/11/20 16:37:20.820	Frm_Dig0300_Shinsa	50700	なし	40012845	SMTC_TYPE05	2	初回
kotomi.emura	SMTC_D_JUDG1_PM	2018/11/20 16:37:22.193	Frm_Dig0300_Shinsa	50730	記載なし	40012845	SMTC_TYPE05	2	初回
kotomi.emura	SMTC_D_JUDG1_PM	2018/11/20 16:38:27.386	Frm_Dig0300_Shinsa	50740	添付なし	40012845	SMTC_TYPE05	2	初回
kotomi.emura	SMTC_D_JUDG1_PM	2018/11/20 16:38:29.717	Frm_Dig0300_Shinsa	END	一次審査終了	40012845	SMTC_TYPE05	2	初回
kotomi.emura	SMTC_D_JUDG1_PM	2018/11/20 16:38:30.910	Frm_Dig0300_Shinsa	START	一次審査開始	40012930	SMTC_TYPE05	2	初回
kotomi.emura	SMTC_D_JUDG1_PM	2018/11/20 16:38:36.791	Frm_Dig0300_Shinsa	50020	なし	40012930	SMTC_TYPE05	2	初回
kotomi.emura	SMTC_D_JUDG1_PM	2018/11/20 16:38:39.100	Frm_Dig0300_Shinsa	50110	なし	40012930	SMTC_TYPE05	2	初回
kotomi.emura	SMTC_D_JUDG1_PM	2018/11/20 16:38:40.847	Frm_Dig0300_Shinsa	40110	なし	40012930	SMTC_TYPE05	2	初回
kotomi.emura	SMTC_D_JUDG1_PM	2018/11/20 16:38:44.794	Frm_Dig0300_Shinsa	40120	書類	40012930	SMTC_TYPE05	2	初回
kotomi.emura	SMTC_D_JUDG1_PM	2018/11/20 16:38:52.719	Frm_Dig0300_Shinsa	40121	年月日	40012930	SMTC_TYPE05	2	初回
kotomi.emura	SMTC_D_JUDG1_PM	2018/11/20 16:38:55.153	Frm_Dig0300_Shinsa	40130	書類添付なし	40012930	SMTC_TYPE05	2	初回
kotomi.emura	SMTC_D_JUDG1_PM	2018/11/20 16:38:57.259	Frm_Dig0300_Shinsa	40170	JP：日本国	40012930	SMTC_TYPE05	2	初回
kotomi.emura	SMTC_D_JUDG1_PM	2018/11/20 16:38:59.162	Frm_Dig0300_Shinsa	40190	書類	40012930	SMTC_TYPE05	2	初回
kotomi.emura	SMTC_D_JUDG1_PM	2018/11/20 16:39:01.736	Frm_Dig0300_Shinsa	40200	一致	40012930	SMTC_TYPE05	2	初回
kotomi.emura	SMTC_D_JUDG1_PM	2018/11/20 16:39:09.177	Frm_Dig0300_Shinsa	40210	一致	40012930	SMTC_TYPE05	2	初回
kotomi.emura	SMTC_D_JUDG1_PM	2018/11/20 16:39:29.894	Frm_Dig0300_Shinsa	40220	一致	40012930	SMTC_TYPE05	2	初回
kotomi.emura	SMTC_D_JUDG1_PM	2018/11/20 16:39:35.651	Frm_Dig0300_Shinsa	40250	年月日	40012930	SMTC_TYPE05	2	初回
kotomi.emura	SMTC_D_JUDG1_PM	2018/11/20 16:39:40.846	Frm_Dig0300_Shinsa	40260	年月日	40012930	SMTC_TYPE05	2	初回
kotomi.emura	SMTC_D_JUDG1_PM	2018/11/20 16:40:01.454	Frm_Dig0300_Shinsa	40270	00000	40012930	SMTC_TYPE05	2	初回
kotomi.emura	SMTC_D_JUDG1_PM	2018/11/20 16:40:02.468	Frm_Dig0300_Shinsa	40290	あり	40012930	SMTC_TYPE05	2	初回
kotomi.emura	SMTC_D_JUDG1_PM	2018/11/20 16:40:11.937	Frm_Dig0300_Shinsa	40300	年月日	40012930	SMTC_TYPE05	2	初回
kotomi.emura	SMTC_D_JUDG1_PM	2018/11/20 16:40:13.372	Frm_Dig0300_Shinsa	40310	裏面なし／記載なし	40012930	SMTC_TYPE05	2	初回
kotomi.emura	SMTC_D_JUDG1_PM	2018/11/20 16:40:14.386	Frm_Dig0300_Shinsa	40320	記載なし／裏面なし	40012930	SMTC_TYPE05	2	初回
kotomi.emura	SMTC_D_JUDG1_PM	2018/11/20 16:40:15.525	Frm_Dig0300_Shinsa	50710	なし	40012930	SMTC_TYPE05	2	初回
kotomi.emura	SMTC_D_JUDG1_PM	2018/11/20 16:40:17.615	Frm_Dig0300_Shinsa	50690	なし	40012930	SMTC_TYPE05	2	初回
kotomi.emura	SMTC_D_JUDG1_PM	2018/11/20 16:40:18.895	Frm_Dig0300_Shinsa	50700	なし	40012930	SMTC_TYPE05	2	初回
kotomi.emura	SMTC_D_JUDG1_PM	2018/11/20 16:40:21.422	Frm_Dig0300_Shinsa	50730	記載なし	40012930	SMTC_TYPE05	2	初回
kotomi.emura	SMTC_D_JUDG1_PM	2018/11/20 16:40:35.540	Frm_Dig0300_Shinsa	END	一次審査終了	40012930	SMTC_TYPE05	2	初回
kotomi.emura	SMTC_D_JUDG1_PM	2018/11/20 16:40:38.098	Frm_Dig0300_Shinsa	START	一次審査開始	40012930	SMTC_TYPE05	2	初回
kotomi.emura	SMTC_D_JUDG1_PM	2018/11/20 16:40:39.752	Frm_Dig0300_Shinsa	50020	なし	40012930	SMTC_TYPE05	2	初回
kotomi.emura	SMTC_D_JUDG1_PM	2018/11/20 16:40:41.016	Frm_Dig0300_Shinsa	50110	あり	40012930	SMTC_TYPE05	2	初回
kotomi.emura	SMTC_D_JUDG1_PM	2018/11/20 16:40:42.264	Frm_Dig0300_Shinsa	50120	訂正がない	40012930	SMTC_TYPE05	2	初回
kotomi.emura	SMTC_D_JUDG1_PM	2018/11/20 16:40:45.867	Frm_Dig0300_Shinsa	50135	レ点チェックなし、不鮮明	40012930	SMTC_TYPE05	2	初回
kotomi.emura	SMTC_D_JUDG1_PM	2018/11/20 16:40:47.162	Frm_Dig0300_Shinsa	50140	鮮明、または、捺印なし　	40012930	SMTC_TYPE05	2	初回
kotomi.emura	SMTC_D_JUDG1_PM	2018/11/20 16:40:48.161	Frm_Dig0300_Shinsa	40110	なし	40012930	SMTC_TYPE05	2	初回
kotomi.emura	SMTC_D_JUDG1_PM	2018/11/20 16:40:54.057	Frm_Dig0300_Shinsa	40120	書類	40012930	SMTC_TYPE05	2	初回
kotomi.emura	SMTC_D_JUDG1_PM	2018/11/20 16:40:59.767	Frm_Dig0300_Shinsa	40121	年月日	40012930	SMTC_TYPE05	2	初回
kotomi.emura	SMTC_D_JUDG1_PM	2018/11/20 16:41:01.889	Frm_Dig0300_Shinsa	40130	書類添付なし	40012930	SMTC_TYPE05	2	初回
kotomi.emura	SMTC_D_JUDG1_PM	2018/11/20 16:41:03.714	Frm_Dig0300_Shinsa	40170	JP：日本国	40012930	SMTC_TYPE05	2	初回
kotomi.emura	SMTC_D_JUDG1_PM	2018/11/20 16:41:05.726	Frm_Dig0300_Shinsa	40190	書類	40012930	SMTC_TYPE05	2	初回
kotomi.emura	SMTC_D_JUDG1_PM	2018/11/20 16:41:08.425	Frm_Dig0300_Shinsa	40200	一致	40012930	SMTC_TYPE05	2	初回
kotomi.emura	SMTC_D_JUDG1_PM	2018/11/20 16:41:38.409	Frm_Dig0300_Shinsa	40210	一致	40012930	SMTC_TYPE05	2	初回
kotomi.emura	SMTC_D_JUDG1_PM	2018/11/20 16:41:47.597	Frm_Dig0300_Shinsa	40220	一致	40012930	SMTC_TYPE05	2	初回
kotomi.emura	SMTC_D_JUDG1_PM	2018/11/20 16:41:52.901	Frm_Dig0300_Shinsa	40250	年月日	40012930	SMTC_TYPE05	2	初回
kotomi.emura	SMTC_D_JUDG1_PM	2018/11/20 16:41:58.018	Frm_Dig0300_Shinsa	40260	年月日	40012930	SMTC_TYPE05	2	初回
kotomi.emura	SMTC_D_JUDG1_PM	2018/11/20 16:42:20.639	Frm_Dig0300_Shinsa	40270	00000	40012930	SMTC_TYPE05	2	初回
kotomi.emura	SMTC_D_JUDG1_PM	2018/11/20 16:42:21.684	Frm_Dig0300_Shinsa	40290	あり	40012930	SMTC_TYPE05	2	初回
kotomi.emura	SMTC_D_JUDG1_PM	2018/11/20 16:42:29.967	Frm_Dig0300_Shinsa	40300	年月日	40012930	SMTC_TYPE05	2	初回
kotomi.emura	SMTC_D_JUDG1_PM	2018/11/20 16:42:31.746	Frm_Dig0300_Shinsa	40310	裏面なし／記載なし	40012930	SMTC_TYPE05	2	初回
kotomi.emura	SMTC_D_JUDG1_PM	2018/11/20 16:42:33.103	Frm_Dig0300_Shinsa	40320	記載なし／裏面なし	40012930	SMTC_TYPE05	2	初回
kotomi.emura	SMTC_D_JUDG1_PM	2018/11/20 16:42:34.273	Frm_Dig0300_Shinsa	50710	なし	40012930	SMTC_TYPE05	2	初回
kotomi.emura	SMTC_D_JUDG1_PM	2018/11/20 16:42:36.598	Frm_Dig0300_Shinsa	50690	なし	40012930	SMTC_TYPE05	2	初回
kotomi.emura	SMTC_D_JUDG1_PM	2018/11/20 16:42:37.705	Frm_Dig0300_Shinsa	50700	なし	40012930	SMTC_TYPE05	2	初回
kotomi.emura	SMTC_D_JUDG1_PM	2018/11/20 16:42:42.650	Frm_Dig0300_Shinsa	50730	記載なし	40012930	SMTC_TYPE05	2	初回
kotomi.emura	SMTC_D_JUDG1_PM	2018/11/20 16:43:51.463	Frm_Dig0300_Shinsa	50740	添付なし	40012930	SMTC_TYPE05	2	初回
kotomi.emura	SMTC_D_JUDG1_PM	2018/11/20 16:44:13.438	Frm_Dig0300_Shinsa	END	一次審査終了	40012930	SMTC_TYPE05	2	初回
kotomi.emura	SMTC_D_JUDG2_PM	2018/11/20 16:44:30.844	Frm_Dig0300_Shinsa	START	二次審査開始	50007844	SMTC_TYPE04	3	初回
kotomi.emura	SMTC_D_JUDG2_PM	2018/11/20 16:44:43.558	Frm_Dig0300_Shinsa	10010	通常申込書	50007844	SMTC_TYPE04	3	初回
kotomi.emura	SMTC_D_JUDG2_PM	2018/11/20 16:44:45.664	Frm_Dig0300_Shinsa	10020	あり	50007844	SMTC_TYPE04	3	初回
kotomi.emura	SMTC_D_JUDG2_PM	2018/11/20 16:44:51.483	Frm_Dig0300_Shinsa	10630	なし	50007844	SMTC_TYPE04	3	初回
kotomi.emura	SMTC_D_JUDG2_PM	2018/11/20 16:44:52.731	Frm_Dig0300_Shinsa	10030	訂正がない	50007844	SMTC_TYPE04	3	初回
kotomi.emura	SMTC_D_JUDG2_PM	2018/11/20 16:44:56.537	Frm_Dig0300_Shinsa	10040	法人口座	50007844	SMTC_TYPE04	3	初回
kotomi.emura	SMTC_D_JUDG2_PM	2018/11/20 16:45:02.606	Frm_Dig0300_Shinsa	10050	法人口座	50007844	SMTC_TYPE04	3	初回
kotomi.emura	SMTC_D_JUDG2_PM	2018/11/20 16:45:04.447	Frm_Dig0300_Shinsa	10750	対象外の金融機関を指定	50007844	SMTC_TYPE04	3	初回
kotomi.emura	SMTC_D_JUDG2_PM	2018/11/20 16:45:05.695	Frm_Dig0300_Shinsa	10070	鮮明、または、捺印なし　	50007844	SMTC_TYPE04	3	初回
kotomi.emura	SMTC_D_JUDG2_PM	2018/11/20 16:45:08.596	Frm_Dig0300_Shinsa	10640	なし	50007844	SMTC_TYPE04	3	初回
kotomi.emura	SMTC_D_JUDG2_PM	2018/11/20 16:45:09.798	Frm_Dig0300_Shinsa	10080	あり	50007844	SMTC_TYPE04	3	初回
kotomi.emura	SMTC_D_JUDG2_PM	2018/11/20 16:45:10.780	Frm_Dig0300_Shinsa	10700	なし	50007844	SMTC_TYPE04	3	初回
kotomi.emura	SMTC_D_JUDG2_PM	2018/11/20 16:45:11.919	Frm_Dig0300_Shinsa	10090	訂正がない	50007844	SMTC_TYPE04	3	初回
kotomi.emura	SMTC_D_JUDG2_PM	2018/11/20 16:45:14.010	Frm_Dig0300_Shinsa	10110		50007844	SMTC_TYPE04	3	初回
kotomi.emura	SMTC_D_JUDG2_PM	2018/11/20 16:45:15.258	Frm_Dig0300_Shinsa	10090		50007844	SMTC_TYPE04	3	初回
kotomi.emura	SMTC_D_JUDG2_PM	2018/11/20 16:45:22.949	Frm_Dig0300_Shinsa	10700	あり	50007844	SMTC_TYPE04	3	初回
kotomi.emura	SMTC_D_JUDG2_PM	2018/11/20 16:45:24.212	Frm_Dig0300_Shinsa	10090	訂正がない	50007844	SMTC_TYPE04	3	初回
kotomi.emura	SMTC_D_JUDG2_PM	2018/11/20 16:45:25.507	Frm_Dig0300_Shinsa	10110	鮮明、または、捺印なし　	50007844	SMTC_TYPE04	3	初回
kotomi.emura	SMTC_D_JUDG2_PM	2018/11/20 16:45:26.537	Frm_Dig0300_Shinsa	10620	なし	50007844	SMTC_TYPE04	3	初回
kotomi.emura	SMTC_D_JUDG2_PM	2018/11/20 16:45:33.042	Frm_Dig0300_Shinsa	10120	書類	50007844	SMTC_TYPE04	3	初回
kotomi.emura	SMTC_D_JUDG2_PM	2018/11/20 16:45:38.705	Frm_Dig0300_Shinsa	10121	年月日	50007844	SMTC_TYPE04	3	初回
kotomi.emura	SMTC_D_JUDG2_PM	2018/11/20 16:45:41.076	Frm_Dig0300_Shinsa	10130	書類添付なし	50007844	SMTC_TYPE04	3	初回
kotomi.emura	SMTC_D_JUDG2_PM	2018/11/20 16:45:43.213	Frm_Dig0300_Shinsa	10170	JP：日本国	50007844	SMTC_TYPE04	3	初回
kotomi.emura	SMTC_D_JUDG2_PM	2018/11/20 16:45:45.085	Frm_Dig0300_Shinsa	10190	書類	50007844	SMTC_TYPE04	3	初回
kotomi.emura	SMTC_D_JUDG2_PM	2018/11/20 16:45:49.219	Frm_Dig0300_Shinsa	10200	一致	50007844	SMTC_TYPE04	3	初回
kotomi.emura	SMTC_D_JUDG2_PM	2018/11/20 16:45:58.205	Frm_Dig0300_Shinsa	10210	一致	50007844	SMTC_TYPE04	3	初回
kotomi.emura	SMTC_D_JUDG2_PM	2018/11/20 16:46:06.629	Frm_Dig0300_Shinsa	10220	一致	50007844	SMTC_TYPE04	3	初回
kotomi.emura	SMTC_D_JUDG2_PM	2018/11/20 16:46:12.292	Frm_Dig0300_Shinsa	10250	年月日	50007844	SMTC_TYPE04	3	初回
kotomi.emura	SMTC_D_JUDG2_PM	2018/11/20 16:46:17.190	Frm_Dig0300_Shinsa	10260	年月日	50007844	SMTC_TYPE04	3	初回
kotomi.emura	SMTC_D_JUDG2_PM	2018/11/20 16:46:45.427	Frm_Dig0300_Shinsa	10270	00000	50007844	SMTC_TYPE04	3	初回
kotomi.emura	SMTC_D_JUDG2_PM	2018/11/20 17:06:16.495	Frm_Dig0300_Shinsa	10290	あり	50007844	SMTC_TYPE04	3	初回
kotomi.emura	SMTC_D_JUDG2_PM	2018/11/20 17:06:35.855	Frm_Dig0300_Shinsa	10300	年月日	50007844	SMTC_TYPE04	3	初回
kotomi.emura	SMTC_D_JUDG2_PM	2018/11/20 17:06:53.639	Frm_Dig0300_Shinsa	10310	裏面なし	50007844	SMTC_TYPE04	3	初回
kotomi.emura	SMTC_D_JUDG2_PM	2018/11/20 17:06:54.388	Frm_Dig0300_Shinsa	10320	記載なし	50007844	SMTC_TYPE04	3	初回
kotomi.emura	SMTC_D_JUDG2_PM	2018/11/20 17:06:56.072	Frm_Dig0300_Shinsa	10370	なし	50007844	SMTC_TYPE04	3	初回
kotomi.emura	SMTC_D_JUDG2_PM	2018/11/20 17:07:01.002	Frm_Dig0300_Shinsa	10470	それ以外	50007844	SMTC_TYPE04	3	初回
kotomi.emura	SMTC_D_JUDG2_PM	2018/11/20 17:07:02.094	Frm_Dig0300_Shinsa	10710	なし	50007844	SMTC_TYPE04	3	初回
kotomi.emura	SMTC_D_JUDG2_PM	2018/11/20 17:07:03.295	Frm_Dig0300_Shinsa	10450	なし	50007844	SMTC_TYPE04	3	初回
kotomi.emura	SMTC_D_JUDG2_PM	2018/11/20 17:07:04.668	Frm_Dig0300_Shinsa	10610	なし	50007844	SMTC_TYPE04	3	初回
kotomi.emura	SMTC_D_JUDG2_PM	2018/11/20 17:07:08.787	Frm_Dig0300_Shinsa	10730	記載あり	50007844	SMTC_TYPE04	3	初回
kotomi.emura	SMTC_D_JUDG2_PM	2018/11/20 17:07:09.723	Frm_Dig0300_Shinsa	10740	添付なし	50007844	SMTC_TYPE04	3	初回
kotomi.emura	SMTC_D_JUDG2_PM	2018/11/20 17:07:10.799	Frm_Dig0300_Shinsa	10770	なし	50007844	SMTC_TYPE04	3	初回
kotomi.emura	SMTC_D_JUDG2_PM	2018/11/20 17:07:39.098	Frm_Dig0300_Shinsa	10460		50007844	SMTC_TYPE04	3	初回
kotomi.emura	SMTC_D_JUDG2_PM	2018/11/20 17:07:42.063	Frm_Dig0300_Shinsa	END	二次審査終了	50007844	SMTC_TYPE04	3	初回
kotomi.emura	SMTC_D_JUDG2_PM	2018/11/20 17:07:43.733	Frm_Dig0300_Shinsa	START	二次審査開始	50007845	SMTC_TYPE04	3	初回
kotomi.emura	SMTC_D_JUDG2_PM	2018/11/20 17:07:51.221	Frm_Dig0300_Shinsa	10010	通常申込書	50007845	SMTC_TYPE04	3	初回
kotomi.emura	SMTC_D_JUDG2_PM	2018/11/20 17:07:57.180	Frm_Dig0300_Shinsa	10020	あり	50007845	SMTC_TYPE04	3	初回
kotomi.emura	SMTC_D_JUDG2_PM	2018/11/20 17:07:58.724	Frm_Dig0300_Shinsa	10630	なし	50007845	SMTC_TYPE04	3	初回
kotomi.emura	SMTC_D_JUDG2_PM	2018/11/20 17:08:00.050	Frm_Dig0300_Shinsa	10030	訂正がない	50007845	SMTC_TYPE04	3	初回
kotomi.emura	SMTC_D_JUDG2_PM	2018/11/20 17:08:04.808	Frm_Dig0300_Shinsa	10040	法人口座	50007845	SMTC_TYPE04	3	初回
kotomi.emura	SMTC_D_JUDG2_PM	2018/11/20 17:08:14.995	Frm_Dig0300_Shinsa	10050	法人口座	50007845	SMTC_TYPE04	3	初回
kotomi.emura	SMTC_D_JUDG2_PM	2018/11/20 17:08:16.212	Frm_Dig0300_Shinsa	10750	対象外の金融機関を指定	50007845	SMTC_TYPE04	3	初回
kotomi.emura	SMTC_D_JUDG2_PM	2018/11/20 17:08:17.476	Frm_Dig0300_Shinsa	10070	鮮明、または、捺印なし　	50007845	SMTC_TYPE04	3	初回
kotomi.emura	SMTC_D_JUDG2_PM	2018/11/20 17:08:18.880	Frm_Dig0300_Shinsa	10640	なし	50007845	SMTC_TYPE04	3	初回
kotomi.emura	SMTC_D_JUDG2_PM	2018/11/20 17:08:21.313	Frm_Dig0300_Shinsa	10080	あり	50007845	SMTC_TYPE04	3	初回
kotomi.emura	SMTC_D_JUDG2_PM	2018/11/20 17:08:22.359	Frm_Dig0300_Shinsa	10700	なし	50007845	SMTC_TYPE04	3	初回
kotomi.emura	SMTC_D_JUDG2_PM	2018/11/20 17:08:23.529	Frm_Dig0300_Shinsa	10090	訂正がない	50007845	SMTC_TYPE04	3	初回
kotomi.emura	SMTC_D_JUDG2_PM	2018/11/20 17:08:24.652	Frm_Dig0300_Shinsa	10110	鮮明、または、捺印なし　	50007845	SMTC_TYPE04	3	初回
kotomi.emura	SMTC_D_JUDG2_PM	2018/11/20 17:08:25.635	Frm_Dig0300_Shinsa	10620	なし	50007845	SMTC_TYPE04	3	初回
kotomi.emura	SMTC_D_JUDG2_PM	2018/11/20 17:08:30.954	Frm_Dig0300_Shinsa	10120	書類添付なし	50007845	SMTC_TYPE04	3	初回
kotomi.emura	SMTC_D_JUDG2_PM	2018/11/20 17:08:32.780	Frm_Dig0300_Shinsa	10370	なし	50007845	SMTC_TYPE04	3	初回
kotomi.emura	SMTC_D_JUDG2_PM	2018/11/20 17:08:39.956	Frm_Dig0300_Shinsa	10470		50007845	SMTC_TYPE04	3	初回
kotomi.emura	SMTC_D_JUDG2_PM	2018/11/20 17:08:42.093	Frm_Dig0300_Shinsa	10370		50007845	SMTC_TYPE04	3	初回
kotomi.emura	SMTC_D_JUDG2_PM	2018/11/20 17:08:44.464	Frm_Dig0300_Shinsa	10120	書類	50007845	SMTC_TYPE04	3	初回
kotomi.emura	SMTC_D_JUDG2_PM	2018/11/20 17:08:50.548	Frm_Dig0300_Shinsa	10121	年月日	50007845	SMTC_TYPE04	3	初回
kotomi.emura	SMTC_D_JUDG2_PM	2018/11/20 17:08:53.107	Frm_Dig0300_Shinsa	10130	書類添付なし	50007845	SMTC_TYPE04	3	初回
kotomi.emura	SMTC_D_JUDG2_PM	2018/11/20 17:08:54.947	Frm_Dig0300_Shinsa	10170	JP：日本国	50007845	SMTC_TYPE04	3	初回
kotomi.emura	SMTC_D_JUDG2_PM	2018/11/20 17:08:57.256	Frm_Dig0300_Shinsa	10190	書類	50007845	SMTC_TYPE04	3	初回
kotomi.emura	SMTC_D_JUDG2_PM	2018/11/20 17:09:01.281	Frm_Dig0300_Shinsa	10200	一致	50007845	SMTC_TYPE04	3	初回
kotomi.emura	SMTC_D_JUDG2_PM	2018/11/20 17:09:07.272	Frm_Dig0300_Shinsa	10210	一致	50007845	SMTC_TYPE04	3	初回
kotomi.emura	SMTC_D_JUDG2_PM	2018/11/20 17:09:14.651	Frm_Dig0300_Shinsa	10220	一致	50007845	SMTC_TYPE04	3	初回
kotomi.emura	SMTC_D_JUDG2_PM	2018/11/20 17:09:19.970	Frm_Dig0300_Shinsa	10250	年月日	50007845	SMTC_TYPE04	3	初回
kotomi.emura	SMTC_D_JUDG2_PM	2018/11/20 17:09:32.840	Frm_Dig0300_Shinsa	10260	年月日	50007845	SMTC_TYPE04	3	初回
kotomi.emura	SMTC_D_JUDG2_PM	2018/11/20 17:09:52.169	Frm_Dig0300_Shinsa	10270	00000	50007845	SMTC_TYPE04	3	初回
kotomi.emura	SMTC_D_JUDG2_PM	2018/11/20 17:09:54.415	Frm_Dig0300_Shinsa	10290	あり	50007845	SMTC_TYPE04	3	初回
kotomi.emura	SMTC_D_JUDG2_PM	2018/11/20 17:10:01.592	Frm_Dig0300_Shinsa	10300	年月日	50007845	SMTC_TYPE04	3	初回
kotomi.emura	SMTC_D_JUDG2_PM	2018/11/20 17:10:04.805	Frm_Dig0300_Shinsa	10310	裏面なし	50007845	SMTC_TYPE04	3	初回
kotomi.emura	SMTC_D_JUDG2_PM	2018/11/20 17:10:05.663	Frm_Dig0300_Shinsa	10320	記載なし	50007845	SMTC_TYPE04	3	初回
kotomi.emura	SMTC_D_JUDG2_PM	2018/11/20 17:10:07.332	Frm_Dig0300_Shinsa	10370	なし	50007845	SMTC_TYPE04	3	初回
kotomi.emura	SMTC_D_JUDG2_PM	2018/11/20 17:10:13.104	Frm_Dig0300_Shinsa	10470	それ以外	50007845	SMTC_TYPE04	3	初回
kotomi.emura	SMTC_D_JUDG2_PM	2018/11/20 17:10:14.353	Frm_Dig0300_Shinsa	10710	なし	50007845	SMTC_TYPE04	3	初回
kotomi.emura	SMTC_D_JUDG2_PM	2018/11/20 17:10:22.293	Frm_Dig0300_Shinsa	10450	なし	50007845	SMTC_TYPE04	3	初回
kotomi.emura	SMTC_D_JUDG2_PM	2018/11/20 17:10:23.323	Frm_Dig0300_Shinsa	10610	あり	50007845	SMTC_TYPE04	3	初回
kotomi.emura	SMTC_D_JUDG2_PM	2018/11/20 17:10:37.144	Frm_Dig0300_Shinsa	10730	記載なし	50007845	SMTC_TYPE04	3	初回
kotomi.emura	SMTC_D_JUDG2_PM	2018/11/20 17:10:38.080	Frm_Dig0300_Shinsa	10740	添付なし	50007845	SMTC_TYPE04	3	初回
kotomi.emura	SMTC_D_JUDG2_PM	2018/11/20 17:10:39.313	Frm_Dig0300_Shinsa	10770	なし	50007845	SMTC_TYPE04	3	初回
kotomi.emura	SMTC_D_JUDG2_PM	2018/11/20 17:11:55.411	Frm_Dig0300_Shinsa	10460		50007845	SMTC_TYPE04	3	初回
kotomi.emura	SMTC_D_JUDG2_PM	2018/11/20 17:11:57.846	Frm_Dig0300_Shinsa	END	二次審査終了	50007845	SMTC_TYPE04	3	初回
kotomi.emura	SMTC_D_JUDG2_PM	2018/11/20 17:11:59.626	Frm_Dig0300_Shinsa	START	二次審査開始	50007846	SMTC_TYPE04	4	初回
kotomi.emura	SMTC_D_JUDG2_PM	2018/11/20 17:12:10.094	Frm_Dig0300_Shinsa	10010	通常申込書	50007846	SMTC_TYPE04	4	初回
kotomi.emura	SMTC_D_JUDG2_PM	2018/11/20 17:12:14.509	Frm_Dig0300_Shinsa	10020	あり	50007846	SMTC_TYPE04	4	初回
kotomi.emura	SMTC_D_JUDG2_PM	2018/11/20 17:12:15.788	Frm_Dig0300_Shinsa	10630	なし	50007846	SMTC_TYPE04	4	初回
kotomi.emura	SMTC_D_JUDG2_PM	2018/11/20 17:12:17.785	Frm_Dig0300_Shinsa	10030	訂正がない	50007846	SMTC_TYPE04	4	初回
kotomi.emura	SMTC_D_JUDG2_PM	2018/11/20 17:12:23.401	Frm_Dig0300_Shinsa	10040	法人口座	50007846	SMTC_TYPE04	4	初回
kotomi.emura	SMTC_D_JUDG2_PM	2018/11/20 17:12:30.109	Frm_Dig0300_Shinsa	10050	法人口座	50007846	SMTC_TYPE04	4	初回
kotomi.emura	SMTC_D_JUDG2_PM	2018/11/20 17:12:31.887	Frm_Dig0300_Shinsa	10750	対象外の金融機関を指定	50007846	SMTC_TYPE04	4	初回
kotomi.emura	SMTC_D_JUDG2_PM	2018/11/20 17:12:33.198	Frm_Dig0300_Shinsa	10070	鮮明、または、捺印なし　	50007846	SMTC_TYPE04	4	初回
kotomi.emura	SMTC_D_JUDG2_PM	2018/11/20 17:12:37.472	Frm_Dig0300_Shinsa	10640	なし	50007846	SMTC_TYPE04	4	初回
kotomi.emura	SMTC_D_JUDG2_PM	2018/11/20 17:12:38.611	Frm_Dig0300_Shinsa	10080	あり	50007846	SMTC_TYPE04	4	初回
kotomi.emura	SMTC_D_JUDG2_PM	2018/11/20 17:12:39.578	Frm_Dig0300_Shinsa	10700	なし	50007846	SMTC_TYPE04	4	初回
kotomi.emura	SMTC_D_JUDG2_PM	2018/11/20 17:12:47.394	Frm_Dig0300_Shinsa	10090	訂正がない	50007846	SMTC_TYPE04	4	初回
kotomi.emura	SMTC_D_JUDG2_PM	2018/11/20 17:12:48.783	Frm_Dig0300_Shinsa	10110	鮮明、または、捺印なし　	50007846	SMTC_TYPE04	4	初回
kotomi.emura	SMTC_D_JUDG2_PM	2018/11/20 17:12:50.826	Frm_Dig0300_Shinsa	10620	なし	50007846	SMTC_TYPE04	4	初回
kotomi.emura	SMTC_D_JUDG2_PM	2018/11/20 17:12:54.274	Frm_Dig0300_Shinsa	10120	書類	50007846	SMTC_TYPE04	4	初回
kotomi.emura	SMTC_D_JUDG2_PM	2018/11/20 17:12:59.703	Frm_Dig0300_Shinsa	10121	年月日	50007846	SMTC_TYPE04	4	初回
kotomi.emura	SMTC_D_JUDG2_PM	2018/11/20 17:13:01.606	Frm_Dig0300_Shinsa	10130	書類添付なし	50007846	SMTC_TYPE04	4	初回
kotomi.emura	SMTC_D_JUDG2_PM	2018/11/20 17:13:03.431	Frm_Dig0300_Shinsa	10170	JP：日本国	50007846	SMTC_TYPE04	4	初回
kotomi.emura	SMTC_D_JUDG2_PM	2018/11/20 17:13:06.052	Frm_Dig0300_Shinsa	10190	書類	50007846	SMTC_TYPE04	4	初回
kotomi.emura	SMTC_D_JUDG2_PM	2018/11/20 17:13:11.496	Frm_Dig0300_Shinsa	10200	一致	50007846	SMTC_TYPE04	4	初回
kotomi.emura	SMTC_D_JUDG2_PM	2018/11/20 17:13:19.078	Frm_Dig0300_Shinsa	10210	一致	50007846	SMTC_TYPE04	4	初回
kotomi.emura	SMTC_D_JUDG2_PM	2018/11/20 17:13:28.345	Frm_Dig0300_Shinsa	10220	一致	50007846	SMTC_TYPE04	4	初回
kotomi.emura	SMTC_D_JUDG2_PM	2018/11/20 17:13:35.068	Frm_Dig0300_Shinsa	10250	年月日	50007846	SMTC_TYPE04	4	初回
kotomi.emura	SMTC_D_JUDG2_PM	2018/11/20 17:13:39.982	Frm_Dig0300_Shinsa	10260	年月日	50007846	SMTC_TYPE04	4	初回
kotomi.emura	SMTC_D_JUDG2_PM	2018/11/20 17:14:00.029	Frm_Dig0300_Shinsa	10270	00000	50007846	SMTC_TYPE04	4	初回
kotomi.emura	SMTC_D_JUDG2_PM	2018/11/20 17:14:01.136	Frm_Dig0300_Shinsa	10290	あり	50007846	SMTC_TYPE04	4	初回
kotomi.emura	SMTC_D_JUDG2_PM	2018/11/20 17:14:08.874	Frm_Dig0300_Shinsa	10300	年月日	50007846	SMTC_TYPE04	4	初回
kotomi.emura	SMTC_D_JUDG2_PM	2018/11/20 17:14:12.088	Frm_Dig0300_Shinsa	10310	裏面なし	50007846	SMTC_TYPE04	4	初回
kotomi.emura	SMTC_D_JUDG2_PM	2018/11/20 17:14:12.805	Frm_Dig0300_Shinsa	10320	記載なし	50007846	SMTC_TYPE04	4	初回
kotomi.emura	SMTC_D_JUDG2_PM	2018/11/20 17:14:13.866	Frm_Dig0300_Shinsa	10370	なし	50007846	SMTC_TYPE04	4	初回
kotomi.emura	SMTC_D_JUDG2_PM	2018/11/20 17:14:18.686	Frm_Dig0300_Shinsa	10470	それ以外	50007846	SMTC_TYPE04	4	初回
kotomi.emura	SMTC_D_JUDG2_PM	2018/11/20 17:14:19.856	Frm_Dig0300_Shinsa	10710	なし	50007846	SMTC_TYPE04	4	初回
kotomi.emura	SMTC_D_JUDG2_PM	2018/11/20 17:14:29.965	Frm_Dig0300_Shinsa	10450	なし	50007846	SMTC_TYPE04	4	初回
kotomi.emura	SMTC_D_JUDG2_PM	2018/11/20 17:14:31.151	Frm_Dig0300_Shinsa	10610	あり	50007846	SMTC_TYPE04	4	初回
kotomi.emura	SMTC_D_JUDG2_PM	2018/11/20 17:14:39.045	Frm_Dig0300_Shinsa	10730	記載あり	50007846	SMTC_TYPE04	4	初回
kotomi.emura	SMTC_D_JUDG2_PM	2018/11/20 17:14:39.965	Frm_Dig0300_Shinsa	10740	添付なし	50007846	SMTC_TYPE04	4	初回
kotomi.emura	SMTC_D_JUDG2_PM	2018/11/20 17:14:42.321	Frm_Dig0300_Shinsa	10770	なし	50007846	SMTC_TYPE04	4	初回
kotomi.emura	SMTC_D_JUDG2_PM	2018/11/20 17:15:50.010	Frm_Dig0300_Shinsa	10460		50007846	SMTC_TYPE04	4	初回
kotomi.emura	SMTC_D_JUDG2_PM	2018/11/20 17:15:52.894	Frm_Dig0300_Shinsa	END	二次審査終了	50007846	SMTC_TYPE04	4	初回
kotomi.emura	SMTC_D_JUDG2_PM	2018/11/20 17:15:56.137	Frm_Dig0300_Shinsa	START	二次審査開始	50007847	SMTC_TYPE04	3	初回
kotomi.emura	SMTC_D_JUDG2_PM	2018/11/20 17:16:05.918	Frm_Dig0300_Shinsa	10010	通常申込書	50007847	SMTC_TYPE04	3	初回
kotomi.emura	SMTC_D_JUDG2_PM	2018/11/20 17:16:08.648	Frm_Dig0300_Shinsa	10020	あり	50007847	SMTC_TYPE04	3	初回
kotomi.emura	SMTC_D_JUDG2_PM	2018/11/20 17:16:16.370	Frm_Dig0300_Shinsa	10630	なし	50007847	SMTC_TYPE04	3	初回
kotomi.emura	SMTC_D_JUDG2_PM	2018/11/20 17:16:17.774	Frm_Dig0300_Shinsa	10030	訂正がない	50007847	SMTC_TYPE04	3	初回
kotomi.emura	SMTC_D_JUDG2_PM	2018/11/20 17:16:20.302	Frm_Dig0300_Shinsa	10040	法人口座	50007847	SMTC_TYPE04	3	初回
kotomi.emura	SMTC_D_JUDG2_PM	2018/11/20 17:16:30.192	Frm_Dig0300_Shinsa	10050	法人口座	50007847	SMTC_TYPE04	3	初回
kotomi.emura	SMTC_D_JUDG2_PM	2018/11/20 17:16:45.902	Frm_Dig0300_Shinsa	10750	対象外の金融機関を指定	50007847	SMTC_TYPE04	3	初回
kotomi.emura	SMTC_D_JUDG2_PM	2018/11/20 17:16:48.803	Frm_Dig0300_Shinsa	10070	鮮明、または、捺印なし　	50007847	SMTC_TYPE04	3	初回
kotomi.emura	SMTC_D_JUDG2_PM	2018/11/20 17:16:49.958	Frm_Dig0300_Shinsa	10640	なし	50007847	SMTC_TYPE04	3	初回
kotomi.emura	SMTC_D_JUDG2_PM	2018/11/20 17:16:53.202	Frm_Dig0300_Shinsa	10080	あり	50007847	SMTC_TYPE04	3	初回
kotomi.emura	SMTC_D_JUDG2_PM	2018/11/20 17:16:54.138	Frm_Dig0300_Shinsa	10700	なし	50007847	SMTC_TYPE04	3	初回
kotomi.emura	SMTC_D_JUDG2_PM	2018/11/20 17:16:55.277	Frm_Dig0300_Shinsa	10090	訂正がない	50007847	SMTC_TYPE04	3	初回
kotomi.emura	SMTC_D_JUDG2_PM	2018/11/20 17:16:59.209	Frm_Dig0300_Shinsa	10110		50007847	SMTC_TYPE04	3	初回
kotomi.emura	SMTC_D_JUDG2_PM	2018/11/20 17:17:03.686	Frm_Dig0300_Shinsa	10090	訂正があり、訂正印があり	50007847	SMTC_TYPE04	3	初回
kotomi.emura	SMTC_D_JUDG2_PM	2018/11/20 17:17:05.168	Frm_Dig0300_Shinsa	10110	鮮明、または、捺印なし　	50007847	SMTC_TYPE04	3	初回
kotomi.emura	SMTC_D_JUDG2_PM	2018/11/20 17:17:06.946	Frm_Dig0300_Shinsa	10620	なし	50007847	SMTC_TYPE04	3	初回
kotomi.emura	SMTC_D_JUDG2_PM	2018/11/20 17:17:09.333	Frm_Dig0300_Shinsa	10120	書類	50007847	SMTC_TYPE04	3	初回
kotomi.emura	SMTC_D_JUDG2_PM	2018/11/20 17:17:17.710	Frm_Dig0300_Shinsa	10121	年月日	50007847	SMTC_TYPE04	3	初回
kotomi.emura	SMTC_D_JUDG2_PM	2018/11/20 17:17:19.551	Frm_Dig0300_Shinsa	10130	書類添付なし	50007847	SMTC_TYPE04	3	初回
kotomi.emura	SMTC_D_JUDG2_PM	2018/11/20 17:17:21.673	Frm_Dig0300_Shinsa	10170	JP：日本国	50007847	SMTC_TYPE04	3	初回
kotomi.emura	SMTC_D_JUDG2_PM	2018/11/20 17:17:23.654	Frm_Dig0300_Shinsa	10190	書類	50007847	SMTC_TYPE04	3	初回
kotomi.emura	SMTC_D_JUDG2_PM	2018/11/20 17:17:29.083	Frm_Dig0300_Shinsa	10200	一致	50007847	SMTC_TYPE04	3	初回
kotomi.emura	SMTC_D_JUDG2_PM	2018/11/20 17:17:36.337	Frm_Dig0300_Shinsa	10210	一致	50007847	SMTC_TYPE04	3	初回
kotomi.emura	SMTC_D_JUDG2_PM	2018/11/20 17:18:04.963	Frm_Dig0300_Shinsa	10220	一致	50007847	SMTC_TYPE04	3	初回
kotomi.emura	SMTC_D_JUDG2_PM	2018/11/20 17:18:12.295	Frm_Dig0300_Shinsa	10250	年月日	50007847	SMTC_TYPE04	3	初回
kotomi.emura	SMTC_D_JUDG2_PM	2018/11/20 17:18:17.490	Frm_Dig0300_Shinsa	10260	年月日	50007847	SMTC_TYPE04	3	初回
kotomi.emura	SMTC_D_JUDG2_PM	2018/11/20 17:18:41.281	Frm_Dig0300_Shinsa	10270	00000	50007847	SMTC_TYPE04	3	初回
kotomi.emura	SMTC_D_JUDG2_PM	2018/11/20 17:18:43.683	Frm_Dig0300_Shinsa	10290	あり	50007847	SMTC_TYPE04	3	初回
kotomi.emura	SMTC_D_JUDG2_PM	2018/11/20 17:18:50.142	Frm_Dig0300_Shinsa	10300	年月日	50007847	SMTC_TYPE04	3	初回
kotomi.emura	SMTC_D_JUDG2_PM	2018/11/20 17:18:52.513	Frm_Dig0300_Shinsa	10310	裏面なし	50007847	SMTC_TYPE04	3	初回
kotomi.emura	SMTC_D_JUDG2_PM	2018/11/20 17:18:53.386	Frm_Dig0300_Shinsa	10320	記載なし	50007847	SMTC_TYPE04	3	初回
kotomi.emura	SMTC_D_JUDG2_PM	2018/11/20 17:18:55.555	Frm_Dig0300_Shinsa	10370	なし	50007847	SMTC_TYPE04	3	初回
kotomi.emura	SMTC_D_JUDG2_PM	2018/11/20 17:19:05.991	Frm_Dig0300_Shinsa	10470	それ以外	50007847	SMTC_TYPE04	3	初回
kotomi.emura	SMTC_D_JUDG2_PM	2018/11/20 17:19:07.068	Frm_Dig0300_Shinsa	10710	なし	50007847	SMTC_TYPE04	3	初回
kotomi.emura	SMTC_D_JUDG2_PM	2018/11/20 17:19:13.152	Frm_Dig0300_Shinsa	10450	なし	50007847	SMTC_TYPE04	3	初回
kotomi.emura	SMTC_D_JUDG2_PM	2018/11/20 17:19:14.275	Frm_Dig0300_Shinsa	10610	あり	50007847	SMTC_TYPE04	3	初回
kotomi.emura	SMTC_D_JUDG2_PM	2018/11/20 17:19:15.476	Frm_Dig0300_Shinsa	10730	記載なし	50007847	SMTC_TYPE04	3	初回
kotomi.emura	SMTC_D_JUDG2_PM	2018/11/20 17:19:18.206	Frm_Dig0300_Shinsa	10740		50007847	SMTC_TYPE04	3	初回
kotomi.emura	SMTC_D_JUDG2_PM	2018/11/20 17:19:19.345	Frm_Dig0300_Shinsa	10730	記載あり	50007847	SMTC_TYPE04	3	初回
kotomi.emura	SMTC_D_JUDG2_PM	2018/11/20 17:19:20.234	Frm_Dig0300_Shinsa	10740	添付なし	50007847	SMTC_TYPE04	3	初回
kotomi.emura	SMTC_D_JUDG2_PM	2018/11/20 17:19:21.701	Frm_Dig0300_Shinsa	10770	なし	50007847	SMTC_TYPE04	3	初回
kotomi.emura	SMTC_D_JUDG2_PM	2018/11/20 17:20:12.167	Frm_Dig0300_Shinsa	10460		50007847	SMTC_TYPE04	3	初回
kotomi.emura	SMTC_D_JUDG2_PM	2018/11/20 17:20:16.268	Frm_Dig0300_Shinsa	END	二次審査終了	50007847	SMTC_TYPE04	3	初回
kotomi.emura	SMTC_D_JUDG2_PM	2018/11/20 17:20:18.031	Frm_Dig0300_Shinsa	START	二次審査開始	50007848	SMTC_TYPE04	3	初回
kotomi.emura	SMTC_D_JUDG2_PM	2018/11/20 17:20:26.518	Frm_Dig0300_Shinsa	10010	通常申込書	50007848	SMTC_TYPE04	3	初回
kotomi.emura	SMTC_D_JUDG2_PM	2018/11/20 17:20:28.280	Frm_Dig0300_Shinsa	10020	あり	50007848	SMTC_TYPE04	3	初回
kotomi.emura	SMTC_D_JUDG2_PM	2018/11/20 17:20:33.101	Frm_Dig0300_Shinsa	10630	なし	50007848	SMTC_TYPE04	3	初回
kotomi.emura	SMTC_D_JUDG2_PM	2018/11/20 17:20:34.224	Frm_Dig0300_Shinsa	10030	訂正がない	50007848	SMTC_TYPE04	3	初回
kotomi.emura	SMTC_D_JUDG2_PM	2018/11/20 17:20:41.775	Frm_Dig0300_Shinsa	10040	法人口座	50007848	SMTC_TYPE04	3	初回
kotomi.emura	SMTC_D_JUDG2_PM	2018/11/20 17:20:51.197	Frm_Dig0300_Shinsa	10050	法人口座	50007848	SMTC_TYPE04	3	初回
kotomi.emura	SMTC_D_JUDG2_PM	2018/11/20 17:20:56.517	Frm_Dig0300_Shinsa	10750	肩書き、代表者名の両方に記載あり	50007848	SMTC_TYPE04	3	初回
kotomi.emura	SMTC_D_JUDG2_PM	2018/11/20 17:20:57.858	Frm_Dig0300_Shinsa	10070	鮮明、または、捺印なし　	50007848	SMTC_TYPE04	3	初回
kotomi.emura	SMTC_D_JUDG2_PM	2018/11/20 17:20:58.997	Frm_Dig0300_Shinsa	10640	なし	50007848	SMTC_TYPE04	3	初回
kotomi.emura	SMTC_D_JUDG2_PM	2018/11/20 17:21:01.712	Frm_Dig0300_Shinsa	10080	あり	50007848	SMTC_TYPE04	3	初回
kotomi.emura	SMTC_D_JUDG2_PM	2018/11/20 17:21:02.882	Frm_Dig0300_Shinsa	10700	なし	50007848	SMTC_TYPE04	3	初回
kotomi.emura	SMTC_D_JUDG2_PM	2018/11/20 17:21:03.958	Frm_Dig0300_Shinsa	10090	訂正がない	50007848	SMTC_TYPE04	3	初回
kotomi.emura	SMTC_D_JUDG2_PM	2018/11/20 17:21:05.050	Frm_Dig0300_Shinsa	10110	鮮明、または、捺印なし　	50007848	SMTC_TYPE04	3	初回
kotomi.emura	SMTC_D_JUDG2_PM	2018/11/20 17:21:05.955	Frm_Dig0300_Shinsa	10620	なし	50007848	SMTC_TYPE04	3	初回
kotomi.emura	SMTC_D_JUDG2_PM	2018/11/20 17:21:09.917	Frm_Dig0300_Shinsa	10120	書類	50007848	SMTC_TYPE04	3	初回
kotomi.emura	SMTC_D_JUDG2_PM	2018/11/20 17:21:15.284	Frm_Dig0300_Shinsa	10121	年月日	50007848	SMTC_TYPE04	3	初回
kotomi.emura	SMTC_D_JUDG2_PM	2018/11/20 17:21:17.842	Frm_Dig0300_Shinsa	10130	書類添付なし	50007848	SMTC_TYPE04	3	初回
kotomi.emura	SMTC_D_JUDG2_PM	2018/11/20 17:21:21.789	Frm_Dig0300_Shinsa	10170		50007848	SMTC_TYPE04	3	初回
kotomi.emura	SMTC_D_JUDG2_PM	2018/11/20 17:21:25.705	Frm_Dig0300_Shinsa	10130	書類添付なし	50007848	SMTC_TYPE04	3	初回
kotomi.emura	SMTC_D_JUDG2_PM	2018/11/20 17:21:27.546	Frm_Dig0300_Shinsa	10170	JP：日本国	50007848	SMTC_TYPE04	3	初回
kotomi.emura	SMTC_D_JUDG2_PM	2018/11/20 17:21:29.558	Frm_Dig0300_Shinsa	10190	書類	50007848	SMTC_TYPE04	3	初回
kotomi.emura	SMTC_D_JUDG2_PM	2018/11/20 17:21:33.848	Frm_Dig0300_Shinsa	10200	一致	50007848	SMTC_TYPE04	3	初回
kotomi.emura	SMTC_D_JUDG2_PM	2018/11/20 17:21:42.350	Frm_Dig0300_Shinsa	10210	一致	50007848	SMTC_TYPE04	3	初回
kotomi.emura	SMTC_D_JUDG2_PM	2018/11/20 17:22:13.332	Frm_Dig0300_Shinsa	10220	一致	50007848	SMTC_TYPE04	3	初回
kotomi.emura	SMTC_D_JUDG2_PM	2018/11/20 17:22:20.321	Frm_Dig0300_Shinsa	10250	年月日	50007848	SMTC_TYPE04	3	初回
kotomi.emura	SMTC_D_JUDG2_PM	2018/11/20 17:22:25.235	Frm_Dig0300_Shinsa	10260	年月日	50007848	SMTC_TYPE04	3	初回
kotomi.emura	SMTC_D_JUDG2_PM	2018/11/20 17:22:45.968	Frm_Dig0300_Shinsa	10270	00000	50007848	SMTC_TYPE04	3	初回
kotomi.emura	SMTC_D_JUDG2_PM	2018/11/20 17:22:47.060	Frm_Dig0300_Shinsa	10290	あり	50007848	SMTC_TYPE04	3	初回
kotomi.emura	SMTC_D_JUDG2_PM	2018/11/20 17:22:58.011	Frm_Dig0300_Shinsa	10300	年月日	50007848	SMTC_TYPE04	3	初回
kotomi.emura	SMTC_D_JUDG2_PM	2018/11/20 17:22:59.556	Frm_Dig0300_Shinsa	10310	裏面なし	50007848	SMTC_TYPE04	3	初回
kotomi.emura	SMTC_D_JUDG2_PM	2018/11/20 17:23:00.304	Frm_Dig0300_Shinsa	10320	記載なし	50007848	SMTC_TYPE04	3	初回
kotomi.emura	SMTC_D_JUDG2_PM	2018/11/20 17:23:02.332	Frm_Dig0300_Shinsa	10370	なし	50007848	SMTC_TYPE04	3	初回
kotomi.emura	SMTC_D_JUDG2_PM	2018/11/20 17:23:10.366	Frm_Dig0300_Shinsa	10470	それ以外	50007848	SMTC_TYPE04	3	初回
kotomi.emura	SMTC_D_JUDG2_PM	2018/11/20 17:23:11.349	Frm_Dig0300_Shinsa	10710	なし	50007848	SMTC_TYPE04	3	初回
kotomi.emura	SMTC_D_JUDG2_PM	2018/11/20 17:23:14.937	Frm_Dig0300_Shinsa	10450	なし	50007848	SMTC_TYPE04	3	初回
kotomi.emura	SMTC_D_JUDG2_PM	2018/11/20 17:23:17.075	Frm_Dig0300_Shinsa	10610	あり	50007848	SMTC_TYPE04	3	初回
kotomi.emura	SMTC_D_JUDG2_PM	2018/11/20 17:23:31.052	Frm_Dig0300_Shinsa	10730	記載なし	50007848	SMTC_TYPE04	3	初回
kotomi.emura	SMTC_D_JUDG2_PM	2018/11/20 17:23:35.561	Frm_Dig0300_Shinsa	10740		50007848	SMTC_TYPE04	3	初回
kotomi.emura	SMTC_D_JUDG2_PM	2018/11/20 17:23:36.746	Frm_Dig0300_Shinsa	10730	記載あり	50007848	SMTC_TYPE04	3	初回
kotomi.emura	SMTC_D_JUDG2_PM	2018/11/20 17:23:37.854	Frm_Dig0300_Shinsa	10740	添付なし	50007848	SMTC_TYPE04	3	初回
kotomi.emura	SMTC_D_JUDG2_PM	2018/11/20 17:23:39.274	Frm_Dig0300_Shinsa	10770	なし	50007848	SMTC_TYPE04	3	初回
kotomi.emura	SMTC_D_JUDG2_PM	2018/11/20 17:24:07.931	Frm_Dig0300_Shinsa	10460		50007848	SMTC_TYPE04	3	初回
kotomi.emura	SMTC_D_JUDG2_PM	2018/11/20 17:24:12.065	Frm_Dig0300_Shinsa	END	二次審査終了	50007848	SMTC_TYPE04	3	初回
kotomi.emura	SMTC_D_JUDG2_PM	2018/11/20 17:25:13.502	Frm_Dig0300_Shinsa	START	二次審査開始	50007868	SMTC_TYPE04	2	初回
kotomi.emura	SMTC_D_JUDG2_PM	2018/11/20 17:25:19.368	Frm_Dig0300_Shinsa	10010	通常申込書	50007868	SMTC_TYPE04	2	初回
kotomi.emura	SMTC_D_JUDG2_PM	2018/11/20 17:25:20.819	Frm_Dig0300_Shinsa	10020	なし	50007868	SMTC_TYPE04	2	初回
kotomi.emura	SMTC_D_JUDG2_PM	2018/11/20 17:25:24.672	Frm_Dig0300_Shinsa	10640	なし	50007868	SMTC_TYPE04	2	初回
kotomi.emura	SMTC_D_JUDG2_PM	2018/11/20 17:25:25.826	Frm_Dig0300_Shinsa	10080	あり	50007868	SMTC_TYPE04	2	初回
kotomi.emura	SMTC_D_JUDG2_PM	2018/11/20 17:25:29.836	Frm_Dig0300_Shinsa	10700	なし	50007868	SMTC_TYPE04	2	初回
kotomi.emura	SMTC_D_JUDG2_PM	2018/11/20 17:25:31.084	Frm_Dig0300_Shinsa	10090	訂正がない	50007868	SMTC_TYPE04	2	初回
kotomi.emura	SMTC_D_JUDG2_PM	2018/11/20 17:25:33.002	Frm_Dig0300_Shinsa	10110	鮮明、または、捺印なし　	50007868	SMTC_TYPE04	2	初回
kotomi.emura	SMTC_D_JUDG2_PM	2018/11/20 17:25:34.484	Frm_Dig0300_Shinsa	10620	なし	50007868	SMTC_TYPE04	2	初回
kotomi.emura	SMTC_D_JUDG2_PM	2018/11/20 17:25:37.246	Frm_Dig0300_Shinsa	10120	書類	50007868	SMTC_TYPE04	2	初回
kotomi.emura	SMTC_D_JUDG2_PM	2018/11/20 17:25:46.387	Frm_Dig0300_Shinsa	10121	年月日	50007868	SMTC_TYPE04	2	初回
kotomi.emura	SMTC_D_JUDG2_PM	2018/11/20 17:25:48.556	Frm_Dig0300_Shinsa	10130	書類添付なし	50007868	SMTC_TYPE04	2	初回
kotomi.emura	SMTC_D_JUDG2_PM	2018/11/20 17:25:50.599	Frm_Dig0300_Shinsa	10170	JP：日本国	50007868	SMTC_TYPE04	2	初回
kotomi.emura	SMTC_D_JUDG2_PM	2018/11/20 17:25:52.815	Frm_Dig0300_Shinsa	10190	書類	50007868	SMTC_TYPE04	2	初回
kotomi.emura	SMTC_D_JUDG2_PM	2018/11/20 17:25:56.699	Frm_Dig0300_Shinsa	10200	一致	50007868	SMTC_TYPE04	2	初回
kotomi.emura	SMTC_D_JUDG2_PM	2018/11/20 17:26:02.924	Frm_Dig0300_Shinsa	10210	一致	50007868	SMTC_TYPE04	2	初回
kotomi.emura	SMTC_D_JUDG2_PM	2018/11/20 17:26:44.514	Frm_Dig0300_Shinsa	10220	一致	50007868	SMTC_TYPE04	2	初回
kotomi.emura	SMTC_D_JUDG2_PM	2018/11/20 17:26:50.847	Frm_Dig0300_Shinsa	10250	年月日	50007868	SMTC_TYPE04	2	初回
kotomi.emura	SMTC_D_JUDG2_PM	2018/11/20 17:26:55.995	Frm_Dig0300_Shinsa	10260	年月日	50007868	SMTC_TYPE04	2	初回
kotomi.emura	SMTC_D_JUDG2_PM	2018/11/20 17:27:14.092	Frm_Dig0300_Shinsa	10270	00000	50007868	SMTC_TYPE04	2	初回
kotomi.emura	SMTC_D_JUDG2_PM	2018/11/20 17:27:15.199	Frm_Dig0300_Shinsa	10290	あり	50007868	SMTC_TYPE04	2	初回
kotomi.emura	SMTC_D_JUDG2_PM	2018/11/20 17:27:21.018	Frm_Dig0300_Shinsa	10300	年月日	50007868	SMTC_TYPE04	2	初回
kotomi.emura	SMTC_D_JUDG2_PM	2018/11/20 17:27:22.578	Frm_Dig0300_Shinsa	10310	裏面なし	50007868	SMTC_TYPE04	2	初回
kotomi.emura	SMTC_D_JUDG2_PM	2018/11/20 17:27:23.405	Frm_Dig0300_Shinsa	10320	記載なし	50007868	SMTC_TYPE04	2	初回
kotomi.emura	SMTC_D_JUDG2_PM	2018/11/20 17:27:25.027	Frm_Dig0300_Shinsa	10370	なし	50007868	SMTC_TYPE04	2	初回
kotomi.emura	SMTC_D_JUDG2_PM	2018/11/20 17:27:29.926	Frm_Dig0300_Shinsa	10470	それ以外	50007868	SMTC_TYPE04	2	初回
kotomi.emura	SMTC_D_JUDG2_PM	2018/11/20 17:27:30.971	Frm_Dig0300_Shinsa	10710	なし	50007868	SMTC_TYPE04	2	初回
kotomi.emura	SMTC_D_JUDG2_PM	2018/11/20 17:27:33.249	Frm_Dig0300_Shinsa	10450	なし	50007868	SMTC_TYPE04	2	初回
kotomi.emura	SMTC_D_JUDG2_PM	2018/11/20 17:27:34.809	Frm_Dig0300_Shinsa	10610	なし	50007868	SMTC_TYPE04	2	初回
kotomi.emura	SMTC_D_JUDG2_PM	2018/11/20 17:27:53.279	Frm_Dig0300_Shinsa	END	二次審査終了	50007868	SMTC_TYPE04	2	初回
kotomi.emura	SMTC_D_JUDG2_PM	2018/11/20 17:27:56.587	Frm_Dig0300_Shinsa	START	二次審査開始	50007868	SMTC_TYPE04	2	初回
kotomi.emura	SMTC_D_JUDG2_PM	2018/11/20 17:27:58.615	Frm_Dig0300_Shinsa	10010	通常申込書	50007868	SMTC_TYPE04	2	初回
kotomi.emura	SMTC_D_JUDG2_PM	2018/11/20 17:28:03.045	Frm_Dig0300_Shinsa	10020	なし	50007868	SMTC_TYPE04	2	初回
kotomi.emura	SMTC_D_JUDG2_PM	2018/11/20 17:28:03.763	Frm_Dig0300_Shinsa	10640	なし	50007868	SMTC_TYPE04	2	初回
kotomi.emura	SMTC_D_JUDG2_PM	2018/11/20 17:28:04.699	Frm_Dig0300_Shinsa	10080	あり	50007868	SMTC_TYPE04	2	初回
kotomi.emura	SMTC_D_JUDG2_PM	2018/11/20 17:28:09.940	Frm_Dig0300_Shinsa	10700	なし	50007868	SMTC_TYPE04	2	初回
kotomi.emura	SMTC_D_JUDG2_PM	2018/11/20 17:28:12.234	Frm_Dig0300_Shinsa	10090	訂正があり、訂正印があり	50007868	SMTC_TYPE04	2	初回
kotomi.emura	SMTC_D_JUDG2_PM	2018/11/20 17:28:13.778	Frm_Dig0300_Shinsa	10110	鮮明、または、捺印なし　	50007868	SMTC_TYPE04	2	初回
kotomi.emura	SMTC_D_JUDG2_PM	2018/11/20 17:28:14.636	Frm_Dig0300_Shinsa	10620	なし	50007868	SMTC_TYPE04	2	初回
kotomi.emura	SMTC_D_JUDG2_PM	2018/11/20 17:28:17.881	Frm_Dig0300_Shinsa	10120	書類	50007868	SMTC_TYPE04	2	初回
kotomi.emura	SMTC_D_JUDG2_PM	2018/11/20 17:28:23.076	Frm_Dig0300_Shinsa	10121	年月日	50007868	SMTC_TYPE04	2	初回
kotomi.emura	SMTC_D_JUDG2_PM	2018/11/20 17:28:25.119	Frm_Dig0300_Shinsa	10130	書類添付なし	50007868	SMTC_TYPE04	2	初回
kotomi.emura	SMTC_D_JUDG2_PM	2018/11/20 17:28:27.225	Frm_Dig0300_Shinsa	10170	JP：日本国	50007868	SMTC_TYPE04	2	初回
kotomi.emura	SMTC_D_JUDG2_PM	2018/11/20 17:28:29.425	Frm_Dig0300_Shinsa	10190	書類	50007868	SMTC_TYPE04	2	初回
kotomi.emura	SMTC_D_JUDG2_PM	2018/11/20 17:28:33.606	Frm_Dig0300_Shinsa	10200	一致	50007868	SMTC_TYPE04	2	初回
kotomi.emura	SMTC_D_JUDG2_PM	2018/11/20 17:28:39.971	Frm_Dig0300_Shinsa	10210	一致	50007868	SMTC_TYPE04	2	初回
kotomi.emura	SMTC_D_JUDG2_PM	2018/11/20 17:28:45.493	Frm_Dig0300_Shinsa	10220	一致	50007868	SMTC_TYPE04	2	初回
kotomi.emura	SMTC_D_JUDG2_PM	2018/11/20 17:28:50.657	Frm_Dig0300_Shinsa	10250	年月日	50007868	SMTC_TYPE04	2	初回
kotomi.emura	SMTC_D_JUDG2_PM	2018/11/20 17:28:55.867	Frm_Dig0300_Shinsa	10260	年月日	50007868	SMTC_TYPE04	2	初回
kotomi.emura	SMTC_D_JUDG2_PM	2018/11/20 17:29:10.438	Frm_Dig0300_Shinsa	10270	00000	50007868	SMTC_TYPE04	2	初回
kotomi.emura	SMTC_D_JUDG2_PM	2018/11/20 17:29:11.686	Frm_Dig0300_Shinsa	10290	あり	50007868	SMTC_TYPE04	2	初回
kotomi.emura	SMTC_D_JUDG2_PM	2018/11/20 17:29:16.475	Frm_Dig0300_Shinsa	10300	年月日	50007868	SMTC_TYPE04	2	初回
kotomi.emura	SMTC_D_JUDG2_PM	2018/11/20 17:29:19.548	Frm_Dig0300_Shinsa	10310	裏面なし	50007868	SMTC_TYPE04	2	初回
kotomi.emura	SMTC_D_JUDG2_PM	2018/11/20 17:29:20.313	Frm_Dig0300_Shinsa	10320	記載なし	50007868	SMTC_TYPE04	2	初回
kotomi.emura	SMTC_D_JUDG2_PM	2018/11/20 17:29:21.623	Frm_Dig0300_Shinsa	10370	なし	50007868	SMTC_TYPE04	2	初回
kotomi.emura	SMTC_D_JUDG2_PM	2018/11/20 17:29:27.879	Frm_Dig0300_Shinsa	10470	それ以外	50007868	SMTC_TYPE04	2	初回
kotomi.emura	SMTC_D_JUDG2_PM	2018/11/20 17:29:29.096	Frm_Dig0300_Shinsa	10710	なし	50007868	SMTC_TYPE04	2	初回
kotomi.emura	SMTC_D_JUDG2_PM	2018/11/20 17:29:31.155	Frm_Dig0300_Shinsa	10450	なし	50007868	SMTC_TYPE04	2	初回
kotomi.emura	SMTC_D_JUDG2_PM	2018/11/20 17:29:36.490	Frm_Dig0300_Shinsa	10610	なし	50007868	SMTC_TYPE04	2	初回
kotomi.emura	SMTC_D_JUDG2_PM	2018/11/20 17:29:39.922	Frm_Dig0300_Shinsa	10730	記載あり	50007868	SMTC_TYPE04	2	初回
kotomi.emura	SMTC_D_JUDG2_PM	2018/11/20 17:29:40.936	Frm_Dig0300_Shinsa	10740	添付なし	50007868	SMTC_TYPE04	2	初回
kotomi.emura	SMTC_D_JUDG2_PM	2018/11/20 17:29:42.122	Frm_Dig0300_Shinsa	10770	なし	50007868	SMTC_TYPE04	2	初回
kotomi.emura	SMTC_D_JUDG2_PM	2018/11/20 17:30:57.204	Frm_Dig0300_Shinsa	10460		50007868	SMTC_TYPE04	2	初回
kotomi.emura	SMTC_D_JUDG2_PM	2018/11/20 17:31:05.643	Frm_Dig0300_Shinsa	END	二次審査終了	50007868	SMTC_TYPE04	2	初回
kotomi.emura	SMTC_D_JUDG2_PM	2018/11/20 17:31:08.232	Frm_Dig0300_Shinsa	START	二次審査開始	50007869	SMTC_TYPE04	3	初回
kotomi.emura	SMTC_D_JUDG2_PM	2018/11/20 17:31:15.455	Frm_Dig0300_Shinsa	10010	通常申込書	50007869	SMTC_TYPE04	3	初回
kotomi.emura	SMTC_D_JUDG2_PM	2018/11/20 17:31:16.750	Frm_Dig0300_Shinsa	10020	なし	50007869	SMTC_TYPE04	3	初回
kotomi.emura	SMTC_D_JUDG2_PM	2018/11/20 17:31:21.336	Frm_Dig0300_Shinsa	10640	なし	50007869	SMTC_TYPE04	3	初回
kotomi.emura	SMTC_D_JUDG2_PM	2018/11/20 17:31:22.600	Frm_Dig0300_Shinsa	10080	あり	50007869	SMTC_TYPE04	3	初回
kotomi.emura	SMTC_D_JUDG2_PM	2018/11/20 17:31:24.019	Frm_Dig0300_Shinsa	10700	なし	50007869	SMTC_TYPE04	3	初回
kotomi.emura	SMTC_D_JUDG2_PM	2018/11/20 17:31:29.058	Frm_Dig0300_Shinsa	10090	訂正があり、訂正印があり	50007869	SMTC_TYPE04	3	初回
kotomi.emura	SMTC_D_JUDG2_PM	2018/11/20 17:31:30.509	Frm_Dig0300_Shinsa	10110	鮮明、または、捺印なし　	50007869	SMTC_TYPE04	3	初回
kotomi.emura	SMTC_D_JUDG2_PM	2018/11/20 17:31:31.569	Frm_Dig0300_Shinsa	10620	なし	50007869	SMTC_TYPE04	3	初回
kotomi.emura	SMTC_D_JUDG2_PM	2018/11/20 17:31:40.071	Frm_Dig0300_Shinsa	10120	個人番号カード（表面）写し	50007869	SMTC_TYPE04	3	初回
kotomi.emura	SMTC_D_JUDG2_PM	2018/11/20 17:31:42.083	Frm_Dig0300_Shinsa	10121	年月日	50007869	SMTC_TYPE04	3	初回
kotomi.emura	SMTC_D_JUDG2_PM	2018/11/20 17:31:46.077	Frm_Dig0300_Shinsa	10130	書類添付なし	50007869	SMTC_TYPE04	3	初回
kotomi.emura	SMTC_D_JUDG2_PM	2018/11/20 17:31:48.136	Frm_Dig0300_Shinsa	10170	JP：日本国	50007869	SMTC_TYPE04	3	初回
kotomi.emura	SMTC_D_JUDG2_PM	2018/11/20 17:31:51.942	Frm_Dig0300_Shinsa	10190	個人番号カード（表面）写し	50007869	SMTC_TYPE04	3	初回
kotomi.emura	SMTC_D_JUDG2_PM	2018/11/20 17:31:58.104	Frm_Dig0300_Shinsa	10200	一致	50007869	SMTC_TYPE04	3	初回
kotomi.emura	SMTC_D_JUDG2_PM	2018/11/20 17:32:07.230	Frm_Dig0300_Shinsa	10210	一致	50007869	SMTC_TYPE04	3	初回
kotomi.emura	SMTC_D_JUDG2_PM	2018/11/20 17:32:31.908	Frm_Dig0300_Shinsa	10220	一致	50007869	SMTC_TYPE04	3	初回
kotomi.emura	SMTC_D_JUDG2_PM	2018/11/20 17:32:42.672	Frm_Dig0300_Shinsa	10250	20251212	50007869	SMTC_TYPE04	3	初回
kotomi.emura	SMTC_D_JUDG2_PM	2018/11/20 17:32:47.976	Frm_Dig0300_Shinsa	10260	19000101	50007869	SMTC_TYPE04	3	初回
kotomi.emura	SMTC_D_JUDG2_PM	2018/11/20 17:32:49.536	Frm_Dig0300_Shinsa	10370	なし	50007869	SMTC_TYPE04	3	初回
kotomi.emura	SMTC_D_JUDG2_PM	2018/11/20 17:32:57.460	Frm_Dig0300_Shinsa	10470	それ以外	50007869	SMTC_TYPE04	3	初回
kotomi.emura	SMTC_D_JUDG2_PM	2018/11/20 17:32:58.474	Frm_Dig0300_Shinsa	10710	なし	50007869	SMTC_TYPE04	3	初回
kotomi.emura	SMTC_D_JUDG2_PM	2018/11/20 17:33:02.218	Frm_Dig0300_Shinsa	10450	なし	50007869	SMTC_TYPE04	3	初回
kotomi.emura	SMTC_D_JUDG2_PM	2018/11/20 17:33:03.279	Frm_Dig0300_Shinsa	10610	あり	50007869	SMTC_TYPE04	3	初回
kotomi.emura	SMTC_D_JUDG2_PM	2018/11/20 17:33:07.116	Frm_Dig0300_Shinsa	10730	記載あり	50007869	SMTC_TYPE04	3	初回
kotomi.emura	SMTC_D_JUDG2_PM	2018/11/20 17:33:07.927	Frm_Dig0300_Shinsa	10740	添付なし	50007869	SMTC_TYPE04	3	初回
kotomi.emura	SMTC_D_JUDG2_PM	2018/11/20 17:33:09.628	Frm_Dig0300_Shinsa	10770	なし	50007869	SMTC_TYPE04	3	初回
kotomi.emura	SMTC_D_JUDG2_PM	2018/11/20 17:34:15.645	Frm_Dig0300_Shinsa	10460		50007869	SMTC_TYPE04	3	初回
kotomi.emura	SMTC_D_JUDG2_PM	2018/11/20 17:34:23.053	Frm_Dig0300_Shinsa	END	二次審査終了	50007869	SMTC_TYPE04	3	初回
kotomi.emura	SMTC_D_JUDG2_PM	2018/11/20 17:34:39.557	Frm_Dig0300_Shinsa	START	二次審査開始	50007836	SMTC_TYPE04	4	初回
kotomi.emura	SMTC_D_JUDG2_PM	2018/11/20 17:34:39.650	Frm_Dig0300_Shinsa	XXXX		50007836	SMTC_TYPE04	4	初回
kotomi.emura	SMTC_D_JUDG2_PM	2018/11/20 17:35:19.008	Frm_Dig0300_Shinsa	10050		50007836	SMTC_TYPE04	4	初回
kotomi.emura	SMTC_D_JUDG2_PM	2018/11/20 17:35:20.662	Frm_Dig0300_Shinsa	10040	個人口座	50007836	SMTC_TYPE04	4	初回
kotomi.emura	SMTC_D_JUDG2_PM	2018/11/20 17:35:40.926	Frm_Dig0300_Shinsa	10070	鮮明、または、捺印なし　	50007836	SMTC_TYPE04	4	初回
kotomi.emura	SMTC_D_JUDG2_PM	2018/11/20 17:35:42.268	Frm_Dig0300_Shinsa	10640	なし	50007836	SMTC_TYPE04	4	初回
kotomi.emura	SMTC_D_JUDG2_PM	2018/11/20 17:35:48.476	Frm_Dig0300_Shinsa	10080	あり	50007836	SMTC_TYPE04	4	初回
kotomi.emura	SMTC_D_JUDG2_PM	2018/11/20 17:35:50.536	Frm_Dig0300_Shinsa	10700	なし	50007836	SMTC_TYPE04	4	初回
kotomi.emura	SMTC_D_JUDG2_PM	2018/11/20 17:35:52.579	Frm_Dig0300_Shinsa	10090	訂正がない	50007836	SMTC_TYPE04	4	初回
kotomi.emura	SMTC_D_JUDG2_PM	2018/11/20 17:35:53.780	Frm_Dig0300_Shinsa	10110	鮮明、または、捺印なし　	50007836	SMTC_TYPE04	4	初回
kotomi.emura	SMTC_D_JUDG2_PM	2018/11/20 17:35:54.810	Frm_Dig0300_Shinsa	10620	なし	50007836	SMTC_TYPE04	4	初回
kotomi.emura	SMTC_D_JUDG2_PM	2018/11/20 17:36:03.234	Frm_Dig0300_Shinsa	10120	書類	50007836	SMTC_TYPE04	4	初回
kotomi.emura	SMTC_D_JUDG2_PM	2018/11/20 17:36:08.866	Frm_Dig0300_Shinsa	10121	年月日	50007836	SMTC_TYPE04	4	初回
kotomi.emura	SMTC_D_JUDG2_PM	2018/11/20 17:36:15.714	Frm_Dig0300_Shinsa	10130	書類添付なし	50007836	SMTC_TYPE04	4	初回
kotomi.emura	SMTC_D_JUDG2_PM	2018/11/20 17:36:17.976	Frm_Dig0300_Shinsa	10170	JP：日本国	50007836	SMTC_TYPE04	4	初回
kotomi.emura	SMTC_D_JUDG2_PM	2018/11/20 17:36:21.533	Frm_Dig0300_Shinsa	10190	書類	50007836	SMTC_TYPE04	4	初回
kotomi.emura	SMTC_D_JUDG2_PM	2018/11/20 17:36:25.214	Frm_Dig0300_Shinsa	10200	一致	50007836	SMTC_TYPE04	4	初回
kotomi.emura	SMTC_D_JUDG2_PM	2018/11/20 17:36:31.345	Frm_Dig0300_Shinsa	10210	一致	50007836	SMTC_TYPE04	4	初回
kotomi.emura	SMTC_D_JUDG2_PM	2018/11/20 17:36:49.301	Frm_Dig0300_Shinsa	10220	一致	50007836	SMTC_TYPE04	4	初回
kotomi.emura	SMTC_D_JUDG2_PM	2018/11/20 17:36:56.602	Frm_Dig0300_Shinsa	10250	年月日	50007836	SMTC_TYPE04	4	初回
kotomi.emura	SMTC_D_JUDG2_PM	2018/11/20 17:37:01.750	Frm_Dig0300_Shinsa	10260	年月日	50007836	SMTC_TYPE04	4	初回
kotomi.emura	SMTC_D_JUDG2_PM	2018/11/20 17:37:18.208	Frm_Dig0300_Shinsa	10270	00000	50007836	SMTC_TYPE04	4	初回
kotomi.emura	SMTC_D_JUDG2_PM	2018/11/20 17:37:19.222	Frm_Dig0300_Shinsa	10290	あり	50007836	SMTC_TYPE04	4	初回
kotomi.emura	SMTC_D_JUDG2_PM	2018/11/20 17:37:25.820	Frm_Dig0300_Shinsa	10300	年月日	50007836	SMTC_TYPE04	4	初回
kotomi.emura	SMTC_D_JUDG2_PM	2018/11/20 17:37:30.282	Frm_Dig0300_Shinsa	10310	あり	50007836	SMTC_TYPE04	4	初回
kotomi.emura	SMTC_D_JUDG2_PM	2018/11/20 17:37:31.608	Frm_Dig0300_Shinsa	10320	すべて記載あり	50007836	SMTC_TYPE04	4	初回
kotomi.emura	SMTC_D_JUDG2_PM	2018/11/20 17:37:33.683	Frm_Dig0300_Shinsa	10370	なし	50007836	SMTC_TYPE04	4	初回
kotomi.emura	SMTC_D_JUDG2_PM	2018/11/20 17:37:40.484	Frm_Dig0300_Shinsa	10470	取締役・役員・理事	50007836	SMTC_TYPE04	4	初回
kotomi.emura	SMTC_D_JUDG2_PM	2018/11/20 17:37:41.389	Frm_Dig0300_Shinsa	10480	添付なし	50007836	SMTC_TYPE04	4	初回
kotomi.emura	SMTC_D_JUDG2_PM	2018/11/20 17:37:42.403	Frm_Dig0300_Shinsa	10710	なし	50007836	SMTC_TYPE04	4	初回
kotomi.emura	SMTC_D_JUDG2_PM	2018/11/20 17:37:52.918	Frm_Dig0300_Shinsa	10450	なし	50007836	SMTC_TYPE04	4	初回
kotomi.emura	SMTC_D_JUDG2_PM	2018/11/20 17:38:04.384	Frm_Dig0300_Shinsa	10610	なし	50007836	SMTC_TYPE04	4	初回
kotomi.emura	SMTC_D_JUDG2_PM	2018/11/20 17:38:10.967	Frm_Dig0300_Shinsa	10730	記載あり	50007836	SMTC_TYPE04	4	初回
kotomi.emura	SMTC_D_JUDG2_PM	2018/11/20 17:38:12.293	Frm_Dig0300_Shinsa	10740	添付なし	50007836	SMTC_TYPE04	4	初回
kotomi.emura	SMTC_D_JUDG2_PM	2018/11/20 17:38:16.068	Frm_Dig0300_Shinsa	10770	なし	50007836	SMTC_TYPE04	4	初回
kotomi.emura	SMTC_D_JUDG2_PM	2018/11/20 17:38:55.957	Frm_Dig0300_Shinsa	10460		50007836	SMTC_TYPE04	4	初回
kotomi.emura	SMTC_D_JUDG2_PM	2018/11/20 17:38:59.730	Frm_Dig0300_Shinsa	END	二次審査終了	50007836	SMTC_TYPE04	4	初回
kotomi.emura	SMTC_D_JUDG2_PM	2018/11/20 17:39:06.454	Frm_Dig0300_Shinsa	START	二次審査開始	50007854	SMTC_TYPE04	5	初回
kotomi.emura	SMTC_D_JUDG2_PM	2018/11/20 17:39:06.516	Frm_Dig0300_Shinsa	XXXX		50007854	SMTC_TYPE04	5	初回
kotomi.emura	SMTC_D_JUDG2_PM	2018/11/20 17:39:48.402	Frm_Dig0300_Shinsa	10131	20180313	50007854	SMTC_TYPE04	5	初回
kotomi.emura	SMTC_D_JUDG2_PM	2018/11/20 17:40:09.930	Frm_Dig0300_Shinsa	10132	16400000	50007854	SMTC_TYPE04	5	初回
kotomi.emura	SMTC_D_JUDG2_PM	2018/11/20 17:40:12.707	Frm_Dig0300_Shinsa	10133	YES	50007854	SMTC_TYPE04	5	初回
kotomi.emura	SMTC_D_JUDG2_PM	2018/11/20 17:40:34.657	Frm_Dig0300_Shinsa	10140	書類添付なし	50007854	SMTC_TYPE04	5	初回
kotomi.emura	SMTC_D_JUDG2_PM	2018/11/20 17:40:36.981	Frm_Dig0300_Shinsa	10170	JP：日本国	50007854	SMTC_TYPE04	5	初回
kotomi.emura	SMTC_D_JUDG2_PM	2018/11/20 17:40:39.539	Frm_Dig0300_Shinsa	10190	書類	50007854	SMTC_TYPE04	5	初回
kotomi.emura	SMTC_D_JUDG2_PM	2018/11/20 17:40:45.951	Frm_Dig0300_Shinsa	10200	一致	50007854	SMTC_TYPE04	5	初回
kotomi.emura	SMTC_D_JUDG2_PM	2018/11/20 17:40:59.336	Frm_Dig0300_Shinsa	10210	一致	50007854	SMTC_TYPE04	5	初回
kotomi.emura	SMTC_D_JUDG2_PM	2018/11/20 17:41:06.044	Frm_Dig0300_Shinsa	10220	一致	50007854	SMTC_TYPE04	5	初回
kotomi.emura	SMTC_D_JUDG2_PM	2018/11/20 17:41:11.988	Frm_Dig0300_Shinsa	10250	年月日	50007854	SMTC_TYPE04	5	初回
kotomi.emura	SMTC_D_JUDG2_PM	2018/11/20 17:41:17.650	Frm_Dig0300_Shinsa	10260	年月日	50007854	SMTC_TYPE04	5	初回
kotomi.emura	SMTC_D_JUDG2_PM	2018/11/20 17:41:33.968	Frm_Dig0300_Shinsa	10270	00000	50007854	SMTC_TYPE04	5	初回
kotomi.emura	SMTC_D_JUDG2_PM	2018/11/20 17:41:35.700	Frm_Dig0300_Shinsa	10290	あり	50007854	SMTC_TYPE04	5	初回
kotomi.emura	SMTC_D_JUDG2_PM	2018/11/20 17:41:46.245	Frm_Dig0300_Shinsa	10300	年月日	50007854	SMTC_TYPE04	5	初回
kotomi.emura	SMTC_D_JUDG2_PM	2018/11/20 17:41:52.392	Frm_Dig0300_Shinsa	10310	裏面なし	50007854	SMTC_TYPE04	5	初回
kotomi.emura	SMTC_D_JUDG2_PM	2018/11/20 17:41:53.343	Frm_Dig0300_Shinsa	10320	記載なし	50007854	SMTC_TYPE04	5	初回
kotomi.emura	SMTC_D_JUDG2_PM	2018/11/20 17:41:55.215	Frm_Dig0300_Shinsa	10370	なし	50007854	SMTC_TYPE04	5	初回
kotomi.emura	SMTC_D_JUDG2_PM	2018/11/20 17:42:04.154	Frm_Dig0300_Shinsa	10470	それ以外	50007854	SMTC_TYPE04	5	初回
kotomi.emura	SMTC_D_JUDG2_PM	2018/11/20 17:42:05.340	Frm_Dig0300_Shinsa	10710	なし	50007854	SMTC_TYPE04	5	初回
kotomi.emura	SMTC_D_JUDG2_PM	2018/11/20 17:42:18.818	Frm_Dig0300_Shinsa	10450	なし	50007854	SMTC_TYPE04	5	初回
kotomi.emura	SMTC_D_JUDG2_PM	2018/11/20 17:42:19.864	Frm_Dig0300_Shinsa	10610	あり	50007854	SMTC_TYPE04	5	初回
kotomi.emura	SMTC_D_JUDG2_PM	2018/11/20 17:42:25.979	Frm_Dig0300_Shinsa	10730	記載あり	50007854	SMTC_TYPE04	5	初回
kotomi.emura	SMTC_D_JUDG2_PM	2018/11/20 17:42:27.710	Frm_Dig0300_Shinsa	10740	添付なし	50007854	SMTC_TYPE04	5	初回
kotomi.emura	SMTC_D_JUDG2_PM	2018/11/20 17:42:30.628	Frm_Dig0300_Shinsa	10770	なし	50007854	SMTC_TYPE04	5	初回
kotomi.emura	SMTC_D_JUDG2_PM	2018/11/20 17:43:22.482	Frm_Dig0300_Shinsa	10460		50007854	SMTC_TYPE04	5	初回
kotomi.emura	SMTC_D_JUDG2_PM	2018/11/20 17:43:25.772	Frm_Dig0300_Shinsa	END	二次審査終了	50007854	SMTC_TYPE04	5	初回
kotomi.emura	SMTC_D_JUDG2_PM	2018/11/20 17:43:32.745	Frm_Dig0300_Shinsa	START	二次審査開始	50007849	SMTC_TYPE04	8	初回
kotomi.emura	SMTC_D_JUDG2_PM	2018/11/20 17:43:32.839	Frm_Dig0300_Shinsa	XXXX		50007849	SMTC_TYPE04	8	初回
kotomi.emura	SMTC_D_JUDG2_PM	2018/11/20 17:44:43.039	Frm_Dig0300_Shinsa	10130	給与源泉徴収票	50007849	SMTC_TYPE04	8	初回
kotomi.emura	SMTC_D_JUDG2_PM	2018/11/20 17:44:56.190	Frm_Dig0300_Shinsa	10131	20180101	50007849	SMTC_TYPE04	8	初回
kotomi.emura	SMTC_D_JUDG2_PM	2018/11/20 17:45:05.238	Frm_Dig0300_Shinsa	10132	6600000	50007849	SMTC_TYPE04	8	初回
kotomi.emura	SMTC_D_JUDG2_PM	2018/11/20 17:45:07.968	Frm_Dig0300_Shinsa	10133	NO	50007849	SMTC_TYPE04	8	初回
kotomi.emura	SMTC_D_JUDG2_PM	2018/11/20 17:45:13.662	Frm_Dig0300_Shinsa	10140	書類添付なし	50007849	SMTC_TYPE04	8	初回
kotomi.emura	SMTC_D_JUDG2_PM	2018/11/20 17:45:15.800	Frm_Dig0300_Shinsa	10170	JP：日本国	50007849	SMTC_TYPE04	8	初回
kotomi.emura	SMTC_D_JUDG2_PM	2018/11/20 17:45:48.435	Frm_Dig0300_Shinsa	10190	書類	50007849	SMTC_TYPE04	8	初回
kotomi.emura	SMTC_D_JUDG2_PM	2018/11/20 17:45:51.633	Frm_Dig0300_Shinsa	10200	一致	50007849	SMTC_TYPE04	8	初回
kotomi.emura	SMTC_D_JUDG2_PM	2018/11/20 17:45:59.823	Frm_Dig0300_Shinsa	10210	一致	50007849	SMTC_TYPE04	8	初回
kotomi.emura	SMTC_D_JUDG2_PM	2018/11/20 17:46:26.843	Frm_Dig0300_Shinsa	10220	一致	50007849	SMTC_TYPE04	8	初回
kotomi.emura	SMTC_D_JUDG2_PM	2018/11/20 17:46:32.537	Frm_Dig0300_Shinsa	10250	年月日	50007849	SMTC_TYPE04	8	初回
kotomi.emura	SMTC_D_JUDG2_PM	2018/11/20 17:46:37.342	Frm_Dig0300_Shinsa	10260	年月日	50007849	SMTC_TYPE04	8	初回
kotomi.emura	SMTC_D_JUDG2_PM	2018/11/20 17:46:50.618	Frm_Dig0300_Shinsa	10270	00000	50007849	SMTC_TYPE04	8	初回
kotomi.emura	SMTC_D_JUDG2_PM	2018/11/20 17:46:52.614	Frm_Dig0300_Shinsa	10290	あり	50007849	SMTC_TYPE04	8	初回
kotomi.emura	SMTC_D_JUDG2_PM	2018/11/20 17:47:04.049	Frm_Dig0300_Shinsa	10300	年月日	50007849	SMTC_TYPE04	8	初回
kotomi.emura	SMTC_D_JUDG2_PM	2018/11/20 17:47:11.756	Frm_Dig0300_Shinsa	10310	裏面なし	50007849	SMTC_TYPE04	8	初回
kotomi.emura	SMTC_D_JUDG2_PM	2018/11/20 17:47:12.988	Frm_Dig0300_Shinsa	10320	記載なし	50007849	SMTC_TYPE04	8	初回
kotomi.emura	SMTC_D_JUDG2_PM	2018/11/20 17:47:15.001	Frm_Dig0300_Shinsa	10370		50007849	SMTC_TYPE04	8	初回
kotomi.emura	SMTC_D_JUDG2_PM	2018/11/20 17:47:16.826	Frm_Dig0300_Shinsa	10320	記載なし	50007849	SMTC_TYPE04	8	初回
kotomi.emura	SMTC_D_JUDG2_PM	2018/11/20 17:47:18.043	Frm_Dig0300_Shinsa	10370	なし	50007849	SMTC_TYPE04	8	初回
kotomi.emura	SMTC_D_JUDG2_PM	2018/11/20 17:47:22.520	Frm_Dig0300_Shinsa	10470	それ以外	50007849	SMTC_TYPE04	8	初回
kotomi.emura	SMTC_D_JUDG2_PM	2018/11/20 17:47:23.503	Frm_Dig0300_Shinsa	10710	なし	50007849	SMTC_TYPE04	8	初回
kotomi.emura	SMTC_D_JUDG2_PM	2018/11/20 17:47:29.166	Frm_Dig0300_Shinsa	10450	なし	50007849	SMTC_TYPE04	8	初回
kotomi.emura	SMTC_D_JUDG2_PM	2018/11/20 17:47:30.570	Frm_Dig0300_Shinsa	10610	なし	50007849	SMTC_TYPE04	8	初回
kotomi.emura	SMTC_D_JUDG2_PM	2018/11/20 17:47:38.900	Frm_Dig0300_Shinsa	10730	記載あり	50007849	SMTC_TYPE04	8	初回
kotomi.emura	SMTC_D_JUDG2_PM	2018/11/20 17:47:40.460	Frm_Dig0300_Shinsa	10740	添付なし	50007849	SMTC_TYPE04	8	初回
kotomi.emura	SMTC_D_JUDG2_PM	2018/11/20 17:47:50.257	Frm_Dig0300_Shinsa	10770	あり（氏名が申込書と一致する）	50007849	SMTC_TYPE04	8	初回
kotomi.emura	SMTC_D_JUDG2_PM	2018/11/20 17:48:35.123	Frm_Dig0300_Shinsa	10460		50007849	SMTC_TYPE04	8	初回
kotomi.emura	SMTC_D_JUDG2_PM	2018/11/20 17:48:41.821	Frm_Dig0300_Shinsa	10770		50007849	SMTC_TYPE04	8	初回
kotomi.emura	SMTC_D_JUDG2_PM	2018/11/20 17:48:43.693	Frm_Dig0300_Shinsa	10740		50007849	SMTC_TYPE04	8	初回
kotomi.emura	SMTC_D_JUDG2_PM	2018/11/20 17:48:45.206	Frm_Dig0300_Shinsa	10730		50007849	SMTC_TYPE04	8	初回
kotomi.emura	SMTC_D_JUDG2_PM	2018/11/20 17:48:46.703	Frm_Dig0300_Shinsa	10610		50007849	SMTC_TYPE04	8	初回
kotomi.emura	SMTC_D_JUDG2_PM	2018/11/20 17:48:47.889	Frm_Dig0300_Shinsa	10450	なし	50007849	SMTC_TYPE04	8	初回
kotomi.emura	SMTC_D_JUDG2_PM	2018/11/20 17:48:48.716	Frm_Dig0300_Shinsa	10610	あり	50007849	SMTC_TYPE04	8	初回
kotomi.emura	SMTC_D_JUDG2_PM	2018/11/20 17:48:49.777	Frm_Dig0300_Shinsa	10730	記載あり	50007849	SMTC_TYPE04	8	初回
kotomi.emura	SMTC_D_JUDG2_PM	2018/11/20 17:48:50.713	Frm_Dig0300_Shinsa	10740	添付なし	50007849	SMTC_TYPE04	8	初回
kotomi.emura	SMTC_D_JUDG2_PM	2018/11/20 17:48:52.522	Frm_Dig0300_Shinsa	10770	あり（氏名が申込書と一致する）	50007849	SMTC_TYPE04	8	初回
kotomi.emura	SMTC_D_JUDG2_PM	2018/11/20 17:49:09.667	Frm_Dig0300_Shinsa	10460		50007849	SMTC_TYPE04	8	初回
kotomi.emura	SMTC_D_JUDG2_PM	2018/11/20 17:49:14.933	Frm_Dig0300_Shinsa	END	二次審査終了	50007849	SMTC_TYPE04	8	初回
kotomi.emura	SMTC_D_JUDG2_PM	2018/11/20 17:49:44.759	Frm_Dig0300_Shinsa	START	二次審査開始	40013293	SMTC_TYPE05	1	初回
kotomi.emura	SMTC_D_JUDG2_PM	2018/11/20 17:49:53.543	Frm_Dig0300_Shinsa	40100	なし	40013293	SMTC_TYPE05	1	初回
kotomi.emura	SMTC_D_JUDG2_PM	2018/11/20 17:49:54.557	Frm_Dig0300_Shinsa	40110	なし	40013293	SMTC_TYPE05	1	初回
kotomi.emura	SMTC_D_JUDG2_PM	2018/11/20 17:50:00.642	Frm_Dig0300_Shinsa	40120	書類	40013293	SMTC_TYPE05	1	初回
kotomi.emura	SMTC_D_JUDG2_PM	2018/11/20 17:50:09.331	Frm_Dig0300_Shinsa	40121	20180301	40013293	SMTC_TYPE05	1	初回
kotomi.emura	SMTC_D_JUDG2_PM	2018/11/20 17:50:12.139	Frm_Dig0300_Shinsa	40130	書類添付なし	40013293	SMTC_TYPE05	1	初回
kotomi.emura	SMTC_D_JUDG2_PM	2018/11/20 17:50:20.064	Frm_Dig0300_Shinsa	40170	TW：台湾	40013293	SMTC_TYPE05	1	初回
kotomi.emura	SMTC_D_JUDG2_PM	2018/11/20 17:50:25.945	Frm_Dig0300_Shinsa	40180	技術・人文知識・国際業務	40013293	SMTC_TYPE05	1	初回
kotomi.emura	SMTC_D_JUDG2_PM	2018/11/20 17:50:31.686	Frm_Dig0300_Shinsa	40640	20230301	40013293	SMTC_TYPE05	1	初回
kotomi.emura	SMTC_D_JUDG2_PM	2018/11/20 17:50:35.477	Frm_Dig0300_Shinsa	40190	書類	40013293	SMTC_TYPE05	1	初回
kotomi.emura	SMTC_D_JUDG2_PM	2018/11/20 17:50:41.670	Frm_Dig0300_Shinsa	40200	不一致	40013293	SMTC_TYPE05	1	初回
kotomi.emura	SMTC_D_JUDG2_PM	2018/11/20 17:50:45.274	Frm_Dig0300_Shinsa	40210	一致	40013293	SMTC_TYPE05	1	初回
kotomi.emura	SMTC_D_JUDG2_PM	2018/11/20 17:51:11.045	Frm_Dig0300_Shinsa	40220	一致	40013293	SMTC_TYPE05	1	初回
kotomi.emura	SMTC_D_JUDG2_PM	2018/11/20 17:51:20.827	Frm_Dig0300_Shinsa	40250	20230301	40013293	SMTC_TYPE05	1	初回
kotomi.emura	SMTC_D_JUDG2_PM	2018/11/20 17:51:26.053	Frm_Dig0300_Shinsa	40260	20180301	40013293	SMTC_TYPE05	1	初回
kotomi.emura	SMTC_D_JUDG2_PM	2018/11/20 17:51:54.211	Frm_Dig0300_Shinsa	40270	00000	40013293	SMTC_TYPE05	1	初回
kotomi.emura	SMTC_D_JUDG2_PM	2018/11/20 17:51:57.487	Frm_Dig0300_Shinsa	40340	それ以外	40013293	SMTC_TYPE05	1	初回
kotomi.emura	SMTC_D_JUDG2_PM	2018/11/20 17:52:11.674	Frm_Dig0300_Shinsa	40400	添付なし	40013293	SMTC_TYPE05	1	初回
kotomi.emura	SMTC_D_JUDG2_PM	2018/11/20 17:52:13.890	Frm_Dig0300_Shinsa	40410	不一致	40013293	SMTC_TYPE05	1	初回
kotomi.emura	SMTC_D_JUDG2_PM	2018/11/20 17:52:15.590	Frm_Dig0300_Shinsa	40420	なし	40013293	SMTC_TYPE05	1	初回
kotomi.emura	SMTC_D_JUDG2_PM	2018/11/20 17:52:17.571	Frm_Dig0300_Shinsa	40610	記載なし	40013293	SMTC_TYPE05	1	初回
kotomi.emura	SMTC_D_JUDG2_PM	2018/11/20 17:53:36.056	Frm_Dig0300_Shinsa	40620	添付あり	40013293	SMTC_TYPE05	1	初回
kotomi.emura	SMTC_D_JUDG2_PM	2018/11/20 17:53:38.909	Frm_Dig0300_Shinsa	END	二次審査終了	40013293	SMTC_TYPE05	1	初回
kotomi.emura	SMTC_D_JUDG2_PM	2018/11/20 17:53:40.397	Frm_Dig0300_Shinsa	START	二次審査開始	40013294	SMTC_TYPE05	1	初回
kotomi.emura	SMTC_D_JUDG2_PM	2018/11/20 17:53:50.537	Frm_Dig0300_Shinsa	40100	なし	40013294	SMTC_TYPE05	1	初回
kotomi.emura	SMTC_D_JUDG2_PM	2018/11/20 17:53:51.582	Frm_Dig0300_Shinsa	40110	なし	40013294	SMTC_TYPE05	1	初回
kotomi.emura	SMTC_D_JUDG2_PM	2018/11/20 17:53:53.813	Frm_Dig0300_Shinsa	40120	書類	40013294	SMTC_TYPE05	1	初回
kotomi.emura	SMTC_D_JUDG2_PM	2018/11/20 17:54:00.178	Frm_Dig0300_Shinsa	40121	年月日	40013294	SMTC_TYPE05	1	初回
kotomi.emura	SMTC_D_JUDG2_PM	2018/11/20 17:54:02.268	Frm_Dig0300_Shinsa	40130	書類添付なし	40013294	SMTC_TYPE05	1	初回
kotomi.emura	SMTC_D_JUDG2_PM	2018/11/20 17:54:04.390	Frm_Dig0300_Shinsa	40170	JP：日本国	40013294	SMTC_TYPE05	1	初回
kotomi.emura	SMTC_D_JUDG2_PM	2018/11/20 17:54:06.309	Frm_Dig0300_Shinsa	40190	書類	40013294	SMTC_TYPE05	1	初回
kotomi.emura	SMTC_D_JUDG2_PM	2018/11/20 17:54:09.086	Frm_Dig0300_Shinsa	40200	一致	40013294	SMTC_TYPE05	1	初回
kotomi.emura	SMTC_D_JUDG2_PM	2018/11/20 17:54:16.730	Frm_Dig0300_Shinsa	40210	一致	40013294	SMTC_TYPE05	1	初回
kotomi.emura	SMTC_D_JUDG2_PM	2018/11/20 17:54:23.360	Frm_Dig0300_Shinsa	40220	一致	40013294	SMTC_TYPE05	1	初回
kotomi.emura	SMTC_D_JUDG2_PM	2018/11/20 17:54:29.101	Frm_Dig0300_Shinsa	40250	年月日	40013294	SMTC_TYPE05	1	初回
kotomi.emura	SMTC_D_JUDG2_PM	2018/11/20 17:54:34.514	Frm_Dig0300_Shinsa	40260	年月日	40013294	SMTC_TYPE05	1	初回
kotomi.emura	SMTC_D_JUDG2_PM	2018/11/20 17:54:54.248	Frm_Dig0300_Shinsa	40270	00000	40013294	SMTC_TYPE05	1	初回
kotomi.emura	SMTC_D_JUDG2_PM	2018/11/20 17:54:55.371	Frm_Dig0300_Shinsa	40290	あり	40013294	SMTC_TYPE05	1	初回
kotomi.emura	SMTC_D_JUDG2_PM	2018/11/20 17:55:06.135	Frm_Dig0300_Shinsa	40300	年月日	40013294	SMTC_TYPE05	1	初回
kotomi.emura	SMTC_D_JUDG2_PM	2018/11/20 17:55:07.883	Frm_Dig0300_Shinsa	40310	裏面なし／記載なし	40013294	SMTC_TYPE05	1	初回
kotomi.emura	SMTC_D_JUDG2_PM	2018/11/20 17:55:09.178	Frm_Dig0300_Shinsa	40320	記載なし／裏面なし	40013294	SMTC_TYPE05	1	初回
kotomi.emura	SMTC_D_JUDG2_PM	2018/11/20 17:55:10.316	Frm_Dig0300_Shinsa	40610	記載なし	40013294	SMTC_TYPE05	1	初回
kotomi.emura	SMTC_D_JUDG2_PM	2018/11/20 17:55:44.138	Frm_Dig0300_Shinsa	40620	添付なし	40013294	SMTC_TYPE05	1	初回
kotomi.emura	SMTC_D_JUDG2_PM	2018/11/20 17:55:46.730	Frm_Dig0300_Shinsa	END	二次審査終了	40013294	SMTC_TYPE05	1	初回
kotomi.emura	SMTC_D_JUDG2_PM	2018/11/20 17:55:48.628	Frm_Dig0300_Shinsa	START	二次審査開始	40013296	SMTC_TYPE05	1	初回
kotomi.emura	SMTC_D_JUDG2_PM	2018/11/20 17:55:50.688	Frm_Dig0300_Shinsa	40100	なし	40013296	SMTC_TYPE05	1	初回
kotomi.emura	SMTC_D_JUDG2_PM	2018/11/20 17:55:51.639	Frm_Dig0300_Shinsa	40110	なし	40013296	SMTC_TYPE05	1	初回
kotomi.emura	SMTC_D_JUDG2_PM	2018/11/20 17:55:53.730	Frm_Dig0300_Shinsa	40120	書類	40013296	SMTC_TYPE05	1	初回
kotomi.emura	SMTC_D_JUDG2_PM	2018/11/20 17:55:59.533	Frm_Dig0300_Shinsa	40121	年月日	40013296	SMTC_TYPE05	1	初回
kotomi.emura	SMTC_D_JUDG2_PM	2018/11/20 17:56:01.857	Frm_Dig0300_Shinsa	40130	書類添付なし	40013296	SMTC_TYPE05	1	初回
kotomi.emura	SMTC_D_JUDG2_PM	2018/11/20 17:56:03.854	Frm_Dig0300_Shinsa	40170	JP：日本国	40013296	SMTC_TYPE05	1	初回
kotomi.emura	SMTC_D_JUDG2_PM	2018/11/20 17:56:05.929	Frm_Dig0300_Shinsa	40190	書類	40013296	SMTC_TYPE05	1	初回
kotomi.emura	SMTC_D_JUDG2_PM	2018/11/20 17:56:07.411	Frm_Dig0300_Shinsa	40200	一致	40013296	SMTC_TYPE05	1	初回
kotomi.emura	SMTC_D_JUDG2_PM	2018/11/20 17:56:12.575	Frm_Dig0300_Shinsa	40210	一致	40013296	SMTC_TYPE05	1	初回
kotomi.emura	SMTC_D_JUDG2_PM	2018/11/20 17:56:28.643	Frm_Dig0300_Shinsa	40220	一致	40013296	SMTC_TYPE05	1	初回
kotomi.emura	SMTC_D_JUDG2_PM	2018/11/20 17:56:40.156	Frm_Dig0300_Shinsa	40250	年月日	40013296	SMTC_TYPE05	1	初回
kotomi.emura	SMTC_D_JUDG2_PM	2018/11/20 17:56:45.382	Frm_Dig0300_Shinsa	40260	年月日	40013296	SMTC_TYPE05	1	初回
kotomi.emura	SMTC_D_JUDG2_PM	2018/11/20 17:57:00.639	Frm_Dig0300_Shinsa	40270	00000	40013296	SMTC_TYPE05	1	初回
kotomi.emura	SMTC_D_JUDG2_PM	2018/11/20 17:57:01.965	Frm_Dig0300_Shinsa	40290	あり	40013296	SMTC_TYPE05	1	初回
kotomi.emura	SMTC_D_JUDG2_PM	2018/11/20 17:57:09.843	Frm_Dig0300_Shinsa	40300	年月日	40013296	SMTC_TYPE05	1	初回
kotomi.emura	SMTC_D_JUDG2_PM	2018/11/20 17:57:11.668	Frm_Dig0300_Shinsa	40310	裏面なし／記載なし	40013296	SMTC_TYPE05	1	初回
kotomi.emura	SMTC_D_JUDG2_PM	2018/11/20 17:57:12.417	Frm_Dig0300_Shinsa	40320	記載なし／裏面なし	40013296	SMTC_TYPE05	1	初回
kotomi.emura	SMTC_D_JUDG2_PM	2018/11/20 17:57:13.291	Frm_Dig0300_Shinsa	40610	記載なし	40013296	SMTC_TYPE05	1	初回
kotomi.emura	SMTC_D_JUDG2_PM	2018/11/20 17:57:48.391	Frm_Dig0300_Shinsa	40620	添付なし	40013296	SMTC_TYPE05	1	初回
kotomi.emura	SMTC_D_JUDG2_PM	2018/11/20 17:57:51.045	Frm_Dig0300_Shinsa	END	二次審査終了	40013296	SMTC_TYPE05	1	初回
kotomi.emura	SMTC_D_JUDG2_PM	2018/11/20 17:57:52.180	Frm_Dig0300_Shinsa	START	二次審査開始	40013298	SMTC_TYPE05	1	初回
kotomi.emura	SMTC_D_JUDG2_PM	2018/11/20 17:57:55.643	Frm_Dig0300_Shinsa	40100	なし	40013298	SMTC_TYPE05	1	初回
kotomi.emura	SMTC_D_JUDG2_PM	2018/11/20 17:57:56.579	Frm_Dig0300_Shinsa	40110	なし	40013298	SMTC_TYPE05	1	初回
kotomi.emura	SMTC_D_JUDG2_PM	2018/11/20 17:57:58.826	Frm_Dig0300_Shinsa	40120	書類	40013298	SMTC_TYPE05	1	初回
kotomi.emura	SMTC_D_JUDG2_PM	2018/11/20 17:58:04.582	Frm_Dig0300_Shinsa	40121	年月日	40013298	SMTC_TYPE05	1	初回
kotomi.emura	SMTC_D_JUDG2_PM	2018/11/20 17:58:06.938	Frm_Dig0300_Shinsa	40130	書類添付なし	40013298	SMTC_TYPE05	1	初回
kotomi.emura	SMTC_D_JUDG2_PM	2018/11/20 17:58:08.888	Frm_Dig0300_Shinsa	40170	JP：日本国	40013298	SMTC_TYPE05	1	初回
kotomi.emura	SMTC_D_JUDG2_PM	2018/11/20 17:58:11.758	Frm_Dig0300_Shinsa	40190	書類	40013298	SMTC_TYPE05	1	初回
kotomi.emura	SMTC_D_JUDG2_PM	2018/11/20 17:58:13.786	Frm_Dig0300_Shinsa	40200	一致	40013298	SMTC_TYPE05	1	初回
kotomi.emura	SMTC_D_JUDG2_PM	2018/11/20 17:58:19.106	Frm_Dig0300_Shinsa	40210	一致	40013298	SMTC_TYPE05	1	初回
kotomi.emura	SMTC_D_JUDG2_PM	2018/11/20 17:58:29.558	Frm_Dig0300_Shinsa	40220	一致	40013298	SMTC_TYPE05	1	初回
kotomi.emura	SMTC_D_JUDG2_PM	2018/11/20 17:58:34.940	Frm_Dig0300_Shinsa	40250	年月日	40013298	SMTC_TYPE05	1	初回
kotomi.emura	SMTC_D_JUDG2_PM	2018/11/20 17:58:39.792	Frm_Dig0300_Shinsa	40260	年月日	40013298	SMTC_TYPE05	1	初回
kotomi.emura	SMTC_D_JUDG2_PM	2018/11/20 17:58:58.013	Frm_Dig0300_Shinsa	40270	00000	40013298	SMTC_TYPE05	1	初回
kotomi.emura	SMTC_D_JUDG2_PM	2018/11/20 17:58:59.152	Frm_Dig0300_Shinsa	40290	あり	40013298	SMTC_TYPE05	1	初回
kotomi.emura	SMTC_D_JUDG2_PM	2018/11/20 17:59:04.627	Frm_Dig0300_Shinsa	40300	年月日	40013298	SMTC_TYPE05	1	初回
kotomi.emura	SMTC_D_JUDG2_PM	2018/11/20 17:59:06.125	Frm_Dig0300_Shinsa	40310	裏面なし／記載なし	40013298	SMTC_TYPE05	1	初回
kotomi.emura	SMTC_D_JUDG2_PM	2018/11/20 17:59:06.889	Frm_Dig0300_Shinsa	40320	記載なし／裏面なし	40013298	SMTC_TYPE05	1	初回
kotomi.emura	SMTC_D_JUDG2_PM	2018/11/20 17:59:07.763	Frm_Dig0300_Shinsa	40610	記載なし	40013298	SMTC_TYPE05	1	初回
kotomi.emura	SMTC_D_JUDG2_PM	2018/11/20 17:59:22.833	Frm_Dig0300_Shinsa	40620	添付なし	40013298	SMTC_TYPE05	1	初回
kotomi.emura	SMTC_D_JUDG2_PM	2018/11/20 17:59:25.490	Frm_Dig0300_Shinsa	END	二次審査終了	40013298	SMTC_TYPE05	1	初回
kotomi.emura	SMTC_D_JUDG2_PM	2018/11/20 17:59:27.043	Frm_Dig0300_Shinsa	START	二次審査開始	40013299	SMTC_TYPE05	0	初回
kotomi.emura	SMTC_D_JUDG2_PM	2018/11/20 18:11:46.024	Frm_Dig0300_Shinsa	40100	なし	40013299	SMTC_TYPE05	0	初回
kotomi.emura	SMTC_D_JUDG2_PM	2018/11/20 18:11:47.070	Frm_Dig0300_Shinsa	40110	なし	40013299	SMTC_TYPE05	0	初回
kotomi.emura	SMTC_D_JUDG2_PM	2018/11/20 18:11:49.971	Frm_Dig0300_Shinsa	40120	書類添付なし	40013299	SMTC_TYPE05	0	初回
kotomi.emura	SMTC_D_JUDG2_PM	2018/11/20 18:11:51.094	Frm_Dig0300_Shinsa	40610	記載なし	40013299	SMTC_TYPE05	0	初回
kotomi.emura	SMTC_D_JUDG2_PM	2018/11/20 18:11:58.785	Frm_Dig0300_Shinsa	40620	添付なし	40013299	SMTC_TYPE05	0	初回
kotomi.emura	SMTC_D_JUDG2_PM	2018/11/20 18:12:00.236	Frm_Dig0300_Shinsa	END	二次審査終了	40013299	SMTC_TYPE05	0	初回
