michiko.igarashi	SMTC_D_JUDG1_PM	2018/11/20 15:51:49.097	Frm_Dig0300_Shinsa	START	一次審査開始	40012432	SMTC_TYPE05	8	不備戻り
michiko.igarashi	SMTC_D_JUDG1_PM	2018/11/20 15:52:15.664	Frm_Dig0300_Shinsa	40100	なし	40012432	SMTC_TYPE05	8	不備戻り
michiko.igarashi	SMTC_D_JUDG1_PM	2018/11/20 15:52:17.271	Frm_Dig0300_Shinsa	40110	なし	40012432	SMTC_TYPE05	8	不備戻り
michiko.igarashi	SMTC_D_JUDG1_PM	2018/11/20 15:52:29.766	Frm_Dig0300_Shinsa	40120	書類	40012432	SMTC_TYPE05	8	不備戻り
michiko.igarashi	SMTC_D_JUDG1_PM	2018/11/20 15:52:37.098	Frm_Dig0300_Shinsa	40121	年月日	40012432	SMTC_TYPE05	8	不備戻り
michiko.igarashi	SMTC_D_JUDG1_PM	2018/11/20 15:52:41.232	Frm_Dig0300_Shinsa	40130	書類	40012432	SMTC_TYPE05	8	不備戻り
michiko.igarashi	SMTC_D_JUDG1_PM	2018/11/20 15:52:54.695	Frm_Dig0300_Shinsa	40131	20110216	40012432	SMTC_TYPE05	8	不備戻り
michiko.igarashi	SMTC_D_JUDG1_PM	2018/11/20 15:53:01.107	Frm_Dig0300_Shinsa	40140	書類添付なし	40012432	SMTC_TYPE05	8	不備戻り
michiko.igarashi	SMTC_D_JUDG1_PM	2018/11/20 15:53:04.461	Frm_Dig0300_Shinsa	40170	JP：日本国	40012432	SMTC_TYPE05	8	不備戻り
michiko.igarashi	SMTC_D_JUDG1_PM	2018/11/20 15:53:11.559	Frm_Dig0300_Shinsa	40190	書類	40012432	SMTC_TYPE05	8	不備戻り
michiko.igarashi	SMTC_D_JUDG1_PM	2018/11/20 15:53:16.177	Frm_Dig0300_Shinsa	40200	一致	40012432	SMTC_TYPE05	8	不備戻り
michiko.igarashi	SMTC_D_JUDG1_PM	2018/11/20 15:53:20.046	Frm_Dig0300_Shinsa	40210	一致	40012432	SMTC_TYPE05	8	不備戻り
michiko.igarashi	SMTC_D_JUDG1_PM	2018/11/20 15:53:59.171	Frm_Dig0300_Shinsa	40220	不一致・見切れ・不鮮明	40012432	SMTC_TYPE05	8	不備戻り
michiko.igarashi	SMTC_D_JUDG1_PM	2018/11/20 15:54:02.103	Frm_Dig0300_Shinsa	40230	なし	40012432	SMTC_TYPE05	8	不備戻り
michiko.igarashi	SMTC_D_JUDG1_PM	2018/11/20 15:54:15.083	Frm_Dig0300_Shinsa	40250	年月日	40012432	SMTC_TYPE05	8	不備戻り
michiko.igarashi	SMTC_D_JUDG1_PM	2018/11/20 15:54:19.451	Frm_Dig0300_Shinsa	40260	年月日	40012432	SMTC_TYPE05	8	不備戻り
michiko.igarashi	SMTC_D_JUDG1_PM	2018/11/20 15:54:26.050	Frm_Dig0300_Shinsa	40270	00000	40012432	SMTC_TYPE05	8	不備戻り
michiko.igarashi	SMTC_D_JUDG1_PM	2018/11/20 15:54:29.138	Frm_Dig0300_Shinsa	40290	あり	40012432	SMTC_TYPE05	8	不備戻り
michiko.igarashi	SMTC_D_JUDG1_PM	2018/11/20 15:54:34.786	Frm_Dig0300_Shinsa	40300	年月日	40012432	SMTC_TYPE05	8	不備戻り
michiko.igarashi	SMTC_D_JUDG1_PM	2018/11/20 15:54:39.403	Frm_Dig0300_Shinsa	40310	裏面なし／記載なし	40012432	SMTC_TYPE05	8	不備戻り
michiko.igarashi	SMTC_D_JUDG1_PM	2018/11/20 15:54:40.402	Frm_Dig0300_Shinsa	40320	記載なし／裏面なし	40012432	SMTC_TYPE05	8	不備戻り
michiko.igarashi	SMTC_D_JUDG1_PM	2018/11/20 15:54:43.163	Frm_Dig0300_Shinsa	40610	記載なし	40012432	SMTC_TYPE05	8	不備戻り
michiko.igarashi	SMTC_D_JUDG1_PM	2018/11/20 15:54:57.515	Frm_Dig0300_Shinsa	40620	添付なし	40012432	SMTC_TYPE05	8	不備戻り
michiko.igarashi	SMTC_D_JUDG1_PM	2018/11/20 15:55:04.965	Frm_Dig0300_Shinsa	END	一次審査終了	40012432	SMTC_TYPE05	8	不備戻り
michiko.igarashi	SMTC_D_JUDG1_PM	2018/11/20 15:55:08.741	Frm_Dig0300_Shinsa	START	一次審査開始	10007552	SMTC_TYPE03	10	不備戻り
michiko.igarashi	SMTC_D_JUDG1_PM	2018/11/20 15:55:10.878	Frm_Dig0300_Shinsa	10010	コマーシャル	10007552	SMTC_TYPE03	10	不備戻り
michiko.igarashi	SMTC_D_JUDG1_PM	2018/11/20 15:55:27.695	Frm_Dig0300_Shinsa	20010	訂正がない	10007552	SMTC_TYPE03	10	不備戻り
michiko.igarashi	SMTC_D_JUDG1_PM	2018/11/20 15:55:33.560	Frm_Dig0300_Shinsa	20020	それ以外	10007552	SMTC_TYPE03	10	不備戻り
michiko.igarashi	SMTC_D_JUDG1_PM	2018/11/20 15:55:35.557	Frm_Dig0300_Shinsa	20040	鮮明、または、捺印なし　	10007552	SMTC_TYPE03	10	不備戻り
michiko.igarashi	SMTC_D_JUDG1_PM	2018/11/20 15:55:42.296	Frm_Dig0300_Shinsa	20050	ゆうちょ銀行以外	10007552	SMTC_TYPE03	10	不備戻り
michiko.igarashi	SMTC_D_JUDG1_PM	2018/11/20 15:55:44.215	Frm_Dig0300_Shinsa	20060	個人口座	10007552	SMTC_TYPE03	10	不備戻り
michiko.igarashi	SMTC_D_JUDG1_PM	2018/11/20 15:56:11.110	Frm_Dig0300_Shinsa	10620	なし	10007552	SMTC_TYPE03	10	不備戻り
michiko.igarashi	SMTC_D_JUDG1_PM	2018/11/20 15:56:15.010	Frm_Dig0300_Shinsa	10120	書類	10007552	SMTC_TYPE03	10	不備戻り
michiko.igarashi	SMTC_D_JUDG1_PM	2018/11/20 15:57:14.275	Frm_Dig0300_Shinsa	10121	年月日	10007552	SMTC_TYPE03	10	不備戻り
michiko.igarashi	SMTC_D_JUDG1_PM	2018/11/20 15:57:17.441	Frm_Dig0300_Shinsa	10130	書類添付なし	10007552	SMTC_TYPE03	10	不備戻り
michiko.igarashi	SMTC_D_JUDG1_PM	2018/11/20 15:57:19.407	Frm_Dig0300_Shinsa	10170	JP：日本国	10007552	SMTC_TYPE03	10	不備戻り
michiko.igarashi	SMTC_D_JUDG1_PM	2018/11/20 15:57:22.371	Frm_Dig0300_Shinsa	10190	書類	10007552	SMTC_TYPE03	10	不備戻り
michiko.igarashi	SMTC_D_JUDG1_PM	2018/11/20 15:57:36.333	Frm_Dig0300_Shinsa	10200	一致	10007552	SMTC_TYPE03	10	不備戻り
michiko.igarashi	SMTC_D_JUDG1_PM	2018/11/20 15:57:43.587	Frm_Dig0300_Shinsa	10210	一致	10007552	SMTC_TYPE03	10	不備戻り
michiko.igarashi	SMTC_D_JUDG1_PM	2018/11/20 15:58:18.875	Frm_Dig0300_Shinsa	10220	一致	10007552	SMTC_TYPE03	10	不備戻り
michiko.igarashi	SMTC_D_JUDG1_PM	2018/11/20 16:01:35.093	Frm_Dig0300_Shinsa	10250	年月日	10007552	SMTC_TYPE03	10	不備戻り
michiko.igarashi	SMTC_D_JUDG1_PM	2018/11/20 16:01:53.719	Frm_Dig0300_Shinsa	10260	年月日	10007552	SMTC_TYPE03	10	不備戻り
michiko.igarashi	SMTC_D_JUDG1_PM	2018/11/20 16:02:11.503	Frm_Dig0300_Shinsa	10270	00000	10007552	SMTC_TYPE03	10	不備戻り
michiko.igarashi	SMTC_D_JUDG1_PM	2018/11/20 16:02:15.216	Frm_Dig0300_Shinsa	10290	あり	10007552	SMTC_TYPE03	10	不備戻り
michiko.igarashi	SMTC_D_JUDG1_PM	2018/11/20 16:02:31.549	Frm_Dig0300_Shinsa	10300	年月日	10007552	SMTC_TYPE03	10	不備戻り
michiko.igarashi	SMTC_D_JUDG1_PM	2018/11/20 16:02:37.306	Frm_Dig0300_Shinsa	10310	あり	10007552	SMTC_TYPE03	10	不備戻り
michiko.igarashi	SMTC_D_JUDG1_PM	2018/11/20 16:02:38.866	Frm_Dig0300_Shinsa	10320	すべて記載あり	10007552	SMTC_TYPE03	10	不備戻り
michiko.igarashi	SMTC_D_JUDG1_PM	2018/11/20 16:02:56.276	Frm_Dig0300_Shinsa	20330	あり	10007552	SMTC_TYPE03	10	不備戻り
michiko.igarashi	SMTC_D_JUDG1_PM	2018/11/20 16:02:57.804	Frm_Dig0300_Shinsa	10710	なし	10007552	SMTC_TYPE03	10	不備戻り
michiko.igarashi	SMTC_D_JUDG1_PM	2018/11/20 16:03:05.963	Frm_Dig0300_Shinsa	10450	なし	10007552	SMTC_TYPE03	10	不備戻り
michiko.igarashi	SMTC_D_JUDG1_PM	2018/11/20 16:03:07.133	Frm_Dig0300_Shinsa	10610	なし	10007552	SMTC_TYPE03	10	不備戻り
michiko.igarashi	SMTC_D_JUDG1_PM	2018/11/20 16:03:15.339	Frm_Dig0300_Shinsa	10730	記載なし	10007552	SMTC_TYPE03	10	不備戻り
michiko.igarashi	SMTC_D_JUDG1_PM	2018/11/20 16:03:23.092	Frm_Dig0300_Shinsa	10740	添付なし	10007552	SMTC_TYPE03	10	不備戻り
michiko.igarashi	SMTC_D_JUDG1_PM	2018/11/20 16:03:26.165	Frm_Dig0300_Shinsa	10770	なし	10007552	SMTC_TYPE03	10	不備戻り
michiko.igarashi	SMTC_D_JUDG1_PM	2018/11/20 16:03:29.083	Frm_Dig0300_Shinsa	10460		10007552	SMTC_TYPE03	10	不備戻り
michiko.igarashi	SMTC_D_JUDG1_PM	2018/11/20 16:03:33.363	Frm_Dig0300_Shinsa	END	一次審査終了	10007552	SMTC_TYPE03	10	不備戻り
michiko.igarashi	SMTC_D_JUDG1_PM	2018/11/20 16:03:39.502	Frm_Dig0300_Shinsa	START	一次審査開始	10007611	SMTC_TYPE03	6	不備戻り
michiko.igarashi	SMTC_D_JUDG1_PM	2018/11/20 16:03:41.187	Frm_Dig0300_Shinsa	10010	コマーシャル	10007611	SMTC_TYPE03	6	不備戻り
michiko.igarashi	SMTC_D_JUDG1_PM	2018/11/20 16:03:47.427	Frm_Dig0300_Shinsa	20010	訂正がない	10007611	SMTC_TYPE03	6	不備戻り
michiko.igarashi	SMTC_D_JUDG1_PM	2018/11/20 16:03:48.706	Frm_Dig0300_Shinsa	20020	集中決済Ｃｏｒｐ　（口振設定不要）、または、法人一括決済	10007611	SMTC_TYPE03	6	不備戻り
michiko.igarashi	SMTC_D_JUDG1_PM	2018/11/20 16:04:02.964	Frm_Dig0300_Shinsa	10620	なし	10007611	SMTC_TYPE03	6	不備戻り
michiko.igarashi	SMTC_D_JUDG1_PM	2018/11/20 16:04:07.333	Frm_Dig0300_Shinsa	10120	書類	10007611	SMTC_TYPE03	6	不備戻り
michiko.igarashi	SMTC_D_JUDG1_PM	2018/11/20 16:04:19.189	Frm_Dig0300_Shinsa	10121	年月日	10007611	SMTC_TYPE03	6	不備戻り
michiko.igarashi	SMTC_D_JUDG1_PM	2018/11/20 16:04:22.433	Frm_Dig0300_Shinsa	10130	書類添付なし	10007611	SMTC_TYPE03	6	不備戻り
michiko.igarashi	SMTC_D_JUDG1_PM	2018/11/20 16:04:24.446	Frm_Dig0300_Shinsa	10170	JP：日本国	10007611	SMTC_TYPE03	6	不備戻り
michiko.igarashi	SMTC_D_JUDG1_PM	2018/11/20 16:04:27.285	Frm_Dig0300_Shinsa	10190	書類	10007611	SMTC_TYPE03	6	不備戻り
michiko.igarashi	SMTC_D_JUDG1_PM	2018/11/20 16:04:31.388	Frm_Dig0300_Shinsa	10200	一致	10007611	SMTC_TYPE03	6	不備戻り
michiko.igarashi	SMTC_D_JUDG1_PM	2018/11/20 16:04:36.567	Frm_Dig0300_Shinsa	10210	一致	10007611	SMTC_TYPE03	6	不備戻り
michiko.igarashi	SMTC_D_JUDG1_PM	2018/11/20 16:04:49.016	Frm_Dig0300_Shinsa	10220	一致	10007611	SMTC_TYPE03	6	不備戻り
michiko.igarashi	SMTC_D_JUDG1_PM	2018/11/20 16:05:06.067	Frm_Dig0300_Shinsa	10250	年月日	10007611	SMTC_TYPE03	6	不備戻り
michiko.igarashi	SMTC_D_JUDG1_PM	2018/11/20 16:05:15.458	Frm_Dig0300_Shinsa	10260	年月日	10007611	SMTC_TYPE03	6	不備戻り
michiko.igarashi	SMTC_D_JUDG1_PM	2018/11/20 16:05:27.252	Frm_Dig0300_Shinsa	10270	00000	10007611	SMTC_TYPE03	6	不備戻り
michiko.igarashi	SMTC_D_JUDG1_PM	2018/11/20 16:05:29.186	Frm_Dig0300_Shinsa	10290	あり	10007611	SMTC_TYPE03	6	不備戻り
michiko.igarashi	SMTC_D_JUDG1_PM	2018/11/20 16:05:37.626	Frm_Dig0300_Shinsa	10300	年月日	10007611	SMTC_TYPE03	6	不備戻り
michiko.igarashi	SMTC_D_JUDG1_PM	2018/11/20 16:05:41.417	Frm_Dig0300_Shinsa	10310	裏面なし	10007611	SMTC_TYPE03	6	不備戻り
michiko.igarashi	SMTC_D_JUDG1_PM	2018/11/20 16:05:42.587	Frm_Dig0300_Shinsa	10320	記載なし	10007611	SMTC_TYPE03	6	不備戻り
michiko.igarashi	SMTC_D_JUDG1_PM	2018/11/20 16:06:49.496	Frm_Dig0300_Shinsa	20330	あり	10007611	SMTC_TYPE03	6	不備戻り
michiko.igarashi	SMTC_D_JUDG1_PM	2018/11/20 16:06:51.118	Frm_Dig0300_Shinsa	10710	なし	10007611	SMTC_TYPE03	6	不備戻り
michiko.igarashi	SMTC_D_JUDG1_PM	2018/11/20 16:06:57.514	Frm_Dig0300_Shinsa	10450	なし	10007611	SMTC_TYPE03	6	不備戻り
michiko.igarashi	SMTC_D_JUDG1_PM	2018/11/20 16:06:58.419	Frm_Dig0300_Shinsa	10610	なし	10007611	SMTC_TYPE03	6	不備戻り
michiko.igarashi	SMTC_D_JUDG1_PM	2018/11/20 16:07:09.885	Frm_Dig0300_Shinsa	10730	記載なし	10007611	SMTC_TYPE03	6	不備戻り
michiko.igarashi	SMTC_D_JUDG1_PM	2018/11/20 16:07:12.396	Frm_Dig0300_Shinsa	10740	添付なし	10007611	SMTC_TYPE03	6	不備戻り
michiko.igarashi	SMTC_D_JUDG1_PM	2018/11/20 16:07:14.503	Frm_Dig0300_Shinsa	10770	なし	10007611	SMTC_TYPE03	6	不備戻り
michiko.igarashi	SMTC_D_JUDG1_PM	2018/11/20 16:07:17.077	Frm_Dig0300_Shinsa	10460		10007611	SMTC_TYPE03	6	不備戻り
michiko.igarashi	SMTC_D_JUDG1_PM	2018/11/20 16:07:19.670	Frm_Dig0300_Shinsa	END	一次審査終了	10007611	SMTC_TYPE03	6	不備戻り
michiko.igarashi	SMTC_D_JUDG1_PM	2018/11/20 16:07:34.338	Frm_Dig0300_Shinsa	START	一次審査開始	40012503	SMTC_TYPE05	4	初回
michiko.igarashi	SMTC_D_JUDG1_PM	2018/11/20 16:07:34.463	Frm_Dig0300_Shinsa	XXXX		40012503	SMTC_TYPE05	4	初回
michiko.igarashi	SMTC_D_JUDG1_PM	2018/11/20 16:08:27.176	Frm_Dig0300_Shinsa	40130	公共料金の領収書	40012503	SMTC_TYPE05	4	初回
michiko.igarashi	SMTC_D_JUDG1_PM	2018/11/20 16:08:50.248	Frm_Dig0300_Shinsa	40131	年月日	40012503	SMTC_TYPE05	4	初回
michiko.igarashi	SMTC_D_JUDG1_PM	2018/11/20 16:08:56.083	Frm_Dig0300_Shinsa	40140	書類添付なし	40012503	SMTC_TYPE05	4	初回
michiko.igarashi	SMTC_D_JUDG1_PM	2018/11/20 16:08:59.749	Frm_Dig0300_Shinsa	40170	JP：日本国	40012503	SMTC_TYPE05	4	初回
michiko.igarashi	SMTC_D_JUDG1_PM	2018/11/20 16:09:03.181	Frm_Dig0300_Shinsa	40190	書類	40012503	SMTC_TYPE05	4	初回
michiko.igarashi	SMTC_D_JUDG1_PM	2018/11/20 16:09:12.962	Frm_Dig0300_Shinsa	40200	一致	40012503	SMTC_TYPE05	4	初回
michiko.igarashi	SMTC_D_JUDG1_PM	2018/11/20 16:09:20.591	Frm_Dig0300_Shinsa	40210	一致	40012503	SMTC_TYPE05	4	初回
michiko.igarashi	SMTC_D_JUDG1_PM	2018/11/20 16:09:51.260	Frm_Dig0300_Shinsa	40220	不一致・見切れ・不鮮明	40012503	SMTC_TYPE05	4	初回
michiko.igarashi	SMTC_D_JUDG1_PM	2018/11/20 16:10:01.884	Frm_Dig0300_Shinsa	40230	あり	40012503	SMTC_TYPE05	4	初回
michiko.igarashi	SMTC_D_JUDG1_PM	2018/11/20 16:10:49.823	Frm_Dig0300_Shinsa	40240	一致	40012503	SMTC_TYPE05	4	初回
michiko.igarashi	SMTC_D_JUDG1_PM	2018/11/20 16:11:04.924	Frm_Dig0300_Shinsa	40250	年月日	40012503	SMTC_TYPE05	4	初回
michiko.igarashi	SMTC_D_JUDG1_PM	2018/11/20 16:11:10.571	Frm_Dig0300_Shinsa	40260	年月日	40012503	SMTC_TYPE05	4	初回
michiko.igarashi	SMTC_D_JUDG1_PM	2018/11/20 16:11:18.324	Frm_Dig0300_Shinsa	40270	00000	40012503	SMTC_TYPE05	4	初回
michiko.igarashi	SMTC_D_JUDG1_PM	2018/11/20 16:11:21.585	Frm_Dig0300_Shinsa	40290	あり	40012503	SMTC_TYPE05	4	初回
michiko.igarashi	SMTC_D_JUDG1_PM	2018/11/20 16:11:27.731	Frm_Dig0300_Shinsa	40300	年月日	40012503	SMTC_TYPE05	4	初回
michiko.igarashi	SMTC_D_JUDG1_PM	2018/11/20 16:11:37.154	Frm_Dig0300_Shinsa	40310	あり	40012503	SMTC_TYPE05	4	初回
michiko.igarashi	SMTC_D_JUDG1_PM	2018/11/20 16:11:41.896	Frm_Dig0300_Shinsa	40320	すべて記載あり	40012503	SMTC_TYPE05	4	初回
michiko.igarashi	SMTC_D_JUDG1_PM	2018/11/20 16:11:45.032	Frm_Dig0300_Shinsa	50710	なし	40012503	SMTC_TYPE05	4	初回
michiko.igarashi	SMTC_D_JUDG1_PM	2018/11/20 16:11:58.230	Frm_Dig0300_Shinsa	50690	なし	40012503	SMTC_TYPE05	4	初回
michiko.igarashi	SMTC_D_JUDG1_PM	2018/11/20 16:11:59.493	Frm_Dig0300_Shinsa	50700	なし	40012503	SMTC_TYPE05	4	初回
michiko.igarashi	SMTC_D_JUDG1_PM	2018/11/20 16:12:04.750	Frm_Dig0300_Shinsa	50730	記載なし	40012503	SMTC_TYPE05	4	初回
michiko.igarashi	SMTC_D_JUDG1_PM	2018/11/20 16:12:13.081	Frm_Dig0300_Shinsa	50740	添付なし	40012503	SMTC_TYPE05	4	初回
michiko.igarashi	SMTC_D_JUDG1_PM	2018/11/20 16:12:15.575	Frm_Dig0300_Shinsa	END	一次審査終了	40012503	SMTC_TYPE05	4	初回
michiko.igarashi	SMTC_D_JUDG1_PM	2018/11/20 16:12:34.228	Frm_Dig0300_Shinsa	START	一次審査開始	40012650	SMTC_TYPE05	2	初回
michiko.igarashi	SMTC_D_JUDG1_PM	2018/11/20 16:12:43.291	Frm_Dig0300_Shinsa	50020	なし	40012650	SMTC_TYPE05	2	初回
michiko.igarashi	SMTC_D_JUDG1_PM	2018/11/20 16:12:45.241	Frm_Dig0300_Shinsa	50110	あり	40012650	SMTC_TYPE05	2	初回
michiko.igarashi	SMTC_D_JUDG1_PM	2018/11/20 16:13:06.489	Frm_Dig0300_Shinsa	50120	訂正があり、訂正印があり	40012650	SMTC_TYPE05	2	初回
michiko.igarashi	SMTC_D_JUDG1_PM	2018/11/20 16:13:09.500	Frm_Dig0300_Shinsa	50135	レ点チェックなし、不鮮明	40012650	SMTC_TYPE05	2	初回
michiko.igarashi	SMTC_D_JUDG1_PM	2018/11/20 16:13:11.793	Frm_Dig0300_Shinsa	50140	鮮明、または、捺印なし　	40012650	SMTC_TYPE05	2	初回
michiko.igarashi	SMTC_D_JUDG1_PM	2018/11/20 16:13:14.601	Frm_Dig0300_Shinsa	40110	なし	40012650	SMTC_TYPE05	2	初回
michiko.igarashi	SMTC_D_JUDG1_PM	2018/11/20 16:13:18.267	Frm_Dig0300_Shinsa	40120	書類	40012650	SMTC_TYPE05	2	初回
michiko.igarashi	SMTC_D_JUDG1_PM	2018/11/20 16:13:26.925	Frm_Dig0300_Shinsa	40121	年月日	40012650	SMTC_TYPE05	2	初回
michiko.igarashi	SMTC_D_JUDG1_PM	2018/11/20 16:13:29.717	Frm_Dig0300_Shinsa	40130	書類添付なし	40012650	SMTC_TYPE05	2	初回
michiko.igarashi	SMTC_D_JUDG1_PM	2018/11/20 16:13:32.135	Frm_Dig0300_Shinsa	40170	JP：日本国	40012650	SMTC_TYPE05	2	初回
michiko.igarashi	SMTC_D_JUDG1_PM	2018/11/20 16:13:34.522	Frm_Dig0300_Shinsa	40190	書類	40012650	SMTC_TYPE05	2	初回
michiko.igarashi	SMTC_D_JUDG1_PM	2018/11/20 16:13:37.190	Frm_Dig0300_Shinsa	40200	一致	40012650	SMTC_TYPE05	2	初回
michiko.igarashi	SMTC_D_JUDG1_PM	2018/11/20 16:13:44.335	Frm_Dig0300_Shinsa	40210	一致	40012650	SMTC_TYPE05	2	初回
michiko.igarashi	SMTC_D_JUDG1_PM	2018/11/20 16:13:51.214	Frm_Dig0300_Shinsa	40220	一致	40012650	SMTC_TYPE05	2	初回
michiko.igarashi	SMTC_D_JUDG1_PM	2018/11/20 16:13:57.470	Frm_Dig0300_Shinsa	40250	年月日	40012650	SMTC_TYPE05	2	初回
michiko.igarashi	SMTC_D_JUDG1_PM	2018/11/20 16:14:03.039	Frm_Dig0300_Shinsa	40260	年月日	40012650	SMTC_TYPE05	2	初回
michiko.igarashi	SMTC_D_JUDG1_PM	2018/11/20 16:14:19.996	Frm_Dig0300_Shinsa	40270	00000	40012650	SMTC_TYPE05	2	初回
michiko.igarashi	SMTC_D_JUDG1_PM	2018/11/20 16:14:22.071	Frm_Dig0300_Shinsa	40290	あり	40012650	SMTC_TYPE05	2	初回
michiko.igarashi	SMTC_D_JUDG1_PM	2018/11/20 16:14:27.079	Frm_Dig0300_Shinsa	40300	年月日	40012650	SMTC_TYPE05	2	初回
michiko.igarashi	SMTC_D_JUDG1_PM	2018/11/20 16:14:29.856	Frm_Dig0300_Shinsa	40310	裏面なし／記載なし	40012650	SMTC_TYPE05	2	初回
michiko.igarashi	SMTC_D_JUDG1_PM	2018/11/20 16:14:30.885	Frm_Dig0300_Shinsa	40320	記載なし／裏面なし	40012650	SMTC_TYPE05	2	初回
michiko.igarashi	SMTC_D_JUDG1_PM	2018/11/20 16:14:32.211	Frm_Dig0300_Shinsa	50710	なし	40012650	SMTC_TYPE05	2	初回
michiko.igarashi	SMTC_D_JUDG1_PM	2018/11/20 16:14:35.815	Frm_Dig0300_Shinsa	50690	なし	40012650	SMTC_TYPE05	2	初回
michiko.igarashi	SMTC_D_JUDG1_PM	2018/11/20 16:14:36.876	Frm_Dig0300_Shinsa	50700	なし	40012650	SMTC_TYPE05	2	初回
michiko.igarashi	SMTC_D_JUDG1_PM	2018/11/20 16:14:48.498	Frm_Dig0300_Shinsa	50730	記載あり	40012650	SMTC_TYPE05	2	初回
michiko.igarashi	SMTC_D_JUDG1_PM	2018/11/20 16:14:52.476	Frm_Dig0300_Shinsa	50740	添付なし	40012650	SMTC_TYPE05	2	初回
michiko.igarashi	SMTC_D_JUDG1_PM	2018/11/20 16:14:54.353	Frm_Dig0300_Shinsa	END	一次審査終了	40012650	SMTC_TYPE05	2	初回
michiko.igarashi	SMTC_D_JUDG1_PM	2018/11/20 16:14:55.578	Frm_Dig0300_Shinsa	START	一次審査開始	40012837	SMTC_TYPE05	3	初回
michiko.igarashi	SMTC_D_JUDG1_PM	2018/11/20 16:15:00.290	Frm_Dig0300_Shinsa	50020	なし	40012837	SMTC_TYPE05	3	初回
michiko.igarashi	SMTC_D_JUDG1_PM	2018/11/20 16:15:03.020	Frm_Dig0300_Shinsa	50110	あり	40012837	SMTC_TYPE05	3	初回
michiko.igarashi	SMTC_D_JUDG1_PM	2018/11/20 16:15:06.826	Frm_Dig0300_Shinsa	50120	訂正がない	40012837	SMTC_TYPE05	3	初回
michiko.igarashi	SMTC_D_JUDG1_PM	2018/11/20 16:15:09.182	Frm_Dig0300_Shinsa	50135	レ点チェックなし、不鮮明	40012837	SMTC_TYPE05	3	初回
michiko.igarashi	SMTC_D_JUDG1_PM	2018/11/20 16:15:10.898	Frm_Dig0300_Shinsa	50140	鮮明、または、捺印なし　	40012837	SMTC_TYPE05	3	初回
michiko.igarashi	SMTC_D_JUDG1_PM	2018/11/20 16:15:12.489	Frm_Dig0300_Shinsa	40110	なし	40012837	SMTC_TYPE05	3	初回
michiko.igarashi	SMTC_D_JUDG1_PM	2018/11/20 16:15:22.988	Frm_Dig0300_Shinsa	40120	書類	40012837	SMTC_TYPE05	3	初回
michiko.igarashi	SMTC_D_JUDG1_PM	2018/11/20 16:15:27.746	Frm_Dig0300_Shinsa	40121	年月日	40012837	SMTC_TYPE05	3	初回
michiko.igarashi	SMTC_D_JUDG1_PM	2018/11/20 16:15:30.850	Frm_Dig0300_Shinsa	40130	書類添付なし	40012837	SMTC_TYPE05	3	初回
michiko.igarashi	SMTC_D_JUDG1_PM	2018/11/20 16:15:33.097	Frm_Dig0300_Shinsa	40170	JP：日本国	40012837	SMTC_TYPE05	3	初回
michiko.igarashi	SMTC_D_JUDG1_PM	2018/11/20 16:15:37.387	Frm_Dig0300_Shinsa	40190	書類	40012837	SMTC_TYPE05	3	初回
michiko.igarashi	SMTC_D_JUDG1_PM	2018/11/20 16:15:51.364	Frm_Dig0300_Shinsa	40200	一致	40012837	SMTC_TYPE05	3	初回
michiko.igarashi	SMTC_D_JUDG1_PM	2018/11/20 16:16:02.706	Frm_Dig0300_Shinsa	40210	一致	40012837	SMTC_TYPE05	3	初回
michiko.igarashi	SMTC_D_JUDG1_PM	2018/11/20 16:16:44.264	Frm_Dig0300_Shinsa	40220	不一致・見切れ・不鮮明	40012837	SMTC_TYPE05	3	初回
michiko.igarashi	SMTC_D_JUDG1_PM	2018/11/20 16:16:47.930	Frm_Dig0300_Shinsa	40230	なし	40012837	SMTC_TYPE05	3	初回
michiko.igarashi	SMTC_D_JUDG1_PM	2018/11/20 16:17:12.532	Frm_Dig0300_Shinsa	40250	年月日	40012837	SMTC_TYPE05	3	初回
michiko.igarashi	SMTC_D_JUDG1_PM	2018/11/20 16:17:18.834	Frm_Dig0300_Shinsa	40260	年月日	40012837	SMTC_TYPE05	3	初回
michiko.igarashi	SMTC_D_JUDG1_PM	2018/11/20 16:17:30.128	Frm_Dig0300_Shinsa	40270	00000	40012837	SMTC_TYPE05	3	初回
michiko.igarashi	SMTC_D_JUDG1_PM	2018/11/20 16:17:32.328	Frm_Dig0300_Shinsa	40290	あり	40012837	SMTC_TYPE05	3	初回
michiko.igarashi	SMTC_D_JUDG1_PM	2018/11/20 16:17:42.811	Frm_Dig0300_Shinsa	40300	年月日	40012837	SMTC_TYPE05	3	初回
michiko.igarashi	SMTC_D_JUDG1_PM	2018/11/20 16:17:52.171	Frm_Dig0300_Shinsa	40310	あり	40012837	SMTC_TYPE05	3	初回
michiko.igarashi	SMTC_D_JUDG1_PM	2018/11/20 16:17:56.695	Frm_Dig0300_Shinsa	40320	すべて記載あり	40012837	SMTC_TYPE05	3	初回
michiko.igarashi	SMTC_D_JUDG1_PM	2018/11/20 16:17:58.380	Frm_Dig0300_Shinsa	50710	なし	40012837	SMTC_TYPE05	3	初回
michiko.igarashi	SMTC_D_JUDG1_PM	2018/11/20 16:18:01.563	Frm_Dig0300_Shinsa	50690	なし	40012837	SMTC_TYPE05	3	初回
michiko.igarashi	SMTC_D_JUDG1_PM	2018/11/20 16:18:02.717	Frm_Dig0300_Shinsa	50700	なし	40012837	SMTC_TYPE05	3	初回
michiko.igarashi	SMTC_D_JUDG1_PM	2018/11/20 16:18:07.257	Frm_Dig0300_Shinsa	50730	記載なし	40012837	SMTC_TYPE05	3	初回
michiko.igarashi	SMTC_D_JUDG1_PM	2018/11/20 16:18:11.250	Frm_Dig0300_Shinsa	50740	添付なし	40012837	SMTC_TYPE05	3	初回
michiko.igarashi	SMTC_D_JUDG1_PM	2018/11/20 16:18:13.703	Frm_Dig0300_Shinsa	END	一次審査終了	40012837	SMTC_TYPE05	3	初回
michiko.igarashi	SMTC_D_JUDG1_PM	2018/11/20 16:18:15.138	Frm_Dig0300_Shinsa	START	一次審査開始	40012849	SMTC_TYPE05	2	初回
michiko.igarashi	SMTC_D_JUDG1_PM	2018/11/20 16:18:19.678	Frm_Dig0300_Shinsa	50020	なし	40012849	SMTC_TYPE05	2	初回
michiko.igarashi	SMTC_D_JUDG1_PM	2018/11/20 16:18:22.907	Frm_Dig0300_Shinsa	50110	あり	40012849	SMTC_TYPE05	2	初回
michiko.igarashi	SMTC_D_JUDG1_PM	2018/11/20 16:18:28.461	Frm_Dig0300_Shinsa	50120	訂正がない	40012849	SMTC_TYPE05	2	初回
michiko.igarashi	SMTC_D_JUDG1_PM	2018/11/20 16:18:36.620	Frm_Dig0300_Shinsa	50135	レ点チェックなし、不鮮明	40012849	SMTC_TYPE05	2	初回
michiko.igarashi	SMTC_D_JUDG1_PM	2018/11/20 16:18:38.086	Frm_Dig0300_Shinsa	50140	鮮明、または、捺印なし　	40012849	SMTC_TYPE05	2	初回
michiko.igarashi	SMTC_D_JUDG1_PM	2018/11/20 16:18:39.428	Frm_Dig0300_Shinsa	40110	なし	40012849	SMTC_TYPE05	2	初回
michiko.igarashi	SMTC_D_JUDG1_PM	2018/11/20 16:18:45.730	Frm_Dig0300_Shinsa	40120	書類	40012849	SMTC_TYPE05	2	初回
michiko.igarashi	SMTC_D_JUDG1_PM	2018/11/20 16:18:53.858	Frm_Dig0300_Shinsa	40121	年月日	40012849	SMTC_TYPE05	2	初回
michiko.igarashi	SMTC_D_JUDG1_PM	2018/11/20 16:18:57.352	Frm_Dig0300_Shinsa	40130	書類添付なし	40012849	SMTC_TYPE05	2	初回
michiko.igarashi	SMTC_D_JUDG1_PM	2018/11/20 16:19:00.784	Frm_Dig0300_Shinsa	40170	JP：日本国	40012849	SMTC_TYPE05	2	初回
michiko.igarashi	SMTC_D_JUDG1_PM	2018/11/20 16:19:03.639	Frm_Dig0300_Shinsa	40190	書類	40012849	SMTC_TYPE05	2	初回
michiko.igarashi	SMTC_D_JUDG1_PM	2018/11/20 16:19:08.116	Frm_Dig0300_Shinsa	40200	一致	40012849	SMTC_TYPE05	2	初回
michiko.igarashi	SMTC_D_JUDG1_PM	2018/11/20 16:19:11.314	Frm_Dig0300_Shinsa	40210	一致	40012849	SMTC_TYPE05	2	初回
michiko.igarashi	SMTC_D_JUDG1_PM	2018/11/20 16:19:28.646	Frm_Dig0300_Shinsa	40220	一致	40012849	SMTC_TYPE05	2	初回
michiko.igarashi	SMTC_D_JUDG1_PM	2018/11/20 16:19:35.557	Frm_Dig0300_Shinsa	40250	年月日	40012849	SMTC_TYPE05	2	初回
michiko.igarashi	SMTC_D_JUDG1_PM	2018/11/20 16:19:54.027	Frm_Dig0300_Shinsa	40260	年月日	40012849	SMTC_TYPE05	2	初回
michiko.igarashi	SMTC_D_JUDG1_PM	2018/11/20 16:20:19.502	Frm_Dig0300_Shinsa	40270	00000	40012849	SMTC_TYPE05	2	初回
michiko.igarashi	SMTC_D_JUDG1_PM	2018/11/20 16:20:22.669	Frm_Dig0300_Shinsa	40290	あり	40012849	SMTC_TYPE05	2	初回
michiko.igarashi	SMTC_D_JUDG1_PM	2018/11/20 16:20:29.377	Frm_Dig0300_Shinsa	40300	年月日	40012849	SMTC_TYPE05	2	初回
michiko.igarashi	SMTC_D_JUDG1_PM	2018/11/20 16:20:31.920	Frm_Dig0300_Shinsa	40310	裏面なし／記載なし	40012849	SMTC_TYPE05	2	初回
michiko.igarashi	SMTC_D_JUDG1_PM	2018/11/20 16:20:33.152	Frm_Dig0300_Shinsa	40320	記載なし／裏面なし	40012849	SMTC_TYPE05	2	初回
michiko.igarashi	SMTC_D_JUDG1_PM	2018/11/20 16:20:35.149	Frm_Dig0300_Shinsa	50710	なし	40012849	SMTC_TYPE05	2	初回
michiko.igarashi	SMTC_D_JUDG1_PM	2018/11/20 16:20:41.062	Frm_Dig0300_Shinsa	50690	なし	40012849	SMTC_TYPE05	2	初回
michiko.igarashi	SMTC_D_JUDG1_PM	2018/11/20 16:20:42.060	Frm_Dig0300_Shinsa	50700	なし	40012849	SMTC_TYPE05	2	初回
michiko.igarashi	SMTC_D_JUDG1_PM	2018/11/20 16:20:50.657	Frm_Dig0300_Shinsa	50730	記載なし	40012849	SMTC_TYPE05	2	初回
michiko.igarashi	SMTC_D_JUDG1_PM	2018/11/20 16:20:58.442	Frm_Dig0300_Shinsa	50740	添付なし	40012849	SMTC_TYPE05	2	初回
michiko.igarashi	SMTC_D_JUDG1_PM	2018/11/20 16:21:00.534	Frm_Dig0300_Shinsa	END	一次審査終了	40012849	SMTC_TYPE05	2	初回
michiko.igarashi	SMTC_D_JUDG1_PM	2018/11/20 16:21:02.138	Frm_Dig0300_Shinsa	START	一次審査開始	40012970	SMTC_TYPE05	2	初回
michiko.igarashi	SMTC_D_JUDG1_PM	2018/11/20 16:21:06.631	Frm_Dig0300_Shinsa	50020	なし	40012970	SMTC_TYPE05	2	初回
michiko.igarashi	SMTC_D_JUDG1_PM	2018/11/20 16:21:10.969	Frm_Dig0300_Shinsa	50110	あり	40012970	SMTC_TYPE05	2	初回
michiko.igarashi	SMTC_D_JUDG1_PM	2018/11/20 16:21:17.054	Frm_Dig0300_Shinsa	50120	訂正がない	40012970	SMTC_TYPE05	2	初回
michiko.igarashi	SMTC_D_JUDG1_PM	2018/11/20 16:21:39.911	Frm_Dig0300_Shinsa	50135	レ点チェックなし、不鮮明	40012970	SMTC_TYPE05	2	初回
michiko.igarashi	SMTC_D_JUDG1_PM	2018/11/20 16:21:42.173	Frm_Dig0300_Shinsa	50140	鮮明、または、捺印なし　	40012970	SMTC_TYPE05	2	初回
michiko.igarashi	SMTC_D_JUDG1_PM	2018/11/20 16:21:43.359	Frm_Dig0300_Shinsa	40110	なし	40012970	SMTC_TYPE05	2	初回
michiko.igarashi	SMTC_D_JUDG1_PM	2018/11/20 16:21:49.053	Frm_Dig0300_Shinsa	40120	書類	40012970	SMTC_TYPE05	2	初回
michiko.igarashi	SMTC_D_JUDG1_PM	2018/11/20 16:21:58.633	Frm_Dig0300_Shinsa	40121	年月日	40012970	SMTC_TYPE05	2	初回
michiko.igarashi	SMTC_D_JUDG1_PM	2018/11/20 16:22:01.207	Frm_Dig0300_Shinsa	40130	書類添付なし	40012970	SMTC_TYPE05	2	初回
michiko.igarashi	SMTC_D_JUDG1_PM	2018/11/20 16:22:04.874	Frm_Dig0300_Shinsa	40170	JP：日本国	40012970	SMTC_TYPE05	2	初回
michiko.igarashi	SMTC_D_JUDG1_PM	2018/11/20 16:22:11.286	Frm_Dig0300_Shinsa	40190	書類	40012970	SMTC_TYPE05	2	初回
michiko.igarashi	SMTC_D_JUDG1_PM	2018/11/20 16:22:14.048	Frm_Dig0300_Shinsa	40200	一致	40012970	SMTC_TYPE05	2	初回
michiko.igarashi	SMTC_D_JUDG1_PM	2018/11/20 16:22:24.907	Frm_Dig0300_Shinsa	40210	一致	40012970	SMTC_TYPE05	2	初回
michiko.igarashi	SMTC_D_JUDG1_PM	2018/11/20 16:22:40.462	Frm_Dig0300_Shinsa	40220	一致	40012970	SMTC_TYPE05	2	初回
michiko.igarashi	SMTC_D_JUDG1_PM	2018/11/20 16:24:44.155	Frm_Dig0300_Shinsa	40250	年月日	40012970	SMTC_TYPE05	2	初回
michiko.igarashi	SMTC_D_JUDG1_PM	2018/11/20 16:25:12.597	Frm_Dig0300_Shinsa	40260	年月日	40012970	SMTC_TYPE05	2	初回
michiko.igarashi	SMTC_D_JUDG1_PM	2018/11/20 16:25:33.847	Frm_Dig0300_Shinsa	40270	00000	40012970	SMTC_TYPE05	2	初回
michiko.igarashi	SMTC_D_JUDG1_PM	2018/11/20 16:25:41.055	Frm_Dig0300_Shinsa	40290	あり	40012970	SMTC_TYPE05	2	初回
michiko.igarashi	SMTC_D_JUDG1_PM	2018/11/20 16:25:49.323	Frm_Dig0300_Shinsa	40300	年月日	40012970	SMTC_TYPE05	2	初回
michiko.igarashi	SMTC_D_JUDG1_PM	2018/11/20 16:26:02.350	Frm_Dig0300_Shinsa	40310	あり	40012970	SMTC_TYPE05	2	初回
michiko.igarashi	SMTC_D_JUDG1_PM	2018/11/20 16:26:13.536	Frm_Dig0300_Shinsa	40320	すべて記載あり	40012970	SMTC_TYPE05	2	初回
michiko.igarashi	SMTC_D_JUDG1_PM	2018/11/20 16:26:16.609	Frm_Dig0300_Shinsa	50710	なし	40012970	SMTC_TYPE05	2	初回
michiko.igarashi	SMTC_D_JUDG1_PM	2018/11/20 16:26:22.475	Frm_Dig0300_Shinsa	50690	なし	40012970	SMTC_TYPE05	2	初回
michiko.igarashi	SMTC_D_JUDG1_PM	2018/11/20 16:26:23.708	Frm_Dig0300_Shinsa	50700	なし	40012970	SMTC_TYPE05	2	初回
michiko.igarashi	SMTC_D_JUDG1_PM	2018/11/20 16:26:28.310	Frm_Dig0300_Shinsa	50730	記載なし	40012970	SMTC_TYPE05	2	初回
michiko.igarashi	SMTC_D_JUDG1_PM	2018/11/20 16:26:31.461	Frm_Dig0300_Shinsa	50740	添付なし	40012970	SMTC_TYPE05	2	初回
michiko.igarashi	SMTC_D_JUDG1_PM	2018/11/20 16:26:33.802	Frm_Dig0300_Shinsa	END	一次審査終了	40012970	SMTC_TYPE05	2	初回
michiko.igarashi	SMTC_D_JUDG1_PM	2018/11/20 16:26:35.160	Frm_Dig0300_Shinsa	START	一次審査開始	40012985	SMTC_TYPE05	2	初回
michiko.igarashi	SMTC_D_JUDG1_PM	2018/11/20 16:26:37.859	Frm_Dig0300_Shinsa	50020	なし	40012985	SMTC_TYPE05	2	初回
michiko.igarashi	SMTC_D_JUDG1_PM	2018/11/20 16:26:40.028	Frm_Dig0300_Shinsa	50110	あり	40012985	SMTC_TYPE05	2	初回
michiko.igarashi	SMTC_D_JUDG1_PM	2018/11/20 16:26:54.037	Frm_Dig0300_Shinsa	50120	訂正がない	40012985	SMTC_TYPE05	2	初回
michiko.igarashi	SMTC_D_JUDG1_PM	2018/11/20 16:26:59.341	Frm_Dig0300_Shinsa	50135	レ点チェックあり	40012985	SMTC_TYPE05	2	初回
michiko.igarashi	SMTC_D_JUDG1_PM	2018/11/20 16:27:01.354	Frm_Dig0300_Shinsa	40110	なし	40012985	SMTC_TYPE05	2	初回
michiko.igarashi	SMTC_D_JUDG1_PM	2018/11/20 16:27:05.707	Frm_Dig0300_Shinsa	40120	書類	40012985	SMTC_TYPE05	2	初回
michiko.igarashi	SMTC_D_JUDG1_PM	2018/11/20 16:27:13.257	Frm_Dig0300_Shinsa	40121	年月日	40012985	SMTC_TYPE05	2	初回
michiko.igarashi	SMTC_D_JUDG1_PM	2018/11/20 16:27:18.172	Frm_Dig0300_Shinsa	40130	書類添付なし	40012985	SMTC_TYPE05	2	初回
michiko.igarashi	SMTC_D_JUDG1_PM	2018/11/20 16:27:23.569	Frm_Dig0300_Shinsa	40170	JP：日本国	40012985	SMTC_TYPE05	2	初回
michiko.igarashi	SMTC_D_JUDG1_PM	2018/11/20 16:27:25.925	Frm_Dig0300_Shinsa	40190	書類	40012985	SMTC_TYPE05	2	初回
michiko.igarashi	SMTC_D_JUDG1_PM	2018/11/20 16:27:29.045	Frm_Dig0300_Shinsa	40200	一致	40012985	SMTC_TYPE05	2	初回
michiko.igarashi	SMTC_D_JUDG1_PM	2018/11/20 16:27:33.242	Frm_Dig0300_Shinsa	40210	一致	40012985	SMTC_TYPE05	2	初回
michiko.igarashi	SMTC_D_JUDG1_PM	2018/11/20 16:27:38.531	Frm_Dig0300_Shinsa	40220	一致	40012985	SMTC_TYPE05	2	初回
michiko.igarashi	SMTC_D_JUDG1_PM	2018/11/20 16:27:44.178	Frm_Dig0300_Shinsa	40250	年月日	40012985	SMTC_TYPE05	2	初回
michiko.igarashi	SMTC_D_JUDG1_PM	2018/11/20 16:27:50.169	Frm_Dig0300_Shinsa	40260	年月日	40012985	SMTC_TYPE05	2	初回
michiko.igarashi	SMTC_D_JUDG1_PM	2018/11/20 16:28:14.225	Frm_Dig0300_Shinsa	40270	00000	40012985	SMTC_TYPE05	2	初回
michiko.igarashi	SMTC_D_JUDG1_PM	2018/11/20 16:28:16.487	Frm_Dig0300_Shinsa	40290	あり	40012985	SMTC_TYPE05	2	初回
michiko.igarashi	SMTC_D_JUDG1_PM	2018/11/20 16:28:23.009	Frm_Dig0300_Shinsa	40300	年月日	40012985	SMTC_TYPE05	2	初回
michiko.igarashi	SMTC_D_JUDG1_PM	2018/11/20 16:28:26.316	Frm_Dig0300_Shinsa	40310	裏面なし／記載なし	40012985	SMTC_TYPE05	2	初回
michiko.igarashi	SMTC_D_JUDG1_PM	2018/11/20 16:28:27.221	Frm_Dig0300_Shinsa	40320	記載なし／裏面なし	40012985	SMTC_TYPE05	2	初回
michiko.igarashi	SMTC_D_JUDG1_PM	2018/11/20 16:28:28.609	Frm_Dig0300_Shinsa	50710	なし	40012985	SMTC_TYPE05	2	初回
michiko.igarashi	SMTC_D_JUDG1_PM	2018/11/20 16:28:31.324	Frm_Dig0300_Shinsa	50690	なし	40012985	SMTC_TYPE05	2	初回
michiko.igarashi	SMTC_D_JUDG1_PM	2018/11/20 16:28:32.494	Frm_Dig0300_Shinsa	50700	なし	40012985	SMTC_TYPE05	2	初回
michiko.igarashi	SMTC_D_JUDG1_PM	2018/11/20 16:28:48.251	Frm_Dig0300_Shinsa	50730	記載なし	40012985	SMTC_TYPE05	2	初回
michiko.igarashi	SMTC_D_JUDG1_PM	2018/11/20 16:28:51.620	Frm_Dig0300_Shinsa	50740	添付なし	40012985	SMTC_TYPE05	2	初回
michiko.igarashi	SMTC_D_JUDG1_PM	2018/11/20 16:28:55.466	Frm_Dig0300_Shinsa	END	一次審査終了	40012985	SMTC_TYPE05	2	初回
michiko.igarashi	SMTC_D_JUDG1_PM	2018/11/20 16:29:05.529	Frm_Dig0300_Shinsa	START	一次審査開始	40012063	SMTC_TYPE05	3	初回
michiko.igarashi	SMTC_D_JUDG1_PM	2018/11/20 16:29:12.487	Frm_Dig0300_Shinsa	50020	なし	40012063	SMTC_TYPE05	3	初回
michiko.igarashi	SMTC_D_JUDG1_PM	2018/11/20 16:29:14.406	Frm_Dig0300_Shinsa	50110	あり	40012063	SMTC_TYPE05	3	初回
michiko.igarashi	SMTC_D_JUDG1_PM	2018/11/20 16:29:53.548	Frm_Dig0300_Shinsa	50120	訂正がない	40012063	SMTC_TYPE05	3	初回
michiko.igarashi	SMTC_D_JUDG1_PM	2018/11/20 16:30:01.411	Frm_Dig0300_Shinsa	50135	レ点チェックなし、不鮮明	40012063	SMTC_TYPE05	3	初回
michiko.igarashi	SMTC_D_JUDG1_PM	2018/11/20 16:30:04.406	Frm_Dig0300_Shinsa	50140	鮮明、または、捺印なし　	40012063	SMTC_TYPE05	3	初回
michiko.igarashi	SMTC_D_JUDG1_PM	2018/11/20 16:30:05.701	Frm_Dig0300_Shinsa	40110	なし	40012063	SMTC_TYPE05	3	初回
michiko.igarashi	SMTC_D_JUDG1_PM	2018/11/20 16:30:11.271	Frm_Dig0300_Shinsa	40120	書類	40012063	SMTC_TYPE05	3	初回
michiko.igarashi	SMTC_D_JUDG1_PM	2018/11/20 16:30:19.726	Frm_Dig0300_Shinsa	40121	年月日	40012063	SMTC_TYPE05	3	初回
michiko.igarashi	SMTC_D_JUDG1_PM	2018/11/20 16:30:22.581	Frm_Dig0300_Shinsa	40130	書類添付なし	40012063	SMTC_TYPE05	3	初回
michiko.igarashi	SMTC_D_JUDG1_PM	2018/11/20 16:30:25.233	Frm_Dig0300_Shinsa	40170	JP：日本国	40012063	SMTC_TYPE05	3	初回
michiko.igarashi	SMTC_D_JUDG1_PM	2018/11/20 16:30:28.275	Frm_Dig0300_Shinsa	40190	書類	40012063	SMTC_TYPE05	3	初回
michiko.igarashi	SMTC_D_JUDG1_PM	2018/11/20 16:30:47.012	Frm_Dig0300_Shinsa	40200	一致	40012063	SMTC_TYPE05	3	初回
michiko.igarashi	SMTC_D_JUDG1_PM	2018/11/20 16:30:49.664	Frm_Dig0300_Shinsa	40210	一致	40012063	SMTC_TYPE05	3	初回
michiko.igarashi	SMTC_D_JUDG1_PM	2018/11/20 16:30:56.700	Frm_Dig0300_Shinsa	40220	一致	40012063	SMTC_TYPE05	3	初回
michiko.igarashi	SMTC_D_JUDG1_PM	2018/11/20 16:31:16.590	Frm_Dig0300_Shinsa	40250	年月日	40012063	SMTC_TYPE05	3	初回
michiko.igarashi	SMTC_D_JUDG1_PM	2018/11/20 16:31:23.844	Frm_Dig0300_Shinsa	40260	年月日	40012063	SMTC_TYPE05	3	初回
michiko.igarashi	SMTC_D_JUDG1_PM	2018/11/20 16:31:40.802	Frm_Dig0300_Shinsa	40270	00000	40012063	SMTC_TYPE05	3	初回
michiko.igarashi	SMTC_D_JUDG1_PM	2018/11/20 16:31:43.110	Frm_Dig0300_Shinsa	40290	あり	40012063	SMTC_TYPE05	3	初回
michiko.igarashi	SMTC_D_JUDG1_PM	2018/11/20 16:31:52.611	Frm_Dig0300_Shinsa	40300	年月日	40012063	SMTC_TYPE05	3	初回
michiko.igarashi	SMTC_D_JUDG1_PM	2018/11/20 16:32:01.300	Frm_Dig0300_Shinsa	40310	裏面なし／記載なし	40012063	SMTC_TYPE05	3	初回
michiko.igarashi	SMTC_D_JUDG1_PM	2018/11/20 16:32:02.860	Frm_Dig0300_Shinsa	40320	記載なし／裏面なし	40012063	SMTC_TYPE05	3	初回
michiko.igarashi	SMTC_D_JUDG1_PM	2018/11/20 16:32:14.966	Frm_Dig0300_Shinsa	40400	三菱自動車工業株式会社	40012063	SMTC_TYPE05	3	初回
michiko.igarashi	SMTC_D_JUDG1_PM	2018/11/20 16:32:18.820	Frm_Dig0300_Shinsa	40320	記載なし／裏面なし	40012063	SMTC_TYPE05	3	初回
michiko.igarashi	SMTC_D_JUDG1_PM	2018/11/20 16:32:37.477	Frm_Dig0300_Shinsa	40400	添付あり	40012063	SMTC_TYPE05	3	初回
michiko.igarashi	SMTC_D_JUDG1_PM	2018/11/20 16:33:05.886	Frm_Dig0300_Shinsa	40410	一致	40012063	SMTC_TYPE05	3	初回
michiko.igarashi	SMTC_D_JUDG1_PM	2018/11/20 16:33:07.586	Frm_Dig0300_Shinsa	40440	あり	40012063	SMTC_TYPE05	3	初回
michiko.igarashi	SMTC_D_JUDG1_PM	2018/11/20 16:33:08.772	Frm_Dig0300_Shinsa	40450	一致	40012063	SMTC_TYPE05	3	初回
michiko.igarashi	SMTC_D_JUDG1_PM	2018/11/20 16:33:10.566	Frm_Dig0300_Shinsa	50710	なし	40012063	SMTC_TYPE05	3	初回
michiko.igarashi	SMTC_D_JUDG1_PM	2018/11/20 16:33:21.564	Frm_Dig0300_Shinsa	50690	なし	40012063	SMTC_TYPE05	3	初回
michiko.igarashi	SMTC_D_JUDG1_PM	2018/11/20 16:33:22.594	Frm_Dig0300_Shinsa	50700	なし	40012063	SMTC_TYPE05	3	初回
michiko.igarashi	SMTC_D_JUDG1_PM	2018/11/20 16:33:25.979	Frm_Dig0300_Shinsa	50730	記載なし	40012063	SMTC_TYPE05	3	初回
michiko.igarashi	SMTC_D_JUDG1_PM	2018/11/20 16:33:40.659	Frm_Dig0300_Shinsa	50740	添付なし	40012063	SMTC_TYPE05	3	初回
michiko.igarashi	SMTC_D_JUDG1_PM	2018/11/20 16:33:43.874	Frm_Dig0300_Shinsa	END	一次審査終了	40012063	SMTC_TYPE05	3	初回
michiko.igarashi	SMTC_D_JUDG1_PM	2018/11/20 16:33:45.278	Frm_Dig0300_Shinsa	START	一次審査開始	40012232	SMTC_TYPE05	1	初回
michiko.igarashi	SMTC_D_JUDG1_PM	2018/11/20 16:33:55.153	Frm_Dig0300_Shinsa	50020	なし	40012232	SMTC_TYPE05	1	初回
michiko.igarashi	SMTC_D_JUDG1_PM	2018/11/20 16:33:57.961	Frm_Dig0300_Shinsa	50110	あり	40012232	SMTC_TYPE05	1	初回
michiko.igarashi	SMTC_D_JUDG1_PM	2018/11/20 16:34:02.126	Frm_Dig0300_Shinsa	50120	訂正がない	40012232	SMTC_TYPE05	1	初回
michiko.igarashi	SMTC_D_JUDG1_PM	2018/11/20 16:34:56.228	Frm_Dig0300_Shinsa	50750	対象外の金融機関を指定	40012232	SMTC_TYPE05	1	初回
michiko.igarashi	SMTC_D_JUDG1_PM	2018/11/20 16:35:01.345	Frm_Dig0300_Shinsa	50135	レ点チェックなし、不鮮明	40012232	SMTC_TYPE05	1	初回
michiko.igarashi	SMTC_D_JUDG1_PM	2018/11/20 16:35:03.638	Frm_Dig0300_Shinsa	50140	鮮明、または、捺印なし　	40012232	SMTC_TYPE05	1	初回
michiko.igarashi	SMTC_D_JUDG1_PM	2018/11/20 16:35:05.978	Frm_Dig0300_Shinsa	40110	なし	40012232	SMTC_TYPE05	1	初回
michiko.igarashi	SMTC_D_JUDG1_PM	2018/11/20 16:35:26.805	Frm_Dig0300_Shinsa	40120	書類添付なし	40012232	SMTC_TYPE05	1	初回
michiko.igarashi	SMTC_D_JUDG1_PM	2018/11/20 16:35:29.519	Frm_Dig0300_Shinsa	50710	なし	40012232	SMTC_TYPE05	1	初回
michiko.igarashi	SMTC_D_JUDG1_PM	2018/11/20 16:35:33.232	Frm_Dig0300_Shinsa	50690	なし	40012232	SMTC_TYPE05	1	初回
michiko.igarashi	SMTC_D_JUDG1_PM	2018/11/20 16:35:34.636	Frm_Dig0300_Shinsa	50700	なし	40012232	SMTC_TYPE05	1	初回
michiko.igarashi	SMTC_D_JUDG1_PM	2018/11/20 16:35:43.747	Frm_Dig0300_Shinsa	50730	記載なし	40012232	SMTC_TYPE05	1	初回
michiko.igarashi	SMTC_D_JUDG1_PM	2018/11/20 16:35:59.472	Frm_Dig0300_Shinsa	50740	添付なし	40012232	SMTC_TYPE05	1	初回
michiko.igarashi	SMTC_D_JUDG1_PM	2018/11/20 16:36:08.403	Frm_Dig0300_Shinsa	END	一次審査終了	40012232	SMTC_TYPE05	1	初回
michiko.igarashi	SMTC_D_JUDG1_PM	2018/11/20 16:36:10.088	Frm_Dig0300_Shinsa	START	一次審査開始	40012390	SMTC_TYPE05	4	初回
michiko.igarashi	SMTC_D_JUDG1_PM	2018/11/20 16:36:16.187	Frm_Dig0300_Shinsa	50020	なし	40012390	SMTC_TYPE05	4	初回
michiko.igarashi	SMTC_D_JUDG1_PM	2018/11/20 16:36:18.606	Frm_Dig0300_Shinsa	50110	あり	40012390	SMTC_TYPE05	4	初回
michiko.igarashi	SMTC_D_JUDG1_PM	2018/11/20 16:36:22.334	Frm_Dig0300_Shinsa	50120	訂正がない	40012390	SMTC_TYPE05	4	初回
michiko.igarashi	SMTC_D_JUDG1_PM	2018/11/20 16:36:24.331	Frm_Dig0300_Shinsa	50135	レ点チェックなし、不鮮明	40012390	SMTC_TYPE05	4	初回
michiko.igarashi	SMTC_D_JUDG1_PM	2018/11/20 16:36:26.047	Frm_Dig0300_Shinsa	50140	鮮明、または、捺印なし　	40012390	SMTC_TYPE05	4	初回
michiko.igarashi	SMTC_D_JUDG1_PM	2018/11/20 16:36:33.831	Frm_Dig0300_Shinsa	40110	なし	40012390	SMTC_TYPE05	4	初回
michiko.igarashi	SMTC_D_JUDG1_PM	2018/11/20 16:36:44.517	Frm_Dig0300_Shinsa	40120	書類	40012390	SMTC_TYPE05	4	初回
michiko.igarashi	SMTC_D_JUDG1_PM	2018/11/20 16:36:59.587	Frm_Dig0300_Shinsa	40121	年月日	40012390	SMTC_TYPE05	4	初回
michiko.igarashi	SMTC_D_JUDG1_PM	2018/11/20 16:37:04.673	Frm_Dig0300_Shinsa	40130	書類添付なし	40012390	SMTC_TYPE05	4	初回
michiko.igarashi	SMTC_D_JUDG1_PM	2018/11/20 16:37:12.738	Frm_Dig0300_Shinsa	40170	JP：日本国	40012390	SMTC_TYPE05	4	初回
michiko.igarashi	SMTC_D_JUDG1_PM	2018/11/20 16:37:26.404	Frm_Dig0300_Shinsa	40190	書類	40012390	SMTC_TYPE05	4	初回
michiko.igarashi	SMTC_D_JUDG1_PM	2018/11/20 16:37:41.645	Frm_Dig0300_Shinsa	40200	一致	40012390	SMTC_TYPE05	4	初回
michiko.igarashi	SMTC_D_JUDG1_PM	2018/11/20 16:37:44.984	Frm_Dig0300_Shinsa	40210	一致	40012390	SMTC_TYPE05	4	初回
michiko.igarashi	SMTC_D_JUDG1_PM	2018/11/20 16:38:06.278	Frm_Dig0300_Shinsa	40220	不一致・見切れ・不鮮明	40012390	SMTC_TYPE05	4	初回
michiko.igarashi	SMTC_D_JUDG1_PM	2018/11/20 16:38:15.420	Frm_Dig0300_Shinsa	40230	なし	40012390	SMTC_TYPE05	4	初回
michiko.igarashi	SMTC_D_JUDG1_PM	2018/11/20 16:38:42.783	Frm_Dig0300_Shinsa	40250	年月日	40012390	SMTC_TYPE05	4	初回
michiko.igarashi	SMTC_D_JUDG1_PM	2018/11/20 16:38:53.734	Frm_Dig0300_Shinsa	40260	年月日	40012390	SMTC_TYPE05	4	初回
michiko.igarashi	SMTC_D_JUDG1_PM	2018/11/20 16:39:05.684	Frm_Dig0300_Shinsa	40270	00000	40012390	SMTC_TYPE05	4	初回
michiko.igarashi	SMTC_D_JUDG1_PM	2018/11/20 16:39:08.226	Frm_Dig0300_Shinsa	40290	あり	40012390	SMTC_TYPE05	4	初回
michiko.igarashi	SMTC_D_JUDG1_PM	2018/11/20 16:39:14.654	Frm_Dig0300_Shinsa	40300	年月日	40012390	SMTC_TYPE05	4	初回
michiko.igarashi	SMTC_D_JUDG1_PM	2018/11/20 16:39:26.338	Frm_Dig0300_Shinsa	40310	裏面なし／記載なし	40012390	SMTC_TYPE05	4	初回
michiko.igarashi	SMTC_D_JUDG1_PM	2018/11/20 16:39:27.914	Frm_Dig0300_Shinsa	40320	記載なし／裏面なし	40012390	SMTC_TYPE05	4	初回
michiko.igarashi	SMTC_D_JUDG1_PM	2018/11/20 16:39:32.578	Frm_Dig0300_Shinsa	40400	添付あり	40012390	SMTC_TYPE05	4	初回
michiko.igarashi	SMTC_D_JUDG1_PM	2018/11/20 16:39:49.598	Frm_Dig0300_Shinsa	40410	一致	40012390	SMTC_TYPE05	4	初回
michiko.igarashi	SMTC_D_JUDG1_PM	2018/11/20 16:39:55.167	Frm_Dig0300_Shinsa	40440	あり	40012390	SMTC_TYPE05	4	初回
michiko.igarashi	SMTC_D_JUDG1_PM	2018/11/20 16:39:57.476	Frm_Dig0300_Shinsa	40450	一致	40012390	SMTC_TYPE05	4	初回
michiko.igarashi	SMTC_D_JUDG1_PM	2018/11/20 16:39:59.068	Frm_Dig0300_Shinsa	50710	なし	40012390	SMTC_TYPE05	4	初回
michiko.igarashi	SMTC_D_JUDG1_PM	2018/11/20 16:40:01.111	Frm_Dig0300_Shinsa	50690	なし	40012390	SMTC_TYPE05	4	初回
michiko.igarashi	SMTC_D_JUDG1_PM	2018/11/20 16:40:02.468	Frm_Dig0300_Shinsa	50700	なし	40012390	SMTC_TYPE05	4	初回
michiko.igarashi	SMTC_D_JUDG1_PM	2018/11/20 16:40:07.819	Frm_Dig0300_Shinsa	50730	記載なし	40012390	SMTC_TYPE05	4	初回
michiko.igarashi	SMTC_D_JUDG1_PM	2018/11/20 16:40:11.860	Frm_Dig0300_Shinsa	50740	添付なし	40012390	SMTC_TYPE05	4	初回
michiko.igarashi	SMTC_D_JUDG1_PM	2018/11/20 16:40:18.140	Frm_Dig0300_Shinsa	END	一次審査終了	40012390	SMTC_TYPE05	4	初回
michiko.igarashi	SMTC_D_JUDG1_PM	2018/11/20 16:40:21.229	Frm_Dig0300_Shinsa	START	一次審査開始	40012414	SMTC_TYPE05	3	初回
michiko.igarashi	SMTC_D_JUDG1_PM	2018/11/20 16:40:28.670	Frm_Dig0300_Shinsa	50020	なし	40012414	SMTC_TYPE05	3	初回
michiko.igarashi	SMTC_D_JUDG1_PM	2018/11/20 16:40:32.352	Frm_Dig0300_Shinsa	50110	あり	40012414	SMTC_TYPE05	3	初回
michiko.igarashi	SMTC_D_JUDG1_PM	2018/11/20 16:40:39.996	Frm_Dig0300_Shinsa	50120	訂正がない	40012414	SMTC_TYPE05	3	初回
michiko.igarashi	SMTC_D_JUDG1_PM	2018/11/20 16:40:42.305	Frm_Dig0300_Shinsa	50135	レ点チェックなし、不鮮明	40012414	SMTC_TYPE05	3	初回
michiko.igarashi	SMTC_D_JUDG1_PM	2018/11/20 16:40:45.019	Frm_Dig0300_Shinsa	50140	鮮明、または、捺印なし　	40012414	SMTC_TYPE05	3	初回
michiko.igarashi	SMTC_D_JUDG1_PM	2018/11/20 16:40:46.361	Frm_Dig0300_Shinsa	40110	なし	40012414	SMTC_TYPE05	3	初回
michiko.igarashi	SMTC_D_JUDG1_PM	2018/11/20 16:40:55.300	Frm_Dig0300_Shinsa	40120	書類	40012414	SMTC_TYPE05	3	初回
michiko.igarashi	SMTC_D_JUDG1_PM	2018/11/20 16:41:05.861	Frm_Dig0300_Shinsa	40121	年月日	40012414	SMTC_TYPE05	3	初回
michiko.igarashi	SMTC_D_JUDG1_PM	2018/11/20 16:41:09.480	Frm_Dig0300_Shinsa	40130	書類添付なし	40012414	SMTC_TYPE05	3	初回
michiko.igarashi	SMTC_D_JUDG1_PM	2018/11/20 16:41:12.475	Frm_Dig0300_Shinsa	40170	JP：日本国	40012414	SMTC_TYPE05	3	初回
michiko.igarashi	SMTC_D_JUDG1_PM	2018/11/20 16:41:14.956	Frm_Dig0300_Shinsa	40190	書類	40012414	SMTC_TYPE05	3	初回
michiko.igarashi	SMTC_D_JUDG1_PM	2018/11/20 16:41:20.775	Frm_Dig0300_Shinsa	40200	一致	40012414	SMTC_TYPE05	3	初回
michiko.igarashi	SMTC_D_JUDG1_PM	2018/11/20 16:41:23.817	Frm_Dig0300_Shinsa	40210	一致	40012414	SMTC_TYPE05	3	初回
michiko.igarashi	SMTC_D_JUDG1_PM	2018/11/20 16:41:46.608	Frm_Dig0300_Shinsa	40220	一致	40012414	SMTC_TYPE05	3	初回
michiko.igarashi	SMTC_D_JUDG1_PM	2018/11/20 16:42:08.449	Frm_Dig0300_Shinsa	40250	年月日	40012414	SMTC_TYPE05	3	初回
michiko.igarashi	SMTC_D_JUDG1_PM	2018/11/20 16:42:13.269	Frm_Dig0300_Shinsa	40260	年月日	40012414	SMTC_TYPE05	3	初回
michiko.igarashi	SMTC_D_JUDG1_PM	2018/11/20 16:42:24.735	Frm_Dig0300_Shinsa	40270	00000	40012414	SMTC_TYPE05	3	初回
michiko.igarashi	SMTC_D_JUDG1_PM	2018/11/20 16:42:27.044	Frm_Dig0300_Shinsa	40290	あり	40012414	SMTC_TYPE05	3	初回
michiko.igarashi	SMTC_D_JUDG1_PM	2018/11/20 16:42:34.189	Frm_Dig0300_Shinsa	40300	年月日	40012414	SMTC_TYPE05	3	初回
michiko.igarashi	SMTC_D_JUDG1_PM	2018/11/20 16:42:40.600	Frm_Dig0300_Shinsa	40310	裏面なし／記載なし	40012414	SMTC_TYPE05	3	初回
michiko.igarashi	SMTC_D_JUDG1_PM	2018/11/20 16:42:43.174	Frm_Dig0300_Shinsa	40320	記載なし／裏面なし	40012414	SMTC_TYPE05	3	初回
michiko.igarashi	SMTC_D_JUDG1_PM	2018/11/20 16:43:25.466	Frm_Dig0300_Shinsa	40400	添付あり	40012414	SMTC_TYPE05	3	初回
michiko.igarashi	SMTC_D_JUDG1_PM	2018/11/20 16:43:39.694	Frm_Dig0300_Shinsa	40410	一致	40012414	SMTC_TYPE05	3	初回
michiko.igarashi	SMTC_D_JUDG1_PM	2018/11/20 16:44:07.649	Frm_Dig0300_Shinsa	40420	あり、またはカード確認書に承認印あり	40012414	SMTC_TYPE05	3	初回
michiko.igarashi	SMTC_D_JUDG1_PM	2018/11/20 16:44:11.830	Frm_Dig0300_Shinsa	50710	なし	40012414	SMTC_TYPE05	3	初回
michiko.igarashi	SMTC_D_JUDG1_PM	2018/11/20 16:44:19.224	Frm_Dig0300_Shinsa	50690	なし	40012414	SMTC_TYPE05	3	初回
michiko.igarashi	SMTC_D_JUDG1_PM	2018/11/20 16:44:20.191	Frm_Dig0300_Shinsa	50700	なし	40012414	SMTC_TYPE05	3	初回
michiko.igarashi	SMTC_D_JUDG1_PM	2018/11/20 16:44:24.544	Frm_Dig0300_Shinsa	50730	記載なし	40012414	SMTC_TYPE05	3	初回
michiko.igarashi	SMTC_D_JUDG1_PM	2018/11/20 16:44:30.051	Frm_Dig0300_Shinsa	50740	添付なし	40012414	SMTC_TYPE05	3	初回
michiko.igarashi	SMTC_D_JUDG1_PM	2018/11/20 16:44:35.581	Frm_Dig0300_Shinsa	END	一次審査終了	40012414	SMTC_TYPE05	3	初回
michiko.igarashi	SMTC_D_JUDG2_PM	2018/11/20 16:44:54.422	Frm_Dig0300_Shinsa	START	二次審査開始	50007849	SMTC_TYPE04	8	初回
michiko.igarashi	SMTC_D_JUDG2_PM	2018/11/20 16:45:03.751	Frm_Dig0300_Shinsa	10010	通常申込書	50007849	SMTC_TYPE04	8	初回
michiko.igarashi	SMTC_D_JUDG2_PM	2018/11/20 16:45:10.521	Frm_Dig0300_Shinsa	10020	あり	50007849	SMTC_TYPE04	8	初回
michiko.igarashi	SMTC_D_JUDG2_PM	2018/11/20 16:45:16.948	Frm_Dig0300_Shinsa	10630	なし	50007849	SMTC_TYPE04	8	初回
michiko.igarashi	SMTC_D_JUDG2_PM	2018/11/20 16:45:22.018	Frm_Dig0300_Shinsa	10030	訂正がない	50007849	SMTC_TYPE04	8	初回
michiko.igarashi	SMTC_D_JUDG2_PM	2018/11/20 16:45:24.608	Frm_Dig0300_Shinsa	10040	法人口座	50007849	SMTC_TYPE04	8	初回
michiko.igarashi	SMTC_D_JUDG2_PM	2018/11/20 16:45:33.406	Frm_Dig0300_Shinsa	10050	法人口座	50007849	SMTC_TYPE04	8	初回
michiko.igarashi	SMTC_D_JUDG2_PM	2018/11/20 16:45:38.492	Frm_Dig0300_Shinsa	10750	対象外の金融機関を指定	50007849	SMTC_TYPE04	8	初回
michiko.igarashi	SMTC_D_JUDG2_PM	2018/11/20 16:45:55.387	Frm_Dig0300_Shinsa	10070	鮮明、または、捺印なし　	50007849	SMTC_TYPE04	8	初回
michiko.igarashi	SMTC_D_JUDG2_PM	2018/11/20 16:46:08.678	Frm_Dig0300_Shinsa	10640	なし	50007849	SMTC_TYPE04	8	初回
michiko.igarashi	SMTC_D_JUDG2_PM	2018/11/20 16:46:11.954	Frm_Dig0300_Shinsa	10080	あり	50007849	SMTC_TYPE04	8	初回
michiko.igarashi	SMTC_D_JUDG2_PM	2018/11/20 16:46:16.416	Frm_Dig0300_Shinsa	10700	あり	50007849	SMTC_TYPE04	8	初回
michiko.igarashi	SMTC_D_JUDG2_PM	2018/11/20 16:46:25.214	Frm_Dig0300_Shinsa	10090	訂正がない	50007849	SMTC_TYPE04	8	初回
michiko.igarashi	SMTC_D_JUDG2_PM	2018/11/20 16:46:27.882	Frm_Dig0300_Shinsa	10110	鮮明、または、捺印なし　	50007849	SMTC_TYPE04	8	初回
michiko.igarashi	SMTC_D_JUDG2_PM	2018/11/20 16:46:33.514	Frm_Dig0300_Shinsa	10620	あり	50007849	SMTC_TYPE04	8	初回
michiko.igarashi	SMTC_D_JUDG2_PM	2018/11/20 17:06:04.933	Frm_Dig0300_Shinsa	10120	書類	50007849	SMTC_TYPE04	8	初回
michiko.igarashi	SMTC_D_JUDG2_PM	2018/11/20 17:06:11.469	Frm_Dig0300_Shinsa	10121	年月日	50007849	SMTC_TYPE04	8	初回
michiko.igarashi	SMTC_D_JUDG2_PM	2018/11/20 17:06:19.675	Frm_Dig0300_Shinsa	10130	給与源泉徴収票	50007849	SMTC_TYPE04	8	初回
michiko.igarashi	SMTC_D_JUDG2_PM	2018/11/20 17:08:42.650	Frm_Dig0300_Shinsa	10131	20180101	50007849	SMTC_TYPE04	8	初回
michiko.igarashi	SMTC_D_JUDG2_PM	2018/11/20 17:09:00.278	Frm_Dig0300_Shinsa	10132	6600000	50007849	SMTC_TYPE04	8	初回
michiko.igarashi	SMTC_D_JUDG2_PM	2018/11/20 17:09:03.164	Frm_Dig0300_Shinsa	10133	NO	50007849	SMTC_TYPE04	8	初回
michiko.igarashi	SMTC_D_JUDG2_PM	2018/11/20 17:12:08.087	Frm_Dig0300_Shinsa	10140		50007849	SMTC_TYPE04	8	初回
michiko.igarashi	SMTC_D_JUDG2_PM	2018/11/20 17:12:10.521	Frm_Dig0300_Shinsa	10133		50007849	SMTC_TYPE04	8	初回
michiko.igarashi	SMTC_D_JUDG2_PM	2018/11/20 17:12:12.611	Frm_Dig0300_Shinsa	10132		50007849	SMTC_TYPE04	8	初回
michiko.igarashi	SMTC_D_JUDG2_PM	2018/11/20 17:12:15.419	Frm_Dig0300_Shinsa	10131		50007849	SMTC_TYPE04	8	初回
michiko.igarashi	SMTC_D_JUDG2_PM	2018/11/20 17:17:45.166	Frm_Dig0300_Shinsa	10130	SV確認	50007849	SMTC_TYPE04	8	初回
michiko.igarashi	SMTC_D_JUDG2_PM	2018/11/20 17:17:45.197	Frm_Dig0300_Shinsa	END	二次審査終了	50007849	SMTC_TYPE04	8	初回
michiko.igarashi	SMTC_D_JUDG2_PM	2018/11/20 17:17:48.239	Frm_Dig0300_Shinsa	START	二次審査開始	50007850	SMTC_TYPE04	5	初回
michiko.igarashi	SMTC_D_JUDG2_PM	2018/11/20 17:17:49.862	Frm_Dig0300_Shinsa	10010	通常申込書	50007850	SMTC_TYPE04	5	初回
michiko.igarashi	SMTC_D_JUDG2_PM	2018/11/20 17:17:55.868	Frm_Dig0300_Shinsa	10020	なし	50007850	SMTC_TYPE04	5	初回
michiko.igarashi	SMTC_D_JUDG2_PM	2018/11/20 17:18:01.858	Frm_Dig0300_Shinsa	10640	なし	50007850	SMTC_TYPE04	5	初回
michiko.igarashi	SMTC_D_JUDG2_PM	2018/11/20 17:18:03.278	Frm_Dig0300_Shinsa	10080	あり	50007850	SMTC_TYPE04	5	初回
michiko.igarashi	SMTC_D_JUDG2_PM	2018/11/20 17:18:16.101	Frm_Dig0300_Shinsa	10700	なし	50007850	SMTC_TYPE04	5	初回
michiko.igarashi	SMTC_D_JUDG2_PM	2018/11/20 17:18:22.138	Frm_Dig0300_Shinsa	10090	訂正がない	50007850	SMTC_TYPE04	5	初回
michiko.igarashi	SMTC_D_JUDG2_PM	2018/11/20 17:18:23.761	Frm_Dig0300_Shinsa	10110	鮮明、または、捺印なし　	50007850	SMTC_TYPE04	5	初回
michiko.igarashi	SMTC_D_JUDG2_PM	2018/11/20 17:18:25.789	Frm_Dig0300_Shinsa	10620	なし	50007850	SMTC_TYPE04	5	初回
michiko.igarashi	SMTC_D_JUDG2_PM	2018/11/20 17:18:35.539	Frm_Dig0300_Shinsa	10120	書類	50007850	SMTC_TYPE04	5	初回
michiko.igarashi	SMTC_D_JUDG2_PM	2018/11/20 17:18:44.790	Frm_Dig0300_Shinsa	10121	年月日	50007850	SMTC_TYPE04	5	初回
michiko.igarashi	SMTC_D_JUDG2_PM	2018/11/20 17:18:50.515	Frm_Dig0300_Shinsa	10130	書類添付なし	50007850	SMTC_TYPE04	5	初回
michiko.igarashi	SMTC_D_JUDG2_PM	2018/11/20 17:18:52.777	Frm_Dig0300_Shinsa	10170	JP：日本国	50007850	SMTC_TYPE04	5	初回
michiko.igarashi	SMTC_D_JUDG2_PM	2018/11/20 17:18:55.522	Frm_Dig0300_Shinsa	10190	書類	50007850	SMTC_TYPE04	5	初回
michiko.igarashi	SMTC_D_JUDG2_PM	2018/11/20 17:19:08.564	Frm_Dig0300_Shinsa	10200	一致	50007850	SMTC_TYPE04	5	初回
michiko.igarashi	SMTC_D_JUDG2_PM	2018/11/20 17:19:27.003	Frm_Dig0300_Shinsa	10210	一致	50007850	SMTC_TYPE04	5	初回
michiko.igarashi	SMTC_D_JUDG2_PM	2018/11/20 17:19:53.508	Frm_Dig0300_Shinsa	10220	一致	50007850	SMTC_TYPE04	5	初回
michiko.igarashi	SMTC_D_JUDG2_PM	2018/11/20 17:20:07.642	Frm_Dig0300_Shinsa	10250	年月日	50007850	SMTC_TYPE04	5	初回
michiko.igarashi	SMTC_D_JUDG2_PM	2018/11/20 17:20:12.915	Frm_Dig0300_Shinsa	10260	年月日	50007850	SMTC_TYPE04	5	初回
michiko.igarashi	SMTC_D_JUDG2_PM	2018/11/20 17:20:22.867	Frm_Dig0300_Shinsa	10270	00000	50007850	SMTC_TYPE04	5	初回
michiko.igarashi	SMTC_D_JUDG2_PM	2018/11/20 17:20:24.833	Frm_Dig0300_Shinsa	10290	あり	50007850	SMTC_TYPE04	5	初回
michiko.igarashi	SMTC_D_JUDG2_PM	2018/11/20 17:20:32.149	Frm_Dig0300_Shinsa	10300	年月日	50007850	SMTC_TYPE04	5	初回
michiko.igarashi	SMTC_D_JUDG2_PM	2018/11/20 17:21:36.671	Frm_Dig0300_Shinsa	10310	あり	50007850	SMTC_TYPE04	5	初回
michiko.igarashi	SMTC_D_JUDG2_PM	2018/11/20 17:21:41.539	Frm_Dig0300_Shinsa	10320	すべて記載あり	50007850	SMTC_TYPE04	5	初回
michiko.igarashi	SMTC_D_JUDG2_PM	2018/11/20 17:21:49.167	Frm_Dig0300_Shinsa	10370	なし	50007850	SMTC_TYPE04	5	初回
michiko.igarashi	SMTC_D_JUDG2_PM	2018/11/20 17:21:59.494	Frm_Dig0300_Shinsa	10470	取締役・役員・理事	50007850	SMTC_TYPE04	5	初回
michiko.igarashi	SMTC_D_JUDG2_PM	2018/11/20 17:23:04.126	Frm_Dig0300_Shinsa	10480		50007850	SMTC_TYPE04	5	初回
michiko.igarashi	SMTC_D_JUDG2_PM	2018/11/20 17:23:05.358	Frm_Dig0300_Shinsa	10470		50007850	SMTC_TYPE04	5	初回
michiko.igarashi	SMTC_D_JUDG2_PM	2018/11/20 17:23:07.370	Frm_Dig0300_Shinsa	10370		50007850	SMTC_TYPE04	5	初回
michiko.igarashi	SMTC_D_JUDG2_PM	2018/11/20 17:23:10.584	Frm_Dig0300_Shinsa	10320		50007850	SMTC_TYPE04	5	初回
michiko.igarashi	SMTC_D_JUDG2_PM	2018/11/20 17:23:40.489	Frm_Dig0300_Shinsa	10310	あり	50007850	SMTC_TYPE04	5	初回
michiko.igarashi	SMTC_D_JUDG2_PM	2018/11/20 17:23:44.015	Frm_Dig0300_Shinsa	10320	すべて記載あり	50007850	SMTC_TYPE04	5	初回
michiko.igarashi	SMTC_D_JUDG2_PM	2018/11/20 17:23:49.631	Frm_Dig0300_Shinsa	10370	なし	50007850	SMTC_TYPE04	5	初回
michiko.igarashi	SMTC_D_JUDG2_PM	2018/11/20 17:23:54.935	Frm_Dig0300_Shinsa	10470	取締役・役員・理事	50007850	SMTC_TYPE04	5	初回
michiko.igarashi	SMTC_D_JUDG2_PM	2018/11/20 17:23:57.026	Frm_Dig0300_Shinsa	10480	添付なし	50007850	SMTC_TYPE04	5	初回
michiko.igarashi	SMTC_D_JUDG2_PM	2018/11/20 17:24:04.498	Frm_Dig0300_Shinsa	10710	なし	50007850	SMTC_TYPE04	5	初回
michiko.igarashi	SMTC_D_JUDG2_PM	2018/11/20 17:24:08.663	Frm_Dig0300_Shinsa	10450	なし	50007850	SMTC_TYPE04	5	初回
michiko.igarashi	SMTC_D_JUDG2_PM	2018/11/20 17:24:10.270	Frm_Dig0300_Shinsa	10610	あり	50007850	SMTC_TYPE04	5	初回
michiko.igarashi	SMTC_D_JUDG2_PM	2018/11/20 17:24:16.323	Frm_Dig0300_Shinsa	10730	記載あり	50007850	SMTC_TYPE04	5	初回
michiko.igarashi	SMTC_D_JUDG2_PM	2018/11/20 17:24:22.984	Frm_Dig0300_Shinsa	10740	添付なし	50007850	SMTC_TYPE04	5	初回
michiko.igarashi	SMTC_D_JUDG2_PM	2018/11/20 17:24:28.803	Frm_Dig0300_Shinsa	10770	あり（氏名が申込書と一致する）	50007850	SMTC_TYPE04	5	初回
michiko.igarashi	SMTC_D_JUDG2_PM	2018/11/20 17:24:30.925	Frm_Dig0300_Shinsa	10460		50007850	SMTC_TYPE04	5	初回
michiko.igarashi	SMTC_D_JUDG2_PM	2018/11/20 17:24:33.766	Frm_Dig0300_Shinsa	END	二次審査終了	50007850	SMTC_TYPE04	5	初回
michiko.igarashi	SMTC_D_JUDG2_PM	2018/11/20 17:24:35.565	Frm_Dig0300_Shinsa	START	二次審査開始	50007851	SMTC_TYPE04	5	初回
michiko.igarashi	SMTC_D_JUDG2_PM	2018/11/20 17:24:39.184	Frm_Dig0300_Shinsa	10010	通常申込書	50007851	SMTC_TYPE04	5	初回
michiko.igarashi	SMTC_D_JUDG2_PM	2018/11/20 17:24:43.240	Frm_Dig0300_Shinsa	10020	なし	50007851	SMTC_TYPE04	5	初回
michiko.igarashi	SMTC_D_JUDG2_PM	2018/11/20 17:24:45.658	Frm_Dig0300_Shinsa	10640	なし	50007851	SMTC_TYPE04	5	初回
michiko.igarashi	SMTC_D_JUDG2_PM	2018/11/20 17:24:53.240	Frm_Dig0300_Shinsa	10080	あり	50007851	SMTC_TYPE04	5	初回
michiko.igarashi	SMTC_D_JUDG2_PM	2018/11/20 17:25:00.962	Frm_Dig0300_Shinsa	10700	なし	50007851	SMTC_TYPE04	5	初回
michiko.igarashi	SMTC_D_JUDG2_PM	2018/11/20 17:25:04.628	Frm_Dig0300_Shinsa	10090	訂正がない	50007851	SMTC_TYPE04	5	初回
michiko.igarashi	SMTC_D_JUDG2_PM	2018/11/20 17:25:06.422	Frm_Dig0300_Shinsa	10110	鮮明、または、捺印なし　	50007851	SMTC_TYPE04	5	初回
michiko.igarashi	SMTC_D_JUDG2_PM	2018/11/20 17:25:08.294	Frm_Dig0300_Shinsa	10620	なし	50007851	SMTC_TYPE04	5	初回
michiko.igarashi	SMTC_D_JUDG2_PM	2018/11/20 17:25:14.144	Frm_Dig0300_Shinsa	10120	書類	50007851	SMTC_TYPE04	5	初回
michiko.igarashi	SMTC_D_JUDG2_PM	2018/11/20 17:25:25.829	Frm_Dig0300_Shinsa	10121	年月日	50007851	SMTC_TYPE04	5	初回
michiko.igarashi	SMTC_D_JUDG2_PM	2018/11/20 17:25:28.808	Frm_Dig0300_Shinsa	10130	書類添付なし	50007851	SMTC_TYPE04	5	初回
michiko.igarashi	SMTC_D_JUDG2_PM	2018/11/20 17:25:31.148	Frm_Dig0300_Shinsa	10170	JP：日本国	50007851	SMTC_TYPE04	5	初回
michiko.igarashi	SMTC_D_JUDG2_PM	2018/11/20 17:25:33.925	Frm_Dig0300_Shinsa	10190	書類	50007851	SMTC_TYPE04	5	初回
michiko.igarashi	SMTC_D_JUDG2_PM	2018/11/20 17:25:38.730	Frm_Dig0300_Shinsa	10200	一致	50007851	SMTC_TYPE04	5	初回
michiko.igarashi	SMTC_D_JUDG2_PM	2018/11/20 17:25:56.218	Frm_Dig0300_Shinsa	10210	一致	50007851	SMTC_TYPE04	5	初回
michiko.igarashi	SMTC_D_JUDG2_PM	2018/11/20 17:26:48.556	Frm_Dig0300_Shinsa	10220	一致	50007851	SMTC_TYPE04	5	初回
michiko.igarashi	SMTC_D_JUDG2_PM	2018/11/20 17:26:57.542	Frm_Dig0300_Shinsa	10250		50007851	SMTC_TYPE04	5	初回
michiko.igarashi	SMTC_D_JUDG2_PM	2018/11/20 17:27:02.315	Frm_Dig0300_Shinsa	10260	年月日	50007851	SMTC_TYPE04	5	初回
michiko.igarashi	SMTC_D_JUDG2_PM	2018/11/20 17:27:12.315	Frm_Dig0300_Shinsa	10270	00000	50007851	SMTC_TYPE04	5	初回
michiko.igarashi	SMTC_D_JUDG2_PM	2018/11/20 17:27:14.421	Frm_Dig0300_Shinsa	10290	あり	50007851	SMTC_TYPE04	5	初回
michiko.igarashi	SMTC_D_JUDG2_PM	2018/11/20 17:27:19.974	Frm_Dig0300_Shinsa	10300		50007851	SMTC_TYPE04	5	初回
michiko.igarashi	SMTC_D_JUDG2_PM	2018/11/20 17:27:22.767	Frm_Dig0300_Shinsa	10290	本人確認書類再選択	50007851	SMTC_TYPE04	5	初回
michiko.igarashi	SMTC_D_JUDG2_PM	2018/11/20 17:27:51.034	Frm_Dig0300_Shinsa	10190	書類	50007851	SMTC_TYPE04	5	初回
michiko.igarashi	SMTC_D_JUDG2_PM	2018/11/20 17:27:54.825	Frm_Dig0300_Shinsa	10200	一致	50007851	SMTC_TYPE04	5	初回
michiko.igarashi	SMTC_D_JUDG2_PM	2018/11/20 17:27:56.307	Frm_Dig0300_Shinsa	10210	一致	50007851	SMTC_TYPE04	5	初回
michiko.igarashi	SMTC_D_JUDG2_PM	2018/11/20 17:28:00.238	Frm_Dig0300_Shinsa	10220	一致	50007851	SMTC_TYPE04	5	初回
michiko.igarashi	SMTC_D_JUDG2_PM	2018/11/20 17:28:06.400	Frm_Dig0300_Shinsa	10250		50007851	SMTC_TYPE04	5	初回
michiko.igarashi	SMTC_D_JUDG2_PM	2018/11/20 17:28:12.063	Frm_Dig0300_Shinsa	10260	年月日	50007851	SMTC_TYPE04	5	初回
michiko.igarashi	SMTC_D_JUDG2_PM	2018/11/20 17:28:20.830	Frm_Dig0300_Shinsa	10270	00000	50007851	SMTC_TYPE04	5	初回
michiko.igarashi	SMTC_D_JUDG2_PM	2018/11/20 17:28:22.671	Frm_Dig0300_Shinsa	10370	なし	50007851	SMTC_TYPE04	5	初回
michiko.igarashi	SMTC_D_JUDG2_PM	2018/11/20 17:28:32.499	Frm_Dig0300_Shinsa	10470	それ以外	50007851	SMTC_TYPE04	5	初回
michiko.igarashi	SMTC_D_JUDG2_PM	2018/11/20 17:28:34.465	Frm_Dig0300_Shinsa	10710	なし	50007851	SMTC_TYPE04	5	初回
michiko.igarashi	SMTC_D_JUDG2_PM	2018/11/20 17:28:42.795	Frm_Dig0300_Shinsa	10450	なし	50007851	SMTC_TYPE04	5	初回
michiko.igarashi	SMTC_D_JUDG2_PM	2018/11/20 17:28:44.371	Frm_Dig0300_Shinsa	10610	あり	50007851	SMTC_TYPE04	5	初回
michiko.igarashi	SMTC_D_JUDG2_PM	2018/11/20 17:28:49.223	Frm_Dig0300_Shinsa	10730	記載あり	50007851	SMTC_TYPE04	5	初回
michiko.igarashi	SMTC_D_JUDG2_PM	2018/11/20 17:28:59.347	Frm_Dig0300_Shinsa	10740	添付なし	50007851	SMTC_TYPE04	5	初回
michiko.igarashi	SMTC_D_JUDG2_PM	2018/11/20 17:29:04.292	Frm_Dig0300_Shinsa	10770	あり（氏名が申込書と一致する）	50007851	SMTC_TYPE04	5	初回
michiko.igarashi	SMTC_D_JUDG2_PM	2018/11/20 17:29:06.866	Frm_Dig0300_Shinsa	10460		50007851	SMTC_TYPE04	5	初回
michiko.igarashi	SMTC_D_JUDG2_PM	2018/11/20 17:29:08.744	Frm_Dig0300_Shinsa	END	二次審査終了	50007851	SMTC_TYPE04	5	初回
michiko.igarashi	SMTC_D_JUDG2_PM	2018/11/20 17:29:12.018	Frm_Dig0300_Shinsa	START	二次審査開始	50007852	SMTC_TYPE04	4	初回
michiko.igarashi	SMTC_D_JUDG2_PM	2018/11/20 17:29:13.983	Frm_Dig0300_Shinsa	10010	通常申込書	50007852	SMTC_TYPE04	4	初回
michiko.igarashi	SMTC_D_JUDG2_PM	2018/11/20 17:29:21.066	Frm_Dig0300_Shinsa	10020	なし	50007852	SMTC_TYPE04	4	初回
michiko.igarashi	SMTC_D_JUDG2_PM	2018/11/20 17:29:22.173	Frm_Dig0300_Shinsa	10640	なし	50007852	SMTC_TYPE04	4	初回
michiko.igarashi	SMTC_D_JUDG2_PM	2018/11/20 17:29:23.499	Frm_Dig0300_Shinsa	10080	あり	50007852	SMTC_TYPE04	4	初回
michiko.igarashi	SMTC_D_JUDG2_PM	2018/11/20 17:29:28.866	Frm_Dig0300_Shinsa	10700	あり	50007852	SMTC_TYPE04	4	初回
michiko.igarashi	SMTC_D_JUDG2_PM	2018/11/20 17:29:32.423	Frm_Dig0300_Shinsa	10090	訂正がない	50007852	SMTC_TYPE04	4	初回
michiko.igarashi	SMTC_D_JUDG2_PM	2018/11/20 17:29:36.213	Frm_Dig0300_Shinsa	10110	鮮明、または、捺印なし　	50007852	SMTC_TYPE04	4	初回
michiko.igarashi	SMTC_D_JUDG2_PM	2018/11/20 17:29:44.388	Frm_Dig0300_Shinsa	10620	なし	50007852	SMTC_TYPE04	4	初回
michiko.igarashi	SMTC_D_JUDG2_PM	2018/11/20 17:29:48.475	Frm_Dig0300_Shinsa	10120	書類	50007852	SMTC_TYPE04	4	初回
michiko.igarashi	SMTC_D_JUDG2_PM	2018/11/20 17:29:58.022	Frm_Dig0300_Shinsa	10121	年月日	50007852	SMTC_TYPE04	4	初回
michiko.igarashi	SMTC_D_JUDG2_PM	2018/11/20 17:30:00.861	Frm_Dig0300_Shinsa	10130	書類添付なし	50007852	SMTC_TYPE04	4	初回
michiko.igarashi	SMTC_D_JUDG2_PM	2018/11/20 17:30:04.621	Frm_Dig0300_Shinsa	10170	JP：日本国	50007852	SMTC_TYPE04	4	初回
michiko.igarashi	SMTC_D_JUDG2_PM	2018/11/20 17:30:07.476	Frm_Dig0300_Shinsa	10190	書類	50007852	SMTC_TYPE04	4	初回
michiko.igarashi	SMTC_D_JUDG2_PM	2018/11/20 17:30:12.265	Frm_Dig0300_Shinsa	10200	一致	50007852	SMTC_TYPE04	4	初回
michiko.igarashi	SMTC_D_JUDG2_PM	2018/11/20 17:30:19.269	Frm_Dig0300_Shinsa	10210	一致	50007852	SMTC_TYPE04	4	初回
michiko.igarashi	SMTC_D_JUDG2_PM	2018/11/20 17:30:35.415	Frm_Dig0300_Shinsa	10220	一致	50007852	SMTC_TYPE04	4	初回
michiko.igarashi	SMTC_D_JUDG2_PM	2018/11/20 17:30:41.827	Frm_Dig0300_Shinsa	10250	年月日	50007852	SMTC_TYPE04	4	初回
michiko.igarashi	SMTC_D_JUDG2_PM	2018/11/20 17:30:45.805	Frm_Dig0300_Shinsa	10260	年月日	50007852	SMTC_TYPE04	4	初回
michiko.igarashi	SMTC_D_JUDG2_PM	2018/11/20 17:30:54.198	Frm_Dig0300_Shinsa	10270	00000	50007852	SMTC_TYPE04	4	初回
michiko.igarashi	SMTC_D_JUDG2_PM	2018/11/20 17:30:58.800	Frm_Dig0300_Shinsa	10290	あり	50007852	SMTC_TYPE04	4	初回
michiko.igarashi	SMTC_D_JUDG2_PM	2018/11/20 17:31:07.473	Frm_Dig0300_Shinsa	10300	年月日	50007852	SMTC_TYPE04	4	初回
michiko.igarashi	SMTC_D_JUDG2_PM	2018/11/20 17:31:13.791	Frm_Dig0300_Shinsa	10310	あり	50007852	SMTC_TYPE04	4	初回
michiko.igarashi	SMTC_D_JUDG2_PM	2018/11/20 17:31:17.551	Frm_Dig0300_Shinsa	10320	すべて記載あり	50007852	SMTC_TYPE04	4	初回
michiko.igarashi	SMTC_D_JUDG2_PM	2018/11/20 17:31:18.924	Frm_Dig0300_Shinsa	10370	なし	50007852	SMTC_TYPE04	4	初回
michiko.igarashi	SMTC_D_JUDG2_PM	2018/11/20 17:31:22.621	Frm_Dig0300_Shinsa	10470	それ以外	50007852	SMTC_TYPE04	4	初回
michiko.igarashi	SMTC_D_JUDG2_PM	2018/11/20 17:31:24.041	Frm_Dig0300_Shinsa	10710	なし	50007852	SMTC_TYPE04	4	初回
michiko.igarashi	SMTC_D_JUDG2_PM	2018/11/20 17:31:28.377	Frm_Dig0300_Shinsa	10450	なし	50007852	SMTC_TYPE04	4	初回
michiko.igarashi	SMTC_D_JUDG2_PM	2018/11/20 17:31:29.391	Frm_Dig0300_Shinsa	10610	あり	50007852	SMTC_TYPE04	4	初回
michiko.igarashi	SMTC_D_JUDG2_PM	2018/11/20 17:32:07.112	Frm_Dig0300_Shinsa	10730	記載あり	50007852	SMTC_TYPE04	4	初回
michiko.igarashi	SMTC_D_JUDG2_PM	2018/11/20 17:32:12.993	Frm_Dig0300_Shinsa	10740	添付なし	50007852	SMTC_TYPE04	4	初回
michiko.igarashi	SMTC_D_JUDG2_PM	2018/11/20 17:32:14.507	Frm_Dig0300_Shinsa	10770	なし	50007852	SMTC_TYPE04	4	初回
michiko.igarashi	SMTC_D_JUDG2_PM	2018/11/20 17:32:16.581	Frm_Dig0300_Shinsa	10460		50007852	SMTC_TYPE04	4	初回
michiko.igarashi	SMTC_D_JUDG2_PM	2018/11/20 17:32:30.120	Frm_Dig0300_Shinsa	END	二次審査終了	50007852	SMTC_TYPE04	4	初回
michiko.igarashi	SMTC_D_JUDG2_PM	2018/11/20 17:32:33.771	Frm_Dig0300_Shinsa	START	二次審査開始	50007853	SMTC_TYPE04	4	初回
michiko.igarashi	SMTC_D_JUDG2_PM	2018/11/20 17:32:35.518	Frm_Dig0300_Shinsa	10010	通常申込書	50007853	SMTC_TYPE04	4	初回
michiko.igarashi	SMTC_D_JUDG2_PM	2018/11/20 17:32:42.663	Frm_Dig0300_Shinsa	10020	あり	50007853	SMTC_TYPE04	4	初回
michiko.igarashi	SMTC_D_JUDG2_PM	2018/11/20 17:32:48.154	Frm_Dig0300_Shinsa	10630	なし	50007853	SMTC_TYPE04	4	初回
michiko.igarashi	SMTC_D_JUDG2_PM	2018/11/20 17:32:56.094	Frm_Dig0300_Shinsa	10030	訂正がない	50007853	SMTC_TYPE04	4	初回
michiko.igarashi	SMTC_D_JUDG2_PM	2018/11/20 17:32:58.731	Frm_Dig0300_Shinsa	10040	法人口座	50007853	SMTC_TYPE04	4	初回
michiko.igarashi	SMTC_D_JUDG2_PM	2018/11/20 17:33:03.567	Frm_Dig0300_Shinsa	10050	法人口座	50007853	SMTC_TYPE04	4	初回
michiko.igarashi	SMTC_D_JUDG2_PM	2018/11/20 17:33:06.827	Frm_Dig0300_Shinsa	10750	対象外の金融機関を指定	50007853	SMTC_TYPE04	4	初回
michiko.igarashi	SMTC_D_JUDG2_PM	2018/11/20 17:33:08.668	Frm_Dig0300_Shinsa	10070	鮮明、または、捺印なし　	50007853	SMTC_TYPE04	4	初回
michiko.igarashi	SMTC_D_JUDG2_PM	2018/11/20 17:33:12.802	Frm_Dig0300_Shinsa	10640	なし	50007853	SMTC_TYPE04	4	初回
michiko.igarashi	SMTC_D_JUDG2_PM	2018/11/20 17:33:13.909	Frm_Dig0300_Shinsa	10080	あり	50007853	SMTC_TYPE04	4	初回
michiko.igarashi	SMTC_D_JUDG2_PM	2018/11/20 17:33:17.404	Frm_Dig0300_Shinsa	10700	なし	50007853	SMTC_TYPE04	4	初回
michiko.igarashi	SMTC_D_JUDG2_PM	2018/11/20 17:33:20.789	Frm_Dig0300_Shinsa	10090	訂正がない	50007853	SMTC_TYPE04	4	初回
michiko.igarashi	SMTC_D_JUDG2_PM	2018/11/20 17:33:22.926	Frm_Dig0300_Shinsa	10110	鮮明、または、捺印なし　	50007853	SMTC_TYPE04	4	初回
michiko.igarashi	SMTC_D_JUDG2_PM	2018/11/20 17:33:27.809	Frm_Dig0300_Shinsa	10620	なし	50007853	SMTC_TYPE04	4	初回
michiko.igarashi	SMTC_D_JUDG2_PM	2018/11/20 17:33:33.565	Frm_Dig0300_Shinsa	10120	書類	50007853	SMTC_TYPE04	4	初回
michiko.igarashi	SMTC_D_JUDG2_PM	2018/11/20 17:33:42.083	Frm_Dig0300_Shinsa	10121	年月日	50007853	SMTC_TYPE04	4	初回
michiko.igarashi	SMTC_D_JUDG2_PM	2018/11/20 17:33:44.751	Frm_Dig0300_Shinsa	10130	書類添付なし	50007853	SMTC_TYPE04	4	初回
michiko.igarashi	SMTC_D_JUDG2_PM	2018/11/20 17:33:46.919	Frm_Dig0300_Shinsa	10170	JP：日本国	50007853	SMTC_TYPE04	4	初回
michiko.igarashi	SMTC_D_JUDG2_PM	2018/11/20 17:33:49.228	Frm_Dig0300_Shinsa	10190	書類	50007853	SMTC_TYPE04	4	初回
michiko.igarashi	SMTC_D_JUDG2_PM	2018/11/20 17:33:56.685	Frm_Dig0300_Shinsa	10200	一致	50007853	SMTC_TYPE04	4	初回
michiko.igarashi	SMTC_D_JUDG2_PM	2018/11/20 17:34:01.942	Frm_Dig0300_Shinsa	10210	一致	50007853	SMTC_TYPE04	4	初回
michiko.igarashi	SMTC_D_JUDG2_PM	2018/11/20 17:34:08.447	Frm_Dig0300_Shinsa	10220	一致	50007853	SMTC_TYPE04	4	初回
michiko.igarashi	SMTC_D_JUDG2_PM	2018/11/20 17:34:17.355	Frm_Dig0300_Shinsa	10250	年月日	50007853	SMTC_TYPE04	4	初回
michiko.igarashi	SMTC_D_JUDG2_PM	2018/11/20 17:34:23.252	Frm_Dig0300_Shinsa	10260	年月日	50007853	SMTC_TYPE04	4	初回
michiko.igarashi	SMTC_D_JUDG2_PM	2018/11/20 17:34:33.251	Frm_Dig0300_Shinsa	10270	00000	50007853	SMTC_TYPE04	4	初回
michiko.igarashi	SMTC_D_JUDG2_PM	2018/11/20 17:34:35.420	Frm_Dig0300_Shinsa	10290	あり	50007853	SMTC_TYPE04	4	初回
michiko.igarashi	SMTC_D_JUDG2_PM	2018/11/20 17:34:41.644	Frm_Dig0300_Shinsa	10300	年月日	50007853	SMTC_TYPE04	4	初回
michiko.igarashi	SMTC_D_JUDG2_PM	2018/11/20 17:34:44.811	Frm_Dig0300_Shinsa	10310	裏面なし	50007853	SMTC_TYPE04	4	初回
michiko.igarashi	SMTC_D_JUDG2_PM	2018/11/20 17:34:45.903	Frm_Dig0300_Shinsa	10320	記載なし	50007853	SMTC_TYPE04	4	初回
michiko.igarashi	SMTC_D_JUDG2_PM	2018/11/20 17:34:48.025	Frm_Dig0300_Shinsa	10370	なし	50007853	SMTC_TYPE04	4	初回
michiko.igarashi	SMTC_D_JUDG2_PM	2018/11/20 17:34:51.394	Frm_Dig0300_Shinsa	10470	それ以外	50007853	SMTC_TYPE04	4	初回
michiko.igarashi	SMTC_D_JUDG2_PM	2018/11/20 17:34:52.954	Frm_Dig0300_Shinsa	10710	なし	50007853	SMTC_TYPE04	4	初回
michiko.igarashi	SMTC_D_JUDG2_PM	2018/11/20 17:34:58.601	Frm_Dig0300_Shinsa	10450	なし	50007853	SMTC_TYPE04	4	初回
michiko.igarashi	SMTC_D_JUDG2_PM	2018/11/20 17:34:59.725	Frm_Dig0300_Shinsa	10610	あり	50007853	SMTC_TYPE04	4	初回
michiko.igarashi	SMTC_D_JUDG2_PM	2018/11/20 17:35:09.069	Frm_Dig0300_Shinsa	10730	記載あり	50007853	SMTC_TYPE04	4	初回
michiko.igarashi	SMTC_D_JUDG2_PM	2018/11/20 17:35:14.233	Frm_Dig0300_Shinsa	10740	添付なし	50007853	SMTC_TYPE04	4	初回
michiko.igarashi	SMTC_D_JUDG2_PM	2018/11/20 17:35:21.362	Frm_Dig0300_Shinsa	10770	あり（氏名が申込書と一致する）	50007853	SMTC_TYPE04	4	初回
michiko.igarashi	SMTC_D_JUDG2_PM	2018/11/20 17:35:26.120	Frm_Dig0300_Shinsa	10460		50007853	SMTC_TYPE04	4	初回
michiko.igarashi	SMTC_D_JUDG2_PM	2018/11/20 17:35:30.788	Frm_Dig0300_Shinsa	END	二次審査終了	50007853	SMTC_TYPE04	4	初回
michiko.igarashi	SMTC_D_JUDG2_PM	2018/11/20 17:35:38.996	Frm_Dig0300_Shinsa	START	二次審査開始	60002292	SMTC_TYPE02	2	初回
michiko.igarashi	SMTC_D_JUDG2_PM	2018/11/20 17:35:41.617	Frm_Dig0300_Shinsa	10010	通常申込書	60002292	SMTC_TYPE02	2	初回
michiko.igarashi	SMTC_D_JUDG2_PM	2018/11/20 17:35:48.044	Frm_Dig0300_Shinsa	10020	なし	60002292	SMTC_TYPE02	2	初回
michiko.igarashi	SMTC_D_JUDG2_PM	2018/11/20 17:35:50.228	Frm_Dig0300_Shinsa	10640	なし	60002292	SMTC_TYPE02	2	初回
michiko.igarashi	SMTC_D_JUDG2_PM	2018/11/20 17:35:51.383	Frm_Dig0300_Shinsa	10080	あり	60002292	SMTC_TYPE02	2	初回
michiko.igarashi	SMTC_D_JUDG2_PM	2018/11/20 17:35:53.910	Frm_Dig0300_Shinsa	10700	なし	60002292	SMTC_TYPE02	2	初回
michiko.igarashi	SMTC_D_JUDG2_PM	2018/11/20 17:35:57.841	Frm_Dig0300_Shinsa	10090	訂正がない	60002292	SMTC_TYPE02	2	初回
michiko.igarashi	SMTC_D_JUDG2_PM	2018/11/20 17:35:59.510	Frm_Dig0300_Shinsa	10110	鮮明、または、捺印なし　	60002292	SMTC_TYPE02	2	初回
michiko.igarashi	SMTC_D_JUDG2_PM	2018/11/20 17:36:00.992	Frm_Dig0300_Shinsa	10620	なし	60002292	SMTC_TYPE02	2	初回
michiko.igarashi	SMTC_D_JUDG2_PM	2018/11/20 17:36:04.612	Frm_Dig0300_Shinsa	10120	書類	60002292	SMTC_TYPE02	2	初回
michiko.igarashi	SMTC_D_JUDG2_PM	2018/11/20 17:36:14.549	Frm_Dig0300_Shinsa	10121	年月日	60002292	SMTC_TYPE02	2	初回
michiko.igarashi	SMTC_D_JUDG2_PM	2018/11/20 17:36:18.106	Frm_Dig0300_Shinsa	10130	書類添付なし	60002292	SMTC_TYPE02	2	初回
michiko.igarashi	SMTC_D_JUDG2_PM	2018/11/20 17:36:20.368	Frm_Dig0300_Shinsa	10170	JP：日本国	60002292	SMTC_TYPE02	2	初回
michiko.igarashi	SMTC_D_JUDG2_PM	2018/11/20 17:36:22.801	Frm_Dig0300_Shinsa	10190	書類	60002292	SMTC_TYPE02	2	初回
michiko.igarashi	SMTC_D_JUDG2_PM	2018/11/20 17:36:29.962	Frm_Dig0300_Shinsa	10200	一致	60002292	SMTC_TYPE02	2	初回
michiko.igarashi	SMTC_D_JUDG2_PM	2018/11/20 17:36:35.079	Frm_Dig0300_Shinsa	10210	一致	60002292	SMTC_TYPE02	2	初回
michiko.igarashi	SMTC_D_JUDG2_PM	2018/11/20 17:36:40.164	Frm_Dig0300_Shinsa	10220	一致	60002292	SMTC_TYPE02	2	初回
michiko.igarashi	SMTC_D_JUDG2_PM	2018/11/20 17:36:45.531	Frm_Dig0300_Shinsa	10250	年月日	60002292	SMTC_TYPE02	2	初回
michiko.igarashi	SMTC_D_JUDG2_PM	2018/11/20 17:36:49.727	Frm_Dig0300_Shinsa	10260	年月日	60002292	SMTC_TYPE02	2	初回
michiko.igarashi	SMTC_D_JUDG2_PM	2018/11/20 17:36:57.137	Frm_Dig0300_Shinsa	10270	00000	60002292	SMTC_TYPE02	2	初回
michiko.igarashi	SMTC_D_JUDG2_PM	2018/11/20 17:36:59.352	Frm_Dig0300_Shinsa	10290	あり	60002292	SMTC_TYPE02	2	初回
michiko.igarashi	SMTC_D_JUDG2_PM	2018/11/20 17:37:06.544	Frm_Dig0300_Shinsa	10300	年月日	60002292	SMTC_TYPE02	2	初回
michiko.igarashi	SMTC_D_JUDG2_PM	2018/11/20 17:37:09.274	Frm_Dig0300_Shinsa	10310	裏面なし	60002292	SMTC_TYPE02	2	初回
michiko.igarashi	SMTC_D_JUDG2_PM	2018/11/20 17:37:10.319	Frm_Dig0300_Shinsa	10320	記載なし	60002292	SMTC_TYPE02	2	初回
michiko.igarashi	SMTC_D_JUDG2_PM	2018/11/20 17:37:11.645	Frm_Dig0300_Shinsa	10370	なし	60002292	SMTC_TYPE02	2	初回
michiko.igarashi	SMTC_D_JUDG2_PM	2018/11/20 17:37:15.093	Frm_Dig0300_Shinsa	10470	それ以外	60002292	SMTC_TYPE02	2	初回
michiko.igarashi	SMTC_D_JUDG2_PM	2018/11/20 17:37:16.902	Frm_Dig0300_Shinsa	10710	なし	60002292	SMTC_TYPE02	2	初回
michiko.igarashi	SMTC_D_JUDG2_PM	2018/11/20 17:37:22.581	Frm_Dig0300_Shinsa	10450	なし	60002292	SMTC_TYPE02	2	初回
michiko.igarashi	SMTC_D_JUDG2_PM	2018/11/20 17:37:24.172	Frm_Dig0300_Shinsa	10610	なし	60002292	SMTC_TYPE02	2	初回
michiko.igarashi	SMTC_D_JUDG2_PM	2018/11/20 17:37:42.674	Frm_Dig0300_Shinsa	10730	記載あり	60002292	SMTC_TYPE02	2	初回
michiko.igarashi	SMTC_D_JUDG2_PM	2018/11/20 17:37:48.945	Frm_Dig0300_Shinsa	10740	添付なし	60002292	SMTC_TYPE02	2	初回
michiko.igarashi	SMTC_D_JUDG2_PM	2018/11/20 17:37:50.333	Frm_Dig0300_Shinsa	10770	なし	60002292	SMTC_TYPE02	2	初回
michiko.igarashi	SMTC_D_JUDG2_PM	2018/11/20 17:37:52.330	Frm_Dig0300_Shinsa	10460		60002292	SMTC_TYPE02	2	初回
michiko.igarashi	SMTC_D_JUDG2_PM	2018/11/20 17:37:54.683	Frm_Dig0300_Shinsa	END	二次審査終了	60002292	SMTC_TYPE02	2	初回
michiko.igarashi	SMTC_D_JUDG2_PM	2018/11/20 17:37:56.593	Frm_Dig0300_Shinsa	START	二次審査開始	60002293	SMTC_TYPE02	2	初回
michiko.igarashi	SMTC_D_JUDG2_PM	2018/11/20 17:37:58.589	Frm_Dig0300_Shinsa	10010	通常申込書	60002293	SMTC_TYPE02	2	初回
michiko.igarashi	SMTC_D_JUDG2_PM	2018/11/20 17:38:03.956	Frm_Dig0300_Shinsa	10020	なし	60002293	SMTC_TYPE02	2	初回
michiko.igarashi	SMTC_D_JUDG2_PM	2018/11/20 17:38:05.407	Frm_Dig0300_Shinsa	10640	なし	60002293	SMTC_TYPE02	2	初回
michiko.igarashi	SMTC_D_JUDG2_PM	2018/11/20 17:38:06.343	Frm_Dig0300_Shinsa	10080	あり	60002293	SMTC_TYPE02	2	初回
michiko.igarashi	SMTC_D_JUDG2_PM	2018/11/20 17:38:08.979	Frm_Dig0300_Shinsa	10700	なし	60002293	SMTC_TYPE02	2	初回
michiko.igarashi	SMTC_D_JUDG2_PM	2018/11/20 17:38:11.803	Frm_Dig0300_Shinsa	10090	訂正がない	60002293	SMTC_TYPE02	2	初回
michiko.igarashi	SMTC_D_JUDG2_PM	2018/11/20 17:38:13.113	Frm_Dig0300_Shinsa	10110	鮮明、または、捺印なし　	60002293	SMTC_TYPE02	2	初回
michiko.igarashi	SMTC_D_JUDG2_PM	2018/11/20 17:38:14.470	Frm_Dig0300_Shinsa	10620	なし	60002293	SMTC_TYPE02	2	初回
michiko.igarashi	SMTC_D_JUDG2_PM	2018/11/20 17:38:18.994	Frm_Dig0300_Shinsa	10120	書類	60002293	SMTC_TYPE02	2	初回
michiko.igarashi	SMTC_D_JUDG2_PM	2018/11/20 17:38:31.069	Frm_Dig0300_Shinsa	10121	年月日	60002293	SMTC_TYPE02	2	初回
michiko.igarashi	SMTC_D_JUDG2_PM	2018/11/20 17:38:33.830	Frm_Dig0300_Shinsa	10130	書類添付なし	60002293	SMTC_TYPE02	2	初回
michiko.igarashi	SMTC_D_JUDG2_PM	2018/11/20 17:38:35.952	Frm_Dig0300_Shinsa	10170	JP：日本国	60002293	SMTC_TYPE02	2	初回
michiko.igarashi	SMTC_D_JUDG2_PM	2018/11/20 17:38:38.448	Frm_Dig0300_Shinsa	10190	書類	60002293	SMTC_TYPE02	2	初回
michiko.igarashi	SMTC_D_JUDG2_PM	2018/11/20 17:38:44.064	Frm_Dig0300_Shinsa	10200	一致	60002293	SMTC_TYPE02	2	初回
michiko.igarashi	SMTC_D_JUDG2_PM	2018/11/20 17:38:56.232	Frm_Dig0300_Shinsa	10210	一致	60002293	SMTC_TYPE02	2	初回
michiko.igarashi	SMTC_D_JUDG2_PM	2018/11/20 17:39:16.684	Frm_Dig0300_Shinsa	10220	一致	60002293	SMTC_TYPE02	2	初回
michiko.igarashi	SMTC_D_JUDG2_PM	2018/11/20 17:39:25.591	Frm_Dig0300_Shinsa	10250	年月日	60002293	SMTC_TYPE02	2	初回
michiko.igarashi	SMTC_D_JUDG2_PM	2018/11/20 17:39:32.050	Frm_Dig0300_Shinsa	10260	年月日	60002293	SMTC_TYPE02	2	初回
michiko.igarashi	SMTC_D_JUDG2_PM	2018/11/20 17:39:43.079	Frm_Dig0300_Shinsa	10270	00000	60002293	SMTC_TYPE02	2	初回
michiko.igarashi	SMTC_D_JUDG2_PM	2018/11/20 17:39:44.904	Frm_Dig0300_Shinsa	10370	なし	60002293	SMTC_TYPE02	2	初回
michiko.igarashi	SMTC_D_JUDG2_PM	2018/11/20 17:39:50.193	Frm_Dig0300_Shinsa	10470	取締役・役員・理事	60002293	SMTC_TYPE02	2	初回
michiko.igarashi	SMTC_D_JUDG2_PM	2018/11/20 17:39:53.141	Frm_Dig0300_Shinsa	10480	添付なし	60002293	SMTC_TYPE02	2	初回
michiko.igarashi	SMTC_D_JUDG2_PM	2018/11/20 17:40:46.790	Frm_Dig0300_Shinsa	10710	なし	60002293	SMTC_TYPE02	2	初回
michiko.igarashi	SMTC_D_JUDG2_PM	2018/11/20 17:40:52.312	Frm_Dig0300_Shinsa	10450	なし	60002293	SMTC_TYPE02	2	初回
michiko.igarashi	SMTC_D_JUDG2_PM	2018/11/20 17:40:53.888	Frm_Dig0300_Shinsa	10610	なし	60002293	SMTC_TYPE02	2	初回
michiko.igarashi	SMTC_D_JUDG2_PM	2018/11/20 17:41:27.178	Frm_Dig0300_Shinsa	10730	記載あり	60002293	SMTC_TYPE02	2	初回
michiko.igarashi	SMTC_D_JUDG2_PM	2018/11/20 17:41:29.940	Frm_Dig0300_Shinsa	10740	添付なし	60002293	SMTC_TYPE02	2	初回
michiko.igarashi	SMTC_D_JUDG2_PM	2018/11/20 17:41:31.968	Frm_Dig0300_Shinsa	10770	なし	60002293	SMTC_TYPE02	2	初回
michiko.igarashi	SMTC_D_JUDG2_PM	2018/11/20 17:41:33.996	Frm_Dig0300_Shinsa	10460		60002293	SMTC_TYPE02	2	初回
michiko.igarashi	SMTC_D_JUDG2_PM	2018/11/20 17:41:36.255	Frm_Dig0300_Shinsa	END	二次審査終了	60002293	SMTC_TYPE02	2	初回
michiko.igarashi	SMTC_D_JUDG2_PM	2018/11/20 17:41:38.211	Frm_Dig0300_Shinsa	START	二次審査開始	60002294	SMTC_TYPE02	2	初回
michiko.igarashi	SMTC_D_JUDG2_PM	2018/11/20 17:41:39.350	Frm_Dig0300_Shinsa	10010	通常申込書	60002294	SMTC_TYPE02	2	初回
michiko.igarashi	SMTC_D_JUDG2_PM	2018/11/20 17:41:46.464	Frm_Dig0300_Shinsa	10020	なし	60002294	SMTC_TYPE02	2	初回
michiko.igarashi	SMTC_D_JUDG2_PM	2018/11/20 17:41:48.757	Frm_Dig0300_Shinsa	10640	なし	60002294	SMTC_TYPE02	2	初回
michiko.igarashi	SMTC_D_JUDG2_PM	2018/11/20 17:41:50.301	Frm_Dig0300_Shinsa	10080	あり	60002294	SMTC_TYPE02	2	初回
michiko.igarashi	SMTC_D_JUDG2_PM	2018/11/20 17:41:53.687	Frm_Dig0300_Shinsa	10700	なし	60002294	SMTC_TYPE02	2	初回
michiko.igarashi	SMTC_D_JUDG2_PM	2018/11/20 17:41:59.958	Frm_Dig0300_Shinsa	10090	訂正がない	60002294	SMTC_TYPE02	2	初回
michiko.igarashi	SMTC_D_JUDG2_PM	2018/11/20 17:42:01.471	Frm_Dig0300_Shinsa	10110	鮮明、または、捺印なし　	60002294	SMTC_TYPE02	2	初回
michiko.igarashi	SMTC_D_JUDG2_PM	2018/11/20 17:42:03.218	Frm_Dig0300_Shinsa	10620	なし	60002294	SMTC_TYPE02	2	初回
michiko.igarashi	SMTC_D_JUDG2_PM	2018/11/20 17:42:06.432	Frm_Dig0300_Shinsa	10120	書類	60002294	SMTC_TYPE02	2	初回
michiko.igarashi	SMTC_D_JUDG2_PM	2018/11/20 17:42:18.584	Frm_Dig0300_Shinsa	10121	年月日	60002294	SMTC_TYPE02	2	初回
michiko.igarashi	SMTC_D_JUDG2_PM	2018/11/20 17:42:22.297	Frm_Dig0300_Shinsa	10130	書類添付なし	60002294	SMTC_TYPE02	2	初回
michiko.igarashi	SMTC_D_JUDG2_PM	2018/11/20 17:42:24.700	Frm_Dig0300_Shinsa	10170	JP：日本国	60002294	SMTC_TYPE02	2	初回
michiko.igarashi	SMTC_D_JUDG2_PM	2018/11/20 17:42:27.539	Frm_Dig0300_Shinsa	10190	書類	60002294	SMTC_TYPE02	2	初回
michiko.igarashi	SMTC_D_JUDG2_PM	2018/11/20 17:42:32.000	Frm_Dig0300_Shinsa	10200	一致	60002294	SMTC_TYPE02	2	初回
michiko.igarashi	SMTC_D_JUDG2_PM	2018/11/20 17:42:37.632	Frm_Dig0300_Shinsa	10210	一致	60002294	SMTC_TYPE02	2	初回
michiko.igarashi	SMTC_D_JUDG2_PM	2018/11/20 17:42:56.009	Frm_Dig0300_Shinsa	10220	一致	60002294	SMTC_TYPE02	2	初回
michiko.igarashi	SMTC_D_JUDG2_PM	2018/11/20 17:43:09.191	Frm_Dig0300_Shinsa	10250		60002294	SMTC_TYPE02	2	初回
michiko.igarashi	SMTC_D_JUDG2_PM	2018/11/20 17:43:14.183	Frm_Dig0300_Shinsa	10260	年月日	60002294	SMTC_TYPE02	2	初回
michiko.igarashi	SMTC_D_JUDG2_PM	2018/11/20 17:43:34.214	Frm_Dig0300_Shinsa	10270	00000	60002294	SMTC_TYPE02	2	初回
michiko.igarashi	SMTC_D_JUDG2_PM	2018/11/20 17:43:37.224	Frm_Dig0300_Shinsa	10370	なし	60002294	SMTC_TYPE02	2	初回
michiko.igarashi	SMTC_D_JUDG2_PM	2018/11/20 17:43:55.664	Frm_Dig0300_Shinsa	10470	それ以外	60002294	SMTC_TYPE02	2	初回
michiko.igarashi	SMTC_D_JUDG2_PM	2018/11/20 17:43:58.550	Frm_Dig0300_Shinsa	10710	なし	60002294	SMTC_TYPE02	2	初回
michiko.igarashi	SMTC_D_JUDG2_PM	2018/11/20 17:44:03.105	Frm_Dig0300_Shinsa	10450	なし	60002294	SMTC_TYPE02	2	初回
michiko.igarashi	SMTC_D_JUDG2_PM	2018/11/20 17:44:15.476	Frm_Dig0300_Shinsa	10610	なし	60002294	SMTC_TYPE02	2	初回
michiko.igarashi	SMTC_D_JUDG2_PM	2018/11/20 17:44:21.170	Frm_Dig0300_Shinsa	10730	記載あり	60002294	SMTC_TYPE02	2	初回
michiko.igarashi	SMTC_D_JUDG2_PM	2018/11/20 17:44:22.948	Frm_Dig0300_Shinsa	10740	添付なし	60002294	SMTC_TYPE02	2	初回
michiko.igarashi	SMTC_D_JUDG2_PM	2018/11/20 17:44:28.752	Frm_Dig0300_Shinsa	10770	なし	60002294	SMTC_TYPE02	2	初回
michiko.igarashi	SMTC_D_JUDG2_PM	2018/11/20 17:44:31.201	Frm_Dig0300_Shinsa	10460		60002294	SMTC_TYPE02	2	初回
michiko.igarashi	SMTC_D_JUDG2_PM	2018/11/20 17:44:33.911	Frm_Dig0300_Shinsa	END	二次審査終了	60002294	SMTC_TYPE02	2	初回
michiko.igarashi	SMTC_D_JUDG2_PM	2018/11/20 17:44:43.061	Frm_Dig0300_Shinsa	START	二次審査開始	40012534	SMTC_TYPE05	5	不備戻り
michiko.igarashi	SMTC_D_JUDG2_PM	2018/11/20 17:44:50.549	Frm_Dig0300_Shinsa	40100	なし	40012534	SMTC_TYPE05	5	不備戻り
michiko.igarashi	SMTC_D_JUDG2_PM	2018/11/20 17:44:51.969	Frm_Dig0300_Shinsa	40110	なし	40012534	SMTC_TYPE05	5	不備戻り
michiko.igarashi	SMTC_D_JUDG2_PM	2018/11/20 17:44:54.948	Frm_Dig0300_Shinsa	40120	書類	40012534	SMTC_TYPE05	5	不備戻り
michiko.igarashi	SMTC_D_JUDG2_PM	2018/11/20 17:45:04.917	Frm_Dig0300_Shinsa	40121	年月日	40012534	SMTC_TYPE05	5	不備戻り
michiko.igarashi	SMTC_D_JUDG2_PM	2018/11/20 17:45:11.079	Frm_Dig0300_Shinsa	40130	書類添付なし	40012534	SMTC_TYPE05	5	不備戻り
michiko.igarashi	SMTC_D_JUDG2_PM	2018/11/20 17:45:13.231	Frm_Dig0300_Shinsa	40170	JP：日本国	40012534	SMTC_TYPE05	5	不備戻り
michiko.igarashi	SMTC_D_JUDG2_PM	2018/11/20 17:45:15.322	Frm_Dig0300_Shinsa	40190	書類	40012534	SMTC_TYPE05	5	不備戻り
michiko.igarashi	SMTC_D_JUDG2_PM	2018/11/20 17:45:22.514	Frm_Dig0300_Shinsa	40200	一致	40012534	SMTC_TYPE05	5	不備戻り
michiko.igarashi	SMTC_D_JUDG2_PM	2018/11/20 17:45:28.036	Frm_Dig0300_Shinsa	40210	一致	40012534	SMTC_TYPE05	5	不備戻り
michiko.igarashi	SMTC_D_JUDG2_PM	2018/11/20 17:45:33.668	Frm_Dig0300_Shinsa	40220	一致	40012534	SMTC_TYPE05	5	不備戻り
michiko.igarashi	SMTC_D_JUDG2_PM	2018/11/20 17:45:39.892	Frm_Dig0300_Shinsa	40250	年月日	40012534	SMTC_TYPE05	5	不備戻り
michiko.igarashi	SMTC_D_JUDG2_PM	2018/11/20 17:45:46.413	Frm_Dig0300_Shinsa	40260	年月日	40012534	SMTC_TYPE05	5	不備戻り
michiko.igarashi	SMTC_D_JUDG2_PM	2018/11/20 17:46:01.358	Frm_Dig0300_Shinsa	40270	00000	40012534	SMTC_TYPE05	5	不備戻り
michiko.igarashi	SMTC_D_JUDG2_PM	2018/11/20 17:46:05.929	Frm_Dig0300_Shinsa	40290	あり	40012534	SMTC_TYPE05	5	不備戻り
michiko.igarashi	SMTC_D_JUDG2_PM	2018/11/20 17:46:15.725	Frm_Dig0300_Shinsa	40300	年月日	40012534	SMTC_TYPE05	5	不備戻り
michiko.igarashi	SMTC_D_JUDG2_PM	2018/11/20 17:46:19.282	Frm_Dig0300_Shinsa	40310	裏面なし／記載なし	40012534	SMTC_TYPE05	5	不備戻り
michiko.igarashi	SMTC_D_JUDG2_PM	2018/11/20 17:46:20.343	Frm_Dig0300_Shinsa	40320	記載なし／裏面なし	40012534	SMTC_TYPE05	5	不備戻り
michiko.igarashi	SMTC_D_JUDG2_PM	2018/11/20 17:46:29.984	Frm_Dig0300_Shinsa	40400	添付あり	40012534	SMTC_TYPE05	5	不備戻り
michiko.igarashi	SMTC_D_JUDG2_PM	2018/11/20 17:46:37.098	Frm_Dig0300_Shinsa	40410	一致	40012534	SMTC_TYPE05	5	不備戻り
michiko.igarashi	SMTC_D_JUDG2_PM	2018/11/20 17:46:38.798	Frm_Dig0300_Shinsa	40440	あり	40012534	SMTC_TYPE05	5	不備戻り
michiko.igarashi	SMTC_D_JUDG2_PM	2018/11/20 17:46:40.296	Frm_Dig0300_Shinsa	40450	一致	40012534	SMTC_TYPE05	5	不備戻り
michiko.igarashi	SMTC_D_JUDG2_PM	2018/11/20 17:46:47.659	Frm_Dig0300_Shinsa	40610	記載なし	40012534	SMTC_TYPE05	5	不備戻り
michiko.igarashi	SMTC_D_JUDG2_PM	2018/11/20 17:46:50.576	Frm_Dig0300_Shinsa	40620	添付なし	40012534	SMTC_TYPE05	5	不備戻り
michiko.igarashi	SMTC_D_JUDG2_PM	2018/11/20 17:46:53.632	Frm_Dig0300_Shinsa	END	二次審査終了	40012534	SMTC_TYPE05	5	不備戻り
michiko.igarashi	SMTC_D_JUDG2_PM	2018/11/20 17:47:13.948	Frm_Dig0300_Shinsa	START	二次審査開始	40013244	SMTC_TYPE05	4	初回
michiko.igarashi	SMTC_D_JUDG2_PM	2018/11/20 17:47:28.784	Frm_Dig0300_Shinsa	40100	なし	40013244	SMTC_TYPE05	4	初回
michiko.igarashi	SMTC_D_JUDG2_PM	2018/11/20 17:47:30.126	Frm_Dig0300_Shinsa	40110	なし	40013244	SMTC_TYPE05	4	初回
michiko.igarashi	SMTC_D_JUDG2_PM	2018/11/20 17:47:32.824	Frm_Dig0300_Shinsa	40120	書類	40013244	SMTC_TYPE05	4	初回
michiko.igarashi	SMTC_D_JUDG2_PM	2018/11/20 17:47:48.955	Frm_Dig0300_Shinsa	40121	年月日	40013244	SMTC_TYPE05	4	初回
michiko.igarashi	SMTC_D_JUDG2_PM	2018/11/20 17:47:52.262	Frm_Dig0300_Shinsa	40130	書類添付なし	40013244	SMTC_TYPE05	4	初回
michiko.igarashi	SMTC_D_JUDG2_PM	2018/11/20 17:47:55.101	Frm_Dig0300_Shinsa	40170	JP：日本国	40013244	SMTC_TYPE05	4	初回
michiko.igarashi	SMTC_D_JUDG2_PM	2018/11/20 17:47:57.176	Frm_Dig0300_Shinsa	40190	書類	40013244	SMTC_TYPE05	4	初回
michiko.igarashi	SMTC_D_JUDG2_PM	2018/11/20 17:48:00.000	Frm_Dig0300_Shinsa	40200	一致	40013244	SMTC_TYPE05	4	初回
michiko.igarashi	SMTC_D_JUDG2_PM	2018/11/20 17:48:02.465	Frm_Dig0300_Shinsa	40210	一致	40013244	SMTC_TYPE05	4	初回
michiko.igarashi	SMTC_D_JUDG2_PM	2018/11/20 17:48:12.386	Frm_Dig0300_Shinsa	40220	一致	40013244	SMTC_TYPE05	4	初回
michiko.igarashi	SMTC_D_JUDG2_PM	2018/11/20 17:48:24.866	Frm_Dig0300_Shinsa	40250	年月日	40013244	SMTC_TYPE05	4	初回
michiko.igarashi	SMTC_D_JUDG2_PM	2018/11/20 17:48:31.512	Frm_Dig0300_Shinsa	40260	年月日	40013244	SMTC_TYPE05	4	初回
michiko.igarashi	SMTC_D_JUDG2_PM	2018/11/20 17:48:45.895	Frm_Dig0300_Shinsa	40270	00000	40013244	SMTC_TYPE05	4	初回
michiko.igarashi	SMTC_D_JUDG2_PM	2018/11/20 17:48:48.937	Frm_Dig0300_Shinsa	40290	あり	40013244	SMTC_TYPE05	4	初回
michiko.igarashi	SMTC_D_JUDG2_PM	2018/11/20 17:48:55.583	Frm_Dig0300_Shinsa	40300	年月日	40013244	SMTC_TYPE05	4	初回
michiko.igarashi	SMTC_D_JUDG2_PM	2018/11/20 17:49:22.758	Frm_Dig0300_Shinsa	40310		40013244	SMTC_TYPE05	4	初回
michiko.igarashi	SMTC_D_JUDG2_PM	2018/11/20 17:49:24.116	Frm_Dig0300_Shinsa	40300		40013244	SMTC_TYPE05	4	初回
michiko.igarashi	SMTC_D_JUDG2_PM	2018/11/20 17:49:25.894	Frm_Dig0300_Shinsa	40290		40013244	SMTC_TYPE05	4	初回
michiko.igarashi	SMTC_D_JUDG2_PM	2018/11/20 17:49:31.978	Frm_Dig0300_Shinsa	40270	00000	40013244	SMTC_TYPE05	4	初回
michiko.igarashi	SMTC_D_JUDG2_PM	2018/11/20 17:49:34.224	Frm_Dig0300_Shinsa	40260		40013244	SMTC_TYPE05	4	初回
michiko.igarashi	SMTC_D_JUDG2_PM	2018/11/20 17:49:46.704	Frm_Dig0300_Shinsa	40250	年月日	40013244	SMTC_TYPE05	4	初回
michiko.igarashi	SMTC_D_JUDG2_PM	2018/11/20 17:51:32.504	Frm_Dig0300_Shinsa	40260	年月日	40013244	SMTC_TYPE05	4	初回
michiko.igarashi	SMTC_D_JUDG2_PM	2018/11/20 17:51:43.736	Frm_Dig0300_Shinsa	40270	00000	40013244	SMTC_TYPE05	4	初回
michiko.igarashi	SMTC_D_JUDG2_PM	2018/11/20 17:51:46.264	Frm_Dig0300_Shinsa	40290	あり	40013244	SMTC_TYPE05	4	初回
michiko.igarashi	SMTC_D_JUDG2_PM	2018/11/20 17:51:51.942	Frm_Dig0300_Shinsa	40300	年月日	40013244	SMTC_TYPE05	4	初回
michiko.igarashi	SMTC_D_JUDG2_PM	2018/11/20 17:52:34.749	Frm_Dig0300_Shinsa	40310	裏面なし／記載なし	40013244	SMTC_TYPE05	4	初回
michiko.igarashi	SMTC_D_JUDG2_PM	2018/11/20 17:52:36.855	Frm_Dig0300_Shinsa	40320	記載なし／裏面なし	40013244	SMTC_TYPE05	4	初回
michiko.igarashi	SMTC_D_JUDG2_PM	2018/11/20 17:53:26.245	Frm_Dig0300_Shinsa	40400	添付なし	40013244	SMTC_TYPE05	4	初回
michiko.igarashi	SMTC_D_JUDG2_PM	2018/11/20 17:53:33.499	Frm_Dig0300_Shinsa	40410	不一致	40013244	SMTC_TYPE05	4	初回
michiko.igarashi	SMTC_D_JUDG2_PM	2018/11/20 17:53:35.386	Frm_Dig0300_Shinsa	40430	なし	40013244	SMTC_TYPE05	4	初回
michiko.igarashi	SMTC_D_JUDG2_PM	2018/11/20 17:53:37.804	Frm_Dig0300_Shinsa	40440		40013244	SMTC_TYPE05	4	初回
michiko.igarashi	SMTC_D_JUDG2_PM	2018/11/20 17:53:42.547	Frm_Dig0300_Shinsa	40430	なし	40013244	SMTC_TYPE05	4	初回
michiko.igarashi	SMTC_D_JUDG2_PM	2018/11/20 17:53:44.622	Frm_Dig0300_Shinsa	40440	なし	40013244	SMTC_TYPE05	4	初回
michiko.igarashi	SMTC_D_JUDG2_PM	2018/11/20 17:53:54.028	Frm_Dig0300_Shinsa	40610	記載なし	40013244	SMTC_TYPE05	4	初回
michiko.igarashi	SMTC_D_JUDG2_PM	2018/11/20 17:53:58.584	Frm_Dig0300_Shinsa	40620	添付なし	40013244	SMTC_TYPE05	4	初回
michiko.igarashi	SMTC_D_JUDG2_PM	2018/11/20 17:54:01.461	Frm_Dig0300_Shinsa	END	二次審査終了	40013244	SMTC_TYPE05	4	初回
michiko.igarashi	SMTC_D_JUDG2_PM	2018/11/20 17:54:03.609	Frm_Dig0300_Shinsa	START	二次審査開始	40013245	SMTC_TYPE05	1	初回
michiko.igarashi	SMTC_D_JUDG2_PM	2018/11/20 17:54:05.995	Frm_Dig0300_Shinsa	40100	なし	40013245	SMTC_TYPE05	1	初回
michiko.igarashi	SMTC_D_JUDG2_PM	2018/11/20 17:54:09.006	Frm_Dig0300_Shinsa	40110	なし	40013245	SMTC_TYPE05	1	初回
michiko.igarashi	SMTC_D_JUDG2_PM	2018/11/20 17:54:11.643	Frm_Dig0300_Shinsa	40120	書類	40013245	SMTC_TYPE05	1	初回
michiko.igarashi	SMTC_D_JUDG2_PM	2018/11/20 17:54:17.695	Frm_Dig0300_Shinsa	40121	年月日	40013245	SMTC_TYPE05	1	初回
michiko.igarashi	SMTC_D_JUDG2_PM	2018/11/20 17:54:21.471	Frm_Dig0300_Shinsa	40130	書類添付なし	40013245	SMTC_TYPE05	1	初回
michiko.igarashi	SMTC_D_JUDG2_PM	2018/11/20 17:54:23.935	Frm_Dig0300_Shinsa	40170	JP：日本国	40013245	SMTC_TYPE05	1	初回
michiko.igarashi	SMTC_D_JUDG2_PM	2018/11/20 17:54:26.899	Frm_Dig0300_Shinsa	40190	書類	40013245	SMTC_TYPE05	1	初回
michiko.igarashi	SMTC_D_JUDG2_PM	2018/11/20 17:54:29.770	Frm_Dig0300_Shinsa	40200	一致	40013245	SMTC_TYPE05	1	初回
michiko.igarashi	SMTC_D_JUDG2_PM	2018/11/20 17:54:47.429	Frm_Dig0300_Shinsa	40210	一致	40013245	SMTC_TYPE05	1	初回
michiko.igarashi	SMTC_D_JUDG2_PM	2018/11/20 17:55:02.483	Frm_Dig0300_Shinsa	40220	不一致・見切れ・不鮮明	40013245	SMTC_TYPE05	1	初回
michiko.igarashi	SMTC_D_JUDG2_PM	2018/11/20 17:55:04.543	Frm_Dig0300_Shinsa	40230	なし	40013245	SMTC_TYPE05	1	初回
michiko.igarashi	SMTC_D_JUDG2_PM	2018/11/20 17:55:18.161	Frm_Dig0300_Shinsa	40250	年月日	40013245	SMTC_TYPE05	1	初回
michiko.igarashi	SMTC_D_JUDG2_PM	2018/11/20 17:55:24.542	Frm_Dig0300_Shinsa	40260	年月日	40013245	SMTC_TYPE05	1	初回
michiko.igarashi	SMTC_D_JUDG2_PM	2018/11/20 17:55:32.342	Frm_Dig0300_Shinsa	40270	00000	40013245	SMTC_TYPE05	1	初回
michiko.igarashi	SMTC_D_JUDG2_PM	2018/11/20 17:55:34.635	Frm_Dig0300_Shinsa	40290	あり	40013245	SMTC_TYPE05	1	初回
michiko.igarashi	SMTC_D_JUDG2_PM	2018/11/20 17:55:41.733	Frm_Dig0300_Shinsa	40300	年月日	40013245	SMTC_TYPE05	1	初回
michiko.igarashi	SMTC_D_JUDG2_PM	2018/11/20 17:55:45.508	Frm_Dig0300_Shinsa	40310	裏面なし／記載なし	40013245	SMTC_TYPE05	1	初回
michiko.igarashi	SMTC_D_JUDG2_PM	2018/11/20 17:55:46.678	Frm_Dig0300_Shinsa	40320	記載なし／裏面なし	40013245	SMTC_TYPE05	1	初回
michiko.igarashi	SMTC_D_JUDG2_PM	2018/11/20 17:55:51.858	Frm_Dig0300_Shinsa	40400	添付なし	40013245	SMTC_TYPE05	1	初回
michiko.igarashi	SMTC_D_JUDG2_PM	2018/11/20 17:56:00.625	Frm_Dig0300_Shinsa	40410	不一致	40013245	SMTC_TYPE05	1	初回
michiko.igarashi	SMTC_D_JUDG2_PM	2018/11/20 17:56:02.513	Frm_Dig0300_Shinsa	40440	なし	40013245	SMTC_TYPE05	1	初回
michiko.igarashi	SMTC_D_JUDG2_PM	2018/11/20 17:56:06.522	Frm_Dig0300_Shinsa	40610	記載なし	40013245	SMTC_TYPE05	1	初回
michiko.igarashi	SMTC_D_JUDG2_PM	2018/11/20 17:56:24.337	Frm_Dig0300_Shinsa	40620	添付なし	40013245	SMTC_TYPE05	1	初回
michiko.igarashi	SMTC_D_JUDG2_PM	2018/11/20 17:56:27.204	Frm_Dig0300_Shinsa	END	二次審査終了	40013245	SMTC_TYPE05	1	初回
michiko.igarashi	SMTC_D_JUDG2_PM	2018/11/20 17:56:28.687	Frm_Dig0300_Shinsa	START	二次審査開始	40013246	SMTC_TYPE05	2	初回
michiko.igarashi	SMTC_D_JUDG2_PM	2018/11/20 17:57:06.065	Frm_Dig0300_Shinsa	40100	なし	40013246	SMTC_TYPE05	2	初回
michiko.igarashi	SMTC_D_JUDG2_PM	2018/11/20 17:57:08.390	Frm_Dig0300_Shinsa	40110	なし	40013246	SMTC_TYPE05	2	初回
michiko.igarashi	SMTC_D_JUDG2_PM	2018/11/20 17:57:19.840	Frm_Dig0300_Shinsa	40120	書類	40013246	SMTC_TYPE05	2	初回
michiko.igarashi	SMTC_D_JUDG2_PM	2018/11/20 17:57:25.238	Frm_Dig0300_Shinsa	40121	年月日	40013246	SMTC_TYPE05	2	初回
michiko.igarashi	SMTC_D_JUDG2_PM	2018/11/20 17:57:28.295	Frm_Dig0300_Shinsa	40130	書類添付なし	40013246	SMTC_TYPE05	2	初回
michiko.igarashi	SMTC_D_JUDG2_PM	2018/11/20 17:57:30.589	Frm_Dig0300_Shinsa	40170	JP：日本国	40013246	SMTC_TYPE05	2	初回
michiko.igarashi	SMTC_D_JUDG2_PM	2018/11/20 17:57:33.896	Frm_Dig0300_Shinsa	40190	書類	40013246	SMTC_TYPE05	2	初回
michiko.igarashi	SMTC_D_JUDG2_PM	2018/11/20 17:57:36.532	Frm_Dig0300_Shinsa	40200	一致	40013246	SMTC_TYPE05	2	初回
michiko.igarashi	SMTC_D_JUDG2_PM	2018/11/20 17:57:39.528	Frm_Dig0300_Shinsa	40210	一致	40013246	SMTC_TYPE05	2	初回
michiko.igarashi	SMTC_D_JUDG2_PM	2018/11/20 17:57:44.598	Frm_Dig0300_Shinsa	40220	一致	40013246	SMTC_TYPE05	2	初回
michiko.igarashi	SMTC_D_JUDG2_PM	2018/11/20 17:57:50.338	Frm_Dig0300_Shinsa	40250	年月日	40013246	SMTC_TYPE05	2	初回
michiko.igarashi	SMTC_D_JUDG2_PM	2018/11/20 17:57:55.830	Frm_Dig0300_Shinsa	40260	年月日	40013246	SMTC_TYPE05	2	初回
michiko.igarashi	SMTC_D_JUDG2_PM	2018/11/20 17:58:07.592	Frm_Dig0300_Shinsa	40270	00000	40013246	SMTC_TYPE05	2	初回
michiko.igarashi	SMTC_D_JUDG2_PM	2018/11/20 17:58:10.634	Frm_Dig0300_Shinsa	40290	あり	40013246	SMTC_TYPE05	2	初回
michiko.igarashi	SMTC_D_JUDG2_PM	2018/11/20 17:58:20.525	Frm_Dig0300_Shinsa	40300	年月日	40013246	SMTC_TYPE05	2	初回
michiko.igarashi	SMTC_D_JUDG2_PM	2018/11/20 17:58:28.839	Frm_Dig0300_Shinsa	40310	裏面なし／記載なし	40013246	SMTC_TYPE05	2	初回
michiko.igarashi	SMTC_D_JUDG2_PM	2018/11/20 17:58:30.087	Frm_Dig0300_Shinsa	40320	記載なし／裏面なし	40013246	SMTC_TYPE05	2	初回
michiko.igarashi	SMTC_D_JUDG2_PM	2018/11/20 17:58:36.577	Frm_Dig0300_Shinsa	40400	添付あり	40013246	SMTC_TYPE05	2	初回
michiko.igarashi	SMTC_D_JUDG2_PM	2018/11/20 17:58:40.087	Frm_Dig0300_Shinsa	40410	一致	40013246	SMTC_TYPE05	2	初回
michiko.igarashi	SMTC_D_JUDG2_PM	2018/11/20 17:58:42.817	Frm_Dig0300_Shinsa	40440	あり	40013246	SMTC_TYPE05	2	初回
michiko.igarashi	SMTC_D_JUDG2_PM	2018/11/20 17:58:43.909	Frm_Dig0300_Shinsa	40450	一致	40013246	SMTC_TYPE05	2	初回
michiko.igarashi	SMTC_D_JUDG2_PM	2018/11/20 17:58:49.619	Frm_Dig0300_Shinsa	40610	記載なし	40013246	SMTC_TYPE05	2	初回
michiko.igarashi	SMTC_D_JUDG2_PM	2018/11/20 17:58:53.410	Frm_Dig0300_Shinsa	40620	添付なし	40013246	SMTC_TYPE05	2	初回
michiko.igarashi	SMTC_D_JUDG2_PM	2018/11/20 17:58:56.720	Frm_Dig0300_Shinsa	END	二次審査終了	40013246	SMTC_TYPE05	2	初回
michiko.igarashi	SMTC_D_JUDG2_PM	2018/11/20 17:58:59.060	Frm_Dig0300_Shinsa	START	二次審査開始	40013248	SMTC_TYPE05	1	初回
michiko.igarashi	SMTC_D_JUDG2_PM	2018/11/20 18:11:35.408	Frm_Dig0300_Shinsa	40100	なし	40013248	SMTC_TYPE05	1	初回
michiko.igarashi	SMTC_D_JUDG2_PM	2018/11/20 18:11:39.417	Frm_Dig0300_Shinsa	40110	なし	40013248	SMTC_TYPE05	1	初回
michiko.igarashi	SMTC_D_JUDG2_PM	2018/11/20 18:11:42.646	Frm_Dig0300_Shinsa	40120	書類	40013248	SMTC_TYPE05	1	初回
michiko.igarashi	SMTC_D_JUDG2_PM	2018/11/20 18:11:48.075	Frm_Dig0300_Shinsa	40121	年月日	40013248	SMTC_TYPE05	1	初回
michiko.igarashi	SMTC_D_JUDG2_PM	2018/11/20 18:11:51.507	Frm_Dig0300_Shinsa	40130	書類添付なし	40013248	SMTC_TYPE05	1	初回
michiko.igarashi	SMTC_D_JUDG2_PM	2018/11/20 18:11:54.143	Frm_Dig0300_Shinsa	40170	JP：日本国	40013248	SMTC_TYPE05	1	初回
michiko.igarashi	SMTC_D_JUDG2_PM	2018/11/20 18:11:59.385	Frm_Dig0300_Shinsa	40190	書類	40013248	SMTC_TYPE05	1	初回
michiko.igarashi	SMTC_D_JUDG2_PM	2018/11/20 18:12:05.110	Frm_Dig0300_Shinsa	40200	一致	40013248	SMTC_TYPE05	1	初回
michiko.igarashi	SMTC_D_JUDG2_PM	2018/11/20 18:12:08.776	Frm_Dig0300_Shinsa	40210	一致	40013248	SMTC_TYPE05	1	初回
michiko.igarashi	SMTC_D_JUDG2_PM	2018/11/20 18:12:19.291	Frm_Dig0300_Shinsa	40220	一致	40013248	SMTC_TYPE05	1	初回
michiko.igarashi	SMTC_D_JUDG2_PM	2018/11/20 18:12:26.061	Frm_Dig0300_Shinsa	40250	年月日	40013248	SMTC_TYPE05	1	初回
michiko.igarashi	SMTC_D_JUDG2_PM	2018/11/20 18:12:32.333	Frm_Dig0300_Shinsa	40260	年月日	40013248	SMTC_TYPE05	1	初回
michiko.igarashi	SMTC_D_JUDG2_PM	2018/11/20 18:12:43.284	Frm_Dig0300_Shinsa	40270	00000	40013248	SMTC_TYPE05	1	初回
michiko.igarashi	SMTC_D_JUDG2_PM	2018/11/20 18:12:47.106	Frm_Dig0300_Shinsa	40290	あり	40013248	SMTC_TYPE05	1	初回
michiko.igarashi	SMTC_D_JUDG2_PM	2018/11/20 18:13:08.962	Frm_Dig0300_Shinsa	40300	年月日	40013248	SMTC_TYPE05	1	初回
michiko.igarashi	SMTC_D_JUDG2_PM	2018/11/20 18:13:15.654	Frm_Dig0300_Shinsa	40310	裏面なし／記載なし	40013248	SMTC_TYPE05	1	初回
michiko.igarashi	SMTC_D_JUDG2_PM	2018/11/20 18:13:16.824	Frm_Dig0300_Shinsa	40320	記載なし／裏面なし	40013248	SMTC_TYPE05	1	初回
michiko.igarashi	SMTC_D_JUDG2_PM	2018/11/20 18:13:20.849	Frm_Dig0300_Shinsa	40610	記載なし	40013248	SMTC_TYPE05	1	初回
michiko.igarashi	SMTC_D_JUDG2_PM	2018/11/20 18:13:30.958	Frm_Dig0300_Shinsa	40620	添付なし	40013248	SMTC_TYPE05	1	初回
michiko.igarashi	SMTC_D_JUDG2_PM	2018/11/20 18:13:34.435	Frm_Dig0300_Shinsa	END	二次審査終了	40013248	SMTC_TYPE05	1	初回
